AircraftDesignation,Overview_Manufacturer,Overview_AlternateDesignation,Overview_Monikers,Overview_Description,Overview_Family,Overview_SubFamily,Overview_PayloadType,Overview_NumSold,Overview_NumCrew,Overview_NumAttendants,Overview_References,Overview_Aisle,Overview_RangeCapability,Overview_ModelType,Overview_PassengerType,Settings_TkoPoints,Settings_ClbPoints,Settings_CrsPoints,Settings_DesPoints,Settings_Plotting,Settings_DataTypeValidation,TLAR_EIS,TLAR_MaxPax,TLAR_Pax,TLAR_Class,TLAR_ADG,TLAR_ADGPercent,TLAR_ADGLimitor,Propulsion_EngineDesignation,Propulsion_AlternateEngines,Propulsion_NumEngines,Performance_Range,Performance_TOFL,Performance_RCMax,Weight_Cargo,Weight_MRW,Weight_MTOW,Weight_MLW,Weight_MZFW,Weight_OEW,Weight_Fuel,Weight_Airframe,Weight_OEW_MTOW,Weight_MZFW_MTOW,Weight_EngFrac,Weight_FuelFrac,Weight_Batt,Weight_EM,Weight_EG,Weight_Payload,Weight_Burden,Weight_Structure_Burden,Aero_Span,Aero_Length,Aero_Height,Aero_TipChord,Aero_Sweep,Aero_RootChord,Aero_S,Aero_WingtipDevice,Aero_MAC,Aero_TaperRatio,Aero_AR,OEW_MaxIter,OEW_Tol,Analysis_MaxIter,Analysis_Type,Thrust_SLS,Thrust_Max,Thrust_Crs,Fuel_Type,Fuel_Density,Fuel_CapUsable,Fuel_CapUnusable,Engine_Manufacturer,Engine_EIS,Engine_AlternateDesignation,Engine_Description,Engine_NumSold,Engine_Thrust_Max,Engine_Thrust_SLS,Engine_Thrust_Crs,Engine_FPR,Engine_BPR,Engine_OPR_SLS,Engine_OPR_Crs,Engine_Mach_Crs,Engine_Alt_Crs,Engine_DryWeight,Engine_DiamFan,Engine_Width,Engine_Height,Engine_Length,Engine_TSFC_SLS,Engine_TSFC_Crs,Engine_FanStages,Engine_GearStages,Engine_GearRatio,Engine_LPCStages,Engine_IPCStages,Engine_HPCStages,Engine_RCStages,Engine_HPTStages,Engine_IPTStages,Engine_LPTStages,Engine_HP100,Engine_IP100,Engine_LP100,Engine_HPContPer,Engine_IPContPer,Engine_LPContPer,Engine_Airflow_SLS,Engine_Airflow_Crs,Engine_TurbExitTemp,Engine_TurbEntryTemp,Engine_References,Engine_PresPerStage,Engine_DataTypeValidation,T_W_SLS,Arch_Type,Eta_Prop,Vels_MaxOp,Vels_Crs,Vels_Tko,Alts_Crs,Alts_Tko,L_D_CrsBRE,L_D_Crs,L_D_Clb,L_D_Des,L_D_CrsMAC,L_D_CrsMAC2,W_S_SLS,SpecEnergy_Fuel,SpecEnergy_Batt,Eta_EM,Eta_EG,Phi_SLS,Phi_Tko,Phi_Clb,Phi_Crs,Phi_Des,Phi_Lnd,P_W_AC,P_W_EM,P_W_EG
A340_211,Airbus,N/A,N/A,"Four turbofan, long range, double aisle, large category airplane",A340,A340-200,Passenger,28,2,,"EASA TCDS EASA.A.015,  A340-200/-300 AIRCRAFT CHARACTERISTICS
AIRPORT AND MAINTENANCE PLANNING,AIRBUS BROCHURE ",Double,Long Range,Baseline,Commercial,,,,,0,Training,1992,375,303,Turbofan,V,0.924460961,Wingspan,CFM56_5C2,"CFM56_5C2/4
CFM56_5C2/F
CFM56_5C2/F4
CFM56_5C2/G
CFM56_5C2/G4
CFM56_5C2/P",4,12400000,,,0,260900,260000,181000,169000,127000,,116422.4,0.488461538,0.65,0.040683077,,35625,,,,,,60.3,59.39,16.83,2.5,30,10.5,361.6,Canted,7.27,0.238095238,10.05555863,,,,1,503520,555120,123036,Jet A,0.785,138638,334,CFM International,1988,,"turbofan, dual spool, high bypass",,138780,125880,30759,,6.6,32.6,,0.8,10668,2644.4,1.735,1.908,2.105,2.5997,0.38,0.67,1,0,,3,0,9,0,1,0,4,15183,,4800,0.952380952,,0.997008973,,,915,,"EASA TCDS E.003, Roux",1.307378546,Training,0.217642908,C,,0.86,0.82,,12530,0,,20.31746233,,,19.73363716,21.20006198,719.0265487,12,,,,0,0,0,0,0,0,,,
A340_212,Airbus,N/A,N/A,"Four turbofan, long range, double aisle, large category airplane",A340,A340-200,Passenger,28,2,,"EASA TCDS EASA.A.015,  A340-200/-300 AIRCRAFT CHARACTERISTICS
AIRPORT AND MAINTENANCE PLANNING",Double,Long Range,Variant,Commercial,,,,,0,Training,1994,375,303,Turbofan,V,0.924460961,Wingspan,CFM56_5C3_F,"CFM56_5C3/F4
CFM56_5C3/G
CFM56_5C3/G4
CFM56_5C3/P",4,12400000,,,0,260900,260000,181000,169000,127000,,116422.4,0.488461538,0.65,0.040683077,,35625,,,,,,60.3,59.39,16.83,2.5,30,10.5,361.6,Canted,7.27,0.238095238,10.05555863,,,,1,503520,555120,,Jet A,0.785,138638,334,CFM International,1992,,"turbofan, dual spool, high bypass",,138780,125880,,,6.5,32.6,,0.8,,2644.4,1.836,1.908,2.105,2.5997,0.32,0.55,1,0,,4,0,9,0,1,0,5,15183,,4800,0.952380952,,0.997008973,,,930,,"EASA TCDS E.003, Roux",1.282587407,Training,0.217642908,C,,0.86,0.82,,12530,0,,,,,19.73363716,21.20006198,719.0265487,12,,,,0,0,0,0,0,0,,,
A340_213,Airbus,N/A,N/A,"Four turbofan, long range, double aisle, large category airplane",A340,A340-200,Passenger,28,2,,"EASA TCDS EASA.A.015,  A340-200/-300 AIRCRAFT CHARACTERISTICS
AIRPORT AND MAINTENANCE PLANNING",Double,Long Range,Variant,Commercial,,,,,0,Training,1995,375,303,Turbofan,V,0.924460961,Wingspan,CFM56_5C4,,4,12400000,,,0,275900,275000,185000,173000,127000,,116422.4,0.461818182,0.629090909,0.038464,,35625,,,,,,60.3,59.39,16.83,2.5,30,10.5,361.6,Canted,7.27,0.238095238,10.05555863,,,,1,534840,604960,126329.48,Jet A,0.785,138638,334,CFM International,1993,,"turbofan, dual spool, high bypass",,151240,133710,31582.37,,6.4,33.9,,0.8,10668,2644.4,1.836,1.908,2.105,2.5997,0.33,0.55,1,0,,4,0,9,0,1,0,5,15183,,4985,0.952380952,,0.959692898,,,940,,"EASA TCDS E.003, Roux",1.286174747,Training,0.224246131,C,,0.86,0.82,,12530,0,,20.92937714,,,19.73363716,21.20006198,760.5088496,12,,,,0,0,0,0,0,0,,,
A340_311,Airbus,N/A,N/A,"Four turbofan, long range, double aisle, large category airplane",A340,A340-300,Passenger,218,2,,"EASA TCDS EASA.A.015,  A340-200/-300 AIRCRAFT CHARACTERISTICS
AIRPORT AND MAINTENANCE PLANNING",Double,Long Range,Baseline,Commercial,,,,,0,Validation,1992,375,335,Turbofan,V,0.924460961,Wingspan,CFM56_5C2,,4,13500000,,,0,260900,260000,188000,178000,131215,,120637.4,0.504673077,0.684615385,0.040683077,,35625,,,,,,60.3,63.69,16.99,2.5,30,10.5,361.6,Canted,7.27,0.238095238,10.05555863,,,,1,503520,555120,123036,Jet A,0.785,138638,334,CFM International,1988,,"turbofan, dual spool, high bypass",,138780,125880,30759,,6.6,32.6,,0.8,10668,2644.4,1.735,1.908,2.105,2.5997,0.38,0.67,1,0,,3,0,9,0,1,0,4,15183,,4800,0.952380952,,0.997008973,,,915,,"EASA TCDS E.003, Roux",1.307378546,Training,0.217642908,C,,0.86,0.82,,12630,0,,20.31746233,,,19.67462615,21.13666581,719.0265487,12,,,,0,0,0,0,0,0,,,
A340_312,Airbus,N/A,N/A,"Four turbofan, long range, double aisle, large category airplane",A340,A340-300,Passenger,218,2,,"EASA TCDS EASA.A.015,  A340-200/-300 AIRCRAFT CHARACTERISTICS
AIRPORT AND MAINTENANCE PLANNING",Double,Long Range,Variant,Commercial,,,,,0,Training,1994,375,335,Turbofan,V,0.924460961,Wingspan,CFM56_5C3_F,,4,13500000,,,0,260900,260000,188000,178000,131215,,120637.4,0.504673077,0.684615385,0.040683077,,35625,,,,,,60.3,63.69,16.99,2.5,30,10.5,361.6,Canted,7.27,0.238095238,10.05555863,,,,1,503520,555120,,Jet A,0.785,138638,334,CFM International,1992,,"turbofan, dual spool, high bypass",,138780,125880,,,6.5,32.6,,0.8,,2644.4,1.836,1.908,2.105,2.5997,0.32,0.55,1,0,,4,0,9,0,1,0,5,15183,,4800,0.952380952,,0.997008973,,,930,,"EASA TCDS E.003, Roux",1.282587407,Training,0.217642908,C,,0.86,0.82,,12630,0,,,,,19.67462615,21.13666581,719.0265487,12,,,,0,0,0,0,0,0,,,
A340_313,Airbus,N/A,N/A,"Four turbofan, long range, double aisle, large category airplane",A340,A340-300,Passenger,218,2,,"EASA TCDS EASA.A.015,  A340-200/-300 AIRCRAFT CHARACTERISTICS
AIRPORT AND MAINTENANCE PLANNING",Double,Long Range,Variant,Commercial,,,,,0,Training,1995,375,335,Turbofan,V,0.924460961,Wingspan,CFM56_5C4,,4,13500000,,,0,277400,276500,192000,183000,131215,,120637.4,0.474556962,0.661844485,0.038255335,,35625,,,,,,60.3,63.69,16.99,2.5,30,10.5,361.6,Canted,7.27,0.238095238,10.05555863,,,,1,534840,604960,126329.48,Jet A,0.785,138638,334,CFM International,1993,,"turbofan, dual spool, high bypass",,151240,133710,31582.37,,6.4,33.9,,0.8,10668,2644.4,1.836,1.908,2.105,2.5997,0.33,0.55,1,0,,4,0,9,0,1,0,5,15183,,4985,0.952380952,,0.959692898,,,940,,"EASA TCDS E.003, Roux",1.286174747,Training,0.223029606,C,,0.86,0.82,,12630,0,,21.04353738,,,19.67462615,21.13666581,764.6570796,12,,,,0,0,0,0,0,0,,,
A340_541,Airbus,N/A,N/A,"Four turbofan, long range, double aisle, large category airplane",A340,A340-500,Passenger,34,2,,"EASA TCDS EASA.A.015,  A340-500/-600 AIRCRAFT CHARACTERISTICS
AIRPORT AND MAINTENANCE PLANNING",Double,Long Range,Baseline,Commercial,,,,,0,Training,2002,375,313,Turbofan,V,0.972753698,Wingspan,RB211_Trent_553_61,RB211_Trent_553_61,4,16670000,,,0,381200,380000,246000,232000,175377,,155417,0.461518421,0.610526316,0.052526316,,35625,,,,,,63.45,67.93,17.53,2.67,,12.18,,Canted,8.37,0.219211823,,,,,1,789200,992400,,Jet A,0.785,130806,332,Rolls Royce,2000,,triple spool high bypass turbofan,,248100,197300,,,8.5,35,,0.8,9144,4990,2.474,3.374,3.374,4.689,,0.542,1,0,,0,8,6,0,1,1,5,13300,9100,3900,94.5,95.1,98.2,837.8,,850,,"Roux
EASA E060
RR Trent Infographic
RR Trent Product Sheet
GTEngines Aviation Weekly 2008",1.267470528,Training,0.266215999,C,,0.86,0.82,,12630,0,,,,,,,,12,,,,0,0,0,0,0,0,,,
A340_542,Airbus,N/A,N/A,"Four turbofan, long range, double aisle, large category airplane",A340,A340-500,Passenger,34,2,,"EASA TCDS EASA.A.015,  A340-500/-600 AIRCRAFT CHARACTERISTICS
AIRPORT AND MAINTENANCE PLANNING",Double,Long Range,Variant,Commercial,,,,,0,Training,2007,375,313,Turbofan,V,0.972753698,Wingspan,RB211_Trent_556A2_61,RB211_Trent_556A2_61,4,16670000,,,0,381200,380000,246000,232000,175377,,155417,0.461518421,0.610526316,0.052526316,,35625,,,,,,63.45,67.93,17.53,2.67,,12.18,,Canted,8.37,0.219211823,,,,,1,789200,1040000,,Jet A,0.785,130806,332,Rolls Royce,2003,,triple spool high bypass turbofan,,260000,197300,,,8.5,35,,0.8,9144,4990,2.474,3.374,3.374,4.689,,0.542,1,0,,0,8,6,0,1,1,5,13300,9100,3900,94.5,95.1,98.2,858.2,,850,,"Roux
EASA E060
RR Trent Infographic
RR Trent Product Sheet
GTEngines Aviation Weekly 2008",1.267470528,Training,0.278984924,C,,0.86,0.82,,12630,0,,,,,,,,12,,,,0,0,0,0,0,0,,,
A340_642,Airbus,N/A,N/A,"Four turbofan, long range, double aisle, large category airplane",A340,A340-600,Passenger,97,2,,"EASA TCDS EASA.A.015,  A340-500/-600 AIRCRAFT CHARACTERISTICS
AIRPORT AND MAINTENANCE PLANNING",Double,Long Range,Baseline,Commercial,,,,,0,Training,2002,440,384,Turbofan,V,0.972753698,Wingspan,RB211_Trent_556_61,RB211_Trent_556_61,4,14450000,,,0,381200,380000,265000,251000,181606,,161646,0.477910526,0.660526316,0.052526316,,41800,,,,,,63.45,75.36,17.93,2.67,,12.18,,Canted,8.37,0.219211823,,,,,1,789200,1040000,,Jet A,0.785,130806,332,Rolls Royce,2000,,triple spool high bypass turbofan,,260000,197300,,,8.5,35,,0.8,9144,4990,2.474,3.374,3.374,4.689,,0.542,1,0,,0,8,6,0,1,1,5,13300,9100,3900,94.5,95.1,98.2,858.2,,850,,"Roux
EASA E060
RR Trent Infographic
RR Trent Product Sheet
GTEngines Aviation Weekly 2008",1.267470528,Training,0.278984924,C,,0.86,0.82,,12630,0,,,,,,,,12,,,,0,0,0,0,0,0,,,
A340_643,Airbus,N/A,N/A,"Four turbofan, long range, double aisle, large category airplane",A340,A340-600,Passenger,97,2,,"EASA TCDS EASA.A.015,  A340-500/-600 AIRCRAFT CHARACTERISTICS
AIRPORT AND MAINTENANCE PLANNING",Double,Long Range,Variant,Commercial,,,,,0,Training,2006,440,384,Turbofan,V,0.972753698,Wingspan,RB211_Trent_560A2_61,RB211_Trent_560A2_61,4,14450000,,,0,381200,380000,265000,251000,181606,,161646,0.477910526,0.660526316,0.052526316,,41800,,,,,,63.45,75.36,17.93,2.67,,12.18,,Canted,8.37,0.219211823,,,,,1,789200,1101200,,Jet A,0.785,130806,332,Rolls Royce,2003,,triple spool high bypass turbofan,,275300,197300,,,8.5,35,,0.8,9144,4990,2.474,3.374,3.374,4.689,,0.542,1,0,,0,8,6,0,1,1,5,13300,9100,3900,94.5,95.1,98.2,860.4647,,850,,"Roux
EASA E060
RR Trent Infographic
RR Trent Product Sheet
GTEngines Aviation Weekly 2008",1.267470528,Training,0.295402114,C,,0.86,0.82,,12630,0,,,,,,,,12,,,,0,0,0,0,0,0,,,
A350_941,Airbus,N/A,N/A,"Two turbofan, long range, double aisle, large category airplane",A350,A340-900,Passenger,763,2,8,"EASA TCDS No. EASA.A.151, A350 AIRCRAFT CHARACTERISTICS AIRPORT AND  MAINTENANCE PLANNING MANUAL",Double,Long Range,Baseline,Commercial,,,,,0,Training,2014,440,315,Turbofan,V,0.992684034,Wingspan,Trent_XWB_84,Trent_XWB_84,2,15927000,2800,,0,280900,280000,207000,195700,141700,,127146,0.506071429,0.698928571,0.051978571,,41800,,,,,,64.75,66.8,17.05,,,7.86,,Blended,,,,,,,1,635200,749000,,Jet A,0.785,140795,,Rolls Royce,2013,,triple spool high bypass turbofan,,374500,317600,,,9.6,50,,,,7277,2.9972,4.002,4.002,4.483,,0.4777,1,0,,0,8,6,0,1,2,6,12600,8200,2700,96.4,98.5,96.8,,,850,2000,"EASA E111
Trent XWB Infographic
RR Website",1.297970037,Training,0.272680938,C,,,0.85,,13136,0,,,,,,,,12,,,,0,0,0,0,0,0,,,
A350_942,Airbus,A350_941,N/A,"Two turbofan, long range, double aisle, large category airplane",A350,A340-900,Passenger,763,2,8,"EASA TCDS No. EASA.A.151, A350 AIRCRAFT CHARACTERISTICS AIRPORT AND  MAINTENANCE PLANNING MANUAL",Double,Long Range,Variant,Commercial,,,,,0,Validation,2014,440,315,Turbofan,V,0.992684034,Wingspan,Trent_XWB_75,Trent_XWB_75,2,,2800,,0,255900,255000,207000,195700,,,,,0.76745098,0.05707451,,41800,,,,,,64.75,66.8,17.05,,,7.86,,Blended,,,,,,,1,592600,660000,,Jet A,0.785,140795,,Rolls Royce,2013,,triple spool high bypass turbofan,,330000,296300,,,9.6,50,,,,7277,2.9972,4.002,4.002,4.483,,0.4777,1,0,,0,8,6,0,1,2,6,12600,8200,2700,96.4,98.5,96.8,,,850,2000,"EASA E111
Trent XWB Infographic
RR Website",1.297970037,Training,0.263836421,C,,,0.85,,13136,0,,,,,,,,12,,,,0,0,0,0,0,0,,,
A350_1041,Airbus,N/A,N/A,"Two turbofan, long range, double aisle, large category airplane",A350,A340-1000,Passenger,224,,,"EASA TCDS No. EASA.A.151, A350 AIRCRAFT CHARACTERISTICS AIRPORT AND  MAINTENANCE PLANNING MANUAL",Double,Long Range,Baseline,Commercial,,,,,0,Training,2017,440,366,Turbofan,V,0.992684034,Wingspan,Trent_XWB_97,,2,15387443.45,,,0,316900,316000,236000,223000,155775.3304,,140677.3304,0.492959906,0.705696203,0.047778481,,41800,,,,,,64.75,73.79,17.08,,,,,Blended,,,,,,,1,739200,863000,,Jet A,0.785,156000,,Rolls Royce,2017,,triple spool high bypass turbofan,,431500,369600,,,9.6,50,,,,7549,2.9972,4.002,4.002,4.483,,0.4777,1,0,,0,8,6,0,1,2,6,12600,8200,2700,98.5,100,102.4,,,850,2000,"EASA E111
Trent XWB Infographic
RR Website",1.297970037,Training,0.278390689,C,,,,,12633.96,0,,,,,,,,12,,,,0,0,0,0,0,0,,,
A300_B1,Airbus,N/A,N/A,"Twin _engine, double aisle_body, short range carrier",A300,A300-B1,Passenger,,3,7,"EASA TCDS No. EASA.A.172, A300 AIRCRAFT CHARACTERISTICS AIRPORT AND  MAINTANENCE PLANNING MANUAL",Double,Short Range,Baseline,Commercial,,,,,0,Training,1974,323,,Turbofan,,,,CF6_50A,CF6_50C,2,,,,0,137900,137000,122000,116500,,34000,,,0.850364964,0.05843727,0.248175182,30685,,,,72690.906,0.884692426,,,,,,,,No Wingtip Device,6.608064,,,,,,1,412000,430000,,,0.782,43478.26087,66.49616368,General Electric,1972,,"turbofan, two_spool, high bypass",,215293.93,205952.66,,1.69,4.4,28.6,,0.8,10668,4002.953,2.195,2.3876,2.667,4.6482,0.39,0.65,1,0,,3,0,14,0,2,0,4,10761,,4102,0.913242009,,0.836820084,655,,875,,"Roux, FAA TCDS E23EA",1.204784091,Training,0.319947618,C,,0.86,,,12200,0,,,,,,,,12,,,,0,0,0,0,0,0,,,
A300_B2_1A,Airbus,N/A,N/A,"Twin _engine, double aisle_body, short range carrier",A300,A300-B2,Passenger,,3,7,"EASA TCDS No. EASA.A.172, A300 AIRCRAFT CHARACTERISTICS AIRPORT AND  MAINTANENCE PLANNING MANUAL",Double,,Baseline,Commercial,,,,,0,Training,1974,345,269,Turbofan,IV,0.913167104,TailHeight,CF6_50A,,2,3700000,,,0,137900,137000,127500,116500,85910,34000,77904.094,0.627080292,0.850364964,0.05843727,0.248175182,32775,,,,74780.906,0.832018457,44.83,53.61,16.7,,,,,No Wingtip Device,6.608064,,,,,,1,412000,430000,,,0.782,43478.26087,66.49616368,General Electric,1972,,"turbofan, two_spool, high bypass",,215293.93,205952.66,,1.69,4.4,28.6,,0.8,10668,4002.953,2.195,2.3876,2.667,4.6482,0.39,0.65,1,0,,3,0,14,0,2,0,4,10761,,4102,0.913242009,,0.836820084,655,,875,,"Roux, FAA TCDS E23EA",1.204784091,Training,0.319947618,C,,0.86,0.78,,12200,0,10.18012701,,,,,,,12,,,,0,0,0,0,0,0,,,
A300_B2_1C,Airbus,N/A,N/A,"Twin _engine, double aisle_body, short range carrier",A300,A300-B2,Passenger,,3,7,"EASA TCDS No. EASA.A.172, A300 AIRCRAFT CHARACTERISTICS AIRPORT AND  MAINTANENCE PLANNING MANUAL",Double,,Variant,Commercial,,,,,0,Validation,1974,345,269,Turbofan,IV,0.913167104,TailHeight,CF6_50C,CF6_50C2R,2,3700000,,,0,137900,137000,127500,116500,85910,34000,77776.182,0.627080292,0.850364964,0.059370934,0.248175182,32775,,,,74908.818,0.828890158,44.83,53.61,16.7,,,,,No Wingtip Device,6.608064,,,,,,1,412000,448000,98750,,0.782,43478.26087,66.49616368,General Electric,1973,,"turbofan, two_spool, high bypass",,224190.37,205952.66,49375,,4.26,29.3,,0.8,10668,4066.909,2.195,2.3876,2.667,4.6482,0.39,0.66,1,0,,3,0,14,0,2,0,4,10761,,4102,0.913242009,,0.836820084,658.2,,910,,"Roux, FAA TCDS E23EA",1.206403659,Training,0.333340774,C,,0.86,0.78,,12200,0,10.33674435,13.33864707,,,,,,12,,,,0,0,0,0,0,0,,,
A300_B2K_3C,Airbus,N/A,N/A,"Twin _engine, double aisle_body, short range carrier",A300,A300-B2,Passenger,,3,7,"EASA TCDS No. EASA.A.172, A300 AIRCRAFT CHARACTERISTICS AIRPORT AND  MAINTANENCE PLANNING MANUAL",Double,,Variant,Commercial,,,,,0,Training,1976,345,269,Turbofan,IV,0.913167104,TailHeight,CF6_50C,CF6_50C2R,2,3500000,,,0,142900,142000,130000,120500,86275,34000,78141.182,0.607570423,0.848591549,0.057280408,0.23943662,32775,,,,74908.818,0.895637974,44.83,53.61,16.7,,,,,No Wingtip Device,6.608064,,,,,,1,412000,448000,98750,,0.782,43478.26087,66.49616368,General Electric,1973,,"turbofan, two_spool, high bypass",,224190.37,205952.66,49375,,4.26,29.3,,0.8,10668,4066.909,2.195,2.3876,2.667,4.6482,0.39,0.66,1,0,,3,0,14,0,2,0,4,10761,,4102,0.913242009,,0.836820084,658.2,,910,,"Roux, FAA TCDS E23EA",1.206403659,Training,0.321603423,C,,0.86,0.78,,12200,0,10.19085254,13.825459,,,,,,12,,,,0,0,0,0,0,0,,,
A300_B2_202,Airbus,N/A,N/A,"Twin _engine, double aisle_body, short range carrier",A300,A300-B2,Passenger,,3,7,"EASA TCDS No. EASA.A.172, A300 AIRCRAFT CHARACTERISTICS AIRPORT AND  MAINTANENCE PLANNING MANUAL",Double,,Variant,Commercial,,,,,0,Training,1978,345,269,Turbofan,IV,0.913167104,TailHeight,CF6_50C1,,2,3500000,,,0,142900,142000,130000,120500,86275,34000,78141.182,0.607570423,0.848591549,0.057280408,0.23943662,32775,,,,74908.818,0.895637974,44.83,53.61,16.7,,,,,No Wingtip Device,6.608064,,,,,,1,412000,461000,102798,,0.782,43478.26087,66.49616368,General Electric,1976,,"turbofan, two_spool, high bypass",,230417.88,205952.66,51399,,4.24,30.1,,0.8,10668,4066.909,2.195,2.3876,2.667,4.6482,0.37,0.66,1,0,,3,0,14,0,2,0,4,10761,,4102,0.913242009,,0.836820084,666.8,,910,,"Roux, FAA TCDS E23EA",1.208210437,Training,0.330935665,C,,0.86,0.78,,12200,0,10.19085254,13.28103734,,,,,,12,,,,0,0,0,0,0,0,,,
A300_B2_203,Airbus,N/A,N/A,"Twin _engine, double aisle_body, short range carrier",A300,A300-B2,Passenger,,2,7,"EASA TCDS No. EASA.A.172, A300 AIRCRAFT CHARACTERISTICS AIRPORT AND  MAINTANENCE PLANNING MANUAL",Double,,Variant,Commercial,,,,,0,Validation,1980,345,269,Turbofan,IV,0.913167104,TailHeight,CF6_50C2,CF6_50C2D,2,3500000,,,0,142900,142000,130000,120500,86275,34000,78141.182,0.607570423,0.848591549,0.057280408,0.23943662,32775,,,,74908.818,0.895637974,44.83,53.61,16.7,,,,,No Wingtip Device,6.608064,,,,,,1,412000,461000,102798,,0.782,43478.26087,66.49616368,General Electric,1978,,"turbofan, two_spool, high bypass",,230417.88,205952.66,51399,,4.31,30.4,,0.8,10668,4066.909,2.195,2.3876,2.667,4.6482,0.37,0.63,1,0,,3,0,14,0,2,0,4,10761,,4102,0.913242009,,0.836820084,669.5,,910,,"Roux, FAA TCDS E23EA",1.208876307,Training,0.330935665,C,,0.86,0.78,,12200,0,9.727631969,13.28103734,,,,,,12,,,,0,0,0,0,0,0,,,
A300_B2_320,Airbus,N/A,N/A,"Twin _engine, double aisle_body, short range carrier",A300,A300-B2,Passenger,,3,7,"EASA TCDS No. EASA.A.172, A300 AIRCRAFT CHARACTERISTICS AIRPORT AND  MAINTANENCE PLANNING MANUAL",Double,,Variant,Commercial,,,,,0,Training,1980,345,269,Turbofan,,,,JT9D_59A,,2,3750000,,,0,142900,142000,136000,126000,,,,,0.887323944,0.058391972,,32775,,,,,,,,,,,,,No Wingtip Device,6.608064,,,,,,1,398400,460300,106312,,0.782,43478.26087,120.2046036,Pratt & Whitney ,1974,,"turbofan, dual axial 16 stage compressor",,230062.02,199146.88,53156,,4.9,24.5,,0.85,10668,4145.83,2.428,2.47,2.47,3.92,0.37,0.63,1,0,,4,0,11,0,2,0,4,8011,,3780,,,,743.4,,650,,Roux / JT9D E3NE TCDS,1.221301471,Training,0.33043316,C,,0.86,0.78,,12200,0,,12.84205054,,,,,,12,,,,0,0,0,0,0,0,,,
A300_B4_2C,Airbus,N/A,N/A,"Twin_engine, double aisle_body, medium range carrier",A300,A300-B4,Passenger,,3,7,"EASA TCDS No. EASA.A.172, A300 AIRCRAFT CHARACTERISTICS AIRPORT AND  MAINTANENCE PLANNING MANUAL",Double,,Baseline,Commercial,,,,,0,Training,1975,345,269,Turbofan,IV,0.914260717,TailHeight,CF6_50C,CF6_50C2R,2,5125000,,,0,150900,150000,133000,122000,88180,45000,80046.182,0.587866667,0.813333333,0.054225453,0.3,32775,,,,85908.818,0.746037293,44.83,53.61,16.72,,,,,No Wingtip Device,6.608064,,,,,,1,412000,448000,98750,,0.782,57544.75703,242.9667519,General Electric,1973,,"turbofan, two_spool, high bypass",,224190.37,205952.66,49375,,4.26,29.3,,0.8,10668,4066.909,2.195,2.3876,2.667,4.6482,0.39,0.66,1,0,,3,0,14,0,2,0,4,10761,,4102,0.913242009,,0.836820084,658.2,,910,,"Roux, FAA TCDS E23EA",1.206403659,Training,0.30445124,C,,0.86,0.78,,12200,0,11.45069699,14.6043581,,,,,,12,,,,0,0,0,0,0,0,,,
A300_B4_102,Airbus,N/A,N/A,"Twin_engine, double aisle_body, medium range carrier",A300,A300-B4,Passenger,,3,7,"EASA TCDS No. EASA.A.172, A300 AIRCRAFT CHARACTERISTICS AIRPORT AND  MAINTANENCE PLANNING MANUAL",Double,,Variant,Commercial,,,,,0,Training,1977,345,269,Turbofan,IV,0.914260717,TailHeight,CF6_50C1,,2,5125000,,,0,150900,150000,133000,122000,88180,45000,80046.182,0.587866667,0.813333333,0.054225453,0.3,32775,,,,85908.818,0.746037293,44.83,53.61,16.72,,,,,No Wingtip Device,6.608064,,,,,,1,412000,461000,102798,,0.782,57544.75703,242.9667519,General Electric,1976,,"turbofan, two_spool, high bypass",,230417.88,205952.66,51399,,4.24,30.1,,0.8,10668,4066.909,2.195,2.3876,2.667,4.6482,0.37,0.66,1,0,,3,0,14,0,2,0,4,10761,,4102,0.913242009,,0.836820084,666.8,,910,,"Roux, FAA TCDS E23EA",1.208210437,Training,0.313285763,C,,0.86,0.78,,12200,0,11.45069699,14.0292648,,,,,,12,,,,0,0,0,0,0,0,,,
A300_B4_103,Airbus,N/A,N/A,"Twin_engine, double aisle_body, medium range carrier",A300,A300-B4,Passenger,,3,7,"EASA TCDS No. EASA.A.172, A300 AIRCRAFT CHARACTERISTICS AIRPORT AND  MAINTANENCE PLANNING MANUAL",Double,,Variant,Commercial,,,,,0,Training,1979,345,269,Turbofan,IV,0.914260717,TailHeight,CF6_50C2,CF6_50C2D,2,5125000,,,0,150900,150000,133000,122000,88180,45000,80046.182,0.587866667,0.813333333,0.054225453,0.3,32775,,,,85908.818,0.746037293,44.83,53.61,16.72,,,,,No Wingtip Device,6.608064,,,,,,1,412000,461000,102798,,0.782,57544.75703,242.9667519,General Electric,1978,,"turbofan, two_spool, high bypass",,230417.88,205952.66,51399,,4.31,30.4,,0.8,10668,4066.909,2.195,2.3876,2.667,4.6482,0.37,0.63,1,0,,3,0,14,0,2,0,4,10761,,4102,0.913242009,,0.836820084,669.5,,910,,"Roux, FAA TCDS E23EA",1.208876307,Training,0.313285763,C,,0.86,0.78,,12200,0,10.93021076,14.0292648,,,,,,12,,,,0,0,0,0,0,0,,,
A300_B4_120,Airbus,N/A,N/A,"Twin_engine, double aisle_body, medium range carrier",A300,A300-B4,Passenger,,3,7,"EASA TCDS No. EASA.A.172, A300 AIRCRAFT CHARACTERISTICS AIRPORT AND  MAINTANENCE PLANNING MANUAL",Double,,Variant,Commercial,,,,,0,Training,1981,345,269,Turbofan,IV,0.914260717,TailHeight,JT9D_59A,,2,5125000,,,0,150900,150000,133000,122000,88180,45000,79888.34,0.587866667,0.813333333,0.055277733,0.3,32775,,,,86066.66,0.742835147,44.83,53.61,16.72,,,,,No Wingtip Device,6.608064,,,,,,1,398400,460300,106312,,0.782,57544.75703,242.9667519,Pratt & Whitney ,1974,,"turbofan, dual axial 16 stage compressor",,230062.02,199146.88,53156,,4.9,24.5,,0.85,10668,4145.83,2.428,2.47,2.47,3.92,0.37,0.63,1,0,,4,0,11,0,2,0,4,8011,,3780,,,,743.4,,650,,Roux / JT9D E3NE TCDS,1.221301471,Training,0.312810058,C,,0.86,0.78,,12200,0,10.93021076,13.56554634,,,,,,12,,,,0,0,0,0,0,0,,,
A300_B4_203,Airbus,N/A,N/A,"Twin_engine, double aisle_body, medium range carrier",A300,A300-B4,Passenger,,2,7,"EASA TCDS No. EASA.A.172, A300 AIRCRAFT CHARACTERISTICS AIRPORT AND  MAINTANENCE PLANNING MANUAL",Double,,Variant,Commercial,,,,,0,Training,1979,345,,Turbofan,IV,0.914260717,TailHeight,CF6_50C2,CF6_50C2D,2,5000000,,,0,165900,165000,134000,124000,88505,45000,80371.182,0.536393939,0.751515152,0.049295867,0.272727273,32775,,,,85908.818,0.920641022,44.83,53.61,16.72,,,,,No Wingtip Device,6.608064,,,,,,1,412000,461000,102798,,0.782,57544.75703,242.9667519,General Electric,1978,,"turbofan, two_spool, high bypass",,230417.88,205952.66,51399,,4.31,30.4,,0.8,10668,4066.909,2.195,2.3876,2.667,4.6482,0.37,0.63,1,0,,3,0,14,0,2,0,4,10761,,4102,0.913242009,,0.836820084,669.5,,910,,"Roux, FAA TCDS E23EA",1.208876307,Training,0.284805239,C,,0.82,,,12200,0,,15.43219128,,,,,,12,,,,0,0,0,0,0,0,,,
A300_B4_220,Airbus,N/A,N/A,"Twin_engine, double aisle_body, medium range carrier",A300,A300-B4,Passenger,,2,7,"EASA TCDS No. EASA.A.172, A300 AIRCRAFT CHARACTERISTICS AIRPORT AND  MAINTANENCE PLANNING MANUAL",Double,,Variant,Commercial,,,,,0,Training,1982,345,,Turbofan,IV,0.914260717,TailHeight,JT9D_59A,,2,5000000,,,0,165900,165000,134000,124000,88505,45000,80213.34,0.536393939,0.751515152,0.050252485,0.272727273,32775,,,,86066.66,0.917118661,44.83,53.61,16.72,,,,,No Wingtip Device,6.608064,,,,,,1,398400,460300,106312,,0.782,57544.75703,242.9667519,Pratt & Whitney ,1974,,"turbofan, dual axial 16 stage compressor",,230062.02,199146.88,53156,,4.9,24.5,,0.85,10668,4145.83,2.428,2.47,2.47,3.92,0.37,0.63,1,0,,4,0,11,0,2,0,4,8011,,3780,,,,743.4,,650,,Roux / JT9D E3NE TCDS,1.221301471,Training,0.28437278,C,,0.82,,,12200,0,,14.92210097,,,,,,12,,,,0,0,0,0,0,0,,,
A300_B4_601,Airbus,N/A,N/A,"Twin_engine, double aisle_body, medium range carrier",A300,A300-B4,Passenger,,2,,"EASA TCDS No. EASA.A.172, A300-600 AIRCRAFT CHARACTERISTICS AIRPORT AND  MAINTANENCE PLANNING MANUAL",Double,,Variant,Commercial,,,,,0,Training,1985,361,,Turbofan,,,,CF6_80C2A1,,2,6500000,,,0,165900,165000,138000,130000,86727,48670,78126.8,0.525618182,0.787878788,0.052122424,0.294969697,34295,,,,91565.2,0.801994644,,,,,,,,Fence,6.608064,,,,,,1,475000,514800,105066,,0.8,62000,238,General Electric,1985,,"turbofan, two_spool, high_bypass",,257374,237490,52533,,5.15,30.4,,0.8,10668,4300.1,2.362,2.6695,2.6916,4.2738,0.33,0.58,1,0,,4,0,14,0,2,0,5,11055,,3854,0.888888889,,0.85106383,795.6,,925,,"Roux, EASA TCDS IM.E.240",1.196867235,Training,0.318042813,C,,0.82,,,12200,0,,15.09906534,,,,,,12,,,,0,0,0,0,0,0,,,
A300_B4_603,Airbus,N/A,N/A,"Twin_engine, double aisle_body, medium range carrier",A300,A300-B4,Passenger,,2,,"EASA TCDS No. EASA.A.172, A300-600 AIRCRAFT CHARACTERISTICS AIRPORT AND  MAINTANENCE PLANNING MANUAL",Double,,Variant,Commercial,,,,,0,Training,1987,361,,Turbofan,,,,CF6_80C2A3,,2,6500000,,,0,165900,165000,138000,130000,86727,48670,78126.8,0.525618182,0.787878788,0.052122424,0.294969697,34295,,,,91565.2,0.801994644,,,,,,,,Fence,6.608064,,,,,,1,478400,524400,100886,,0.8,62000,238,General Electric,1987,,"turbofan, two_spool, high_bypass",,262223,243718,50443,1.73,5.05,31.1,,0.8,10668,4300.1,2.362,2.6695,2.6916,4.2393,0.33,0.58,1,0,,4,0,14,0,2,0,5,11055,,3854,0.888888889,,0.85106383,802.4,,925,,"Roux, EASA TCDS IM.E.240",1.198302144,Training,0.323973682,C,,0.82,,,12200,0,,15.72466347,,,,,,12,,,,0,0,0,0,0,0,,,
A300_B4_620,Airbus,N/A,N/A,"Twin_engine, double aisle_body, medium range carrier",A300,A300-B4,Passenger,,2,,"EASA TCDS No. EASA.A.172, A300-600 AIRCRAFT CHARACTERISTICS AIRPORT AND  MAINTANENCE PLANNING MANUAL",Double,,Variant,Commercial,,,,,0,Training,1984,361,,Turbofan,,,,JT9D_7R4H1,,2,5750000,,,0,165900,165000,138000,130000,87100,48670,79012.44,0.527878788,0.787878788,0.049015515,0.294969697,34295,,,,91052.56,0.812140153,,,,,,,,Fence,6.608064,,,,,,1,445000,498400,108980,,0.8,62000,238,Pratt & Whitney,1982,,"turbofan, dual axial 16 stage compressor ",,249100.41,222411.08,54490,1.68,4.8,26.7,,0.85,10670,4043.78,2.373,2.44,2.44,3.92,0.36,0.63,1,0,,4,0,11,0,2,0,4,8080,,3810,,,,768.8,,635,1616,Roux / JT9D E3NE TCDS,1.227882907,Training,0.307910913,C,,0.82,,,12200,0,,14.55678472,,,,,,12,,,,0,0,0,0,0,0,,,
A300_B4_622,Airbus,N/A,N/A,"Twin_engine, double aisle_body, medium range carrier",A300,A300-B4,Passenger,,2,,"EASA TCDS No. EASA.A.172, A300-600 AIRCRAFT CHARACTERISTICS AIRPORT AND  MAINTANENCE PLANNING MANUAL",Double,,Variant,Commercial,,,,,0,Training,1989,361,,Turbofan,,,,PW_4158,,2,5750000,,,0,165900,165000,138000,130000,90634,48670,82088.32,0.54929697,0.787878788,0.051792,0.294969697,34295,,,,91510.68,0.803068232,,,,,,,,Fence,6.608064,,,,,,1,441080,516000,,,0.8,62000,238,Pratt & Whitney,1988,PW_4000_94,"dual spool turbofan. Successor to the JT series. -94 refers to a 94"" diameter fan",,258000,220540,,1.7,4.75,30.7,,,,4272.84,2.3876,2.48,2.48,3.9,0.32,,1,0,,4,0,11,0,2,0,4,10450,,4012,100,,100,773.4,,629,,"Roux
EASA E050
PW Factsheet",1.238642988,Training,0.318784172,C,,0.82,,,12200,0,,,,,,,,12,,,,0,0,0,0,0,0,,,
A300_B4_605R,Airbus,N/A,N/A,"Twin_engine, double aisle_body, long range carrier",A300,A300-B4,Passenger,,2,,"EASA TCDS No. EASA.A.172, A300-600 AIRCRAFT CHARACTERISTICS AIRPORT AND  MAINTANENCE PLANNING MANUAL",Double,,Variant,Commercial,,,,,0,Training,1988,361,,Turbofan,,,,CF6_80C2A5,CF6_80C2A3CF6_80C2A5F,2,6500000,,,0,171400,170500,140000,130000,88805,53505,80204.8,0.52085044,0.762463343,0.050441056,0.313812317,34295,,,,96400.2,0.76866853,,,,,,,,Fence,6.608064,,,,,,1,500060,534680,100886,,0.8,68150,278,General Electric,1988,,"turbofan, two_spool, high_bypass",,267338,250034,50443,,5.05,31.5,,0.8,10668,4300.1,2.362,2.6695,2.6916,4.2738,0.34,0.58,1,0,,4,0,14,0,2,0,5,11055,,3854,0.888888889,,0.85106383,802.4,,925,1608,"Roux, EASA TCDS IM.E.240",1.199108413,Training,0.319669019,C,,0.82,,,12200,0,,16.24881892,,,,,,12,,,,0,0,0,0,0,0,,,
A300_B4_622R,Airbus,N/A,N/A,"Twin_engine, double aisle_body, long range carrier",A300,A300-B4,Passenger,,2,,"EASA TCDS No. EASA.A.172, A300-600 AIRCRAFT CHARACTERISTICS AIRPORT AND  MAINTANENCE PLANNING MANUAL",Double,,Variant,Commercial,,,,,0,Training,1988,361,,Turbofan,,,,PW_4158,,2,5750000,,,0,171400,170500,140000,130000,88626,53505,80080.32,0.519800587,0.762463343,0.05012129,0.313812317,34295,,,,96345.68,0.769669382,,,,,,,,Fence,6.608064,,,,,,1,441080,516000,,,0.8,68150,278,Pratt & Whitney,1988,PW_4000_94,"dual spool turbofan. Successor to the JT series. -94 refers to a 94"" diameter fan",,258000,220540,,1.7,4.75,30.7,,,,4272.84,2.3876,2.48,2.48,3.9,0.32,,1,0,,4,0,11,0,2,0,4,10450,,4012,100,,100,773.4,,629,,"Roux
EASA E050
PW Factsheet",1.238642988,Training,0.308500812,C,,0.82,,,12200,0,,,,,,,,12,,,,0,0,0,0,0,0,,,
A300_C4_203,Airbus,N/A,N/A,"Twin_engine, double aisle_body, medium range carrier",A300,A300-C4,Mixed Pax and Cargo,,3,,"EASA TCDS No. EASA.A.172, A300 AIRCRAFT CHARACTERISTICS AIRPORT AND  MAINTANENCE PLANNING MANUAL",Double,,Baseline,Commercial,,,,,0,Training,1979,145,,Turbofan,IV,0.914260717,TailHeight,CF6_50C2,,2,6250000,,,0,165900,165000,134000,124000,88505,45000,80371.182,0.536393939,0.751515152,0.049295867,0.272727273,13775,,,,66908.818,1.466042667,44.83,53.61,16.72,,,,,No Wingtip Device,6.608064,,,,,,1,412000,461000,102798,,0.782,57544.75703,242.9667519,General Electric,1978,,"turbofan, two_spool, high bypass",,230417.88,205952.66,51399,,4.31,30.4,,0.8,10668,4066.909,2.195,2.3876,2.667,4.6482,0.37,0.63,1,0,,3,0,14,0,2,0,4,10761,,4102,0.913242009,,0.836820084,669.5,,910,,"Roux, FAA TCDS E23EA",1.208876307,Training,0.284805239,C,,0.82,,,12200,0,,15.43219128,,,,,,12,,,,0,0,0,0,0,0,,,
A300_C4_620,Airbus,N/A,N/A,"Twin_engine, double aisle_body, medium range carrier",A300,A300-C4,Mixed Pax and Cargo,,2,,"EASA TCDS No. EASA.A.172, A300-600 AIRCRAFT CHARACTERISTICS AIRPORT AND  MAINTANENCE PLANNING MANUAL",Double,,Variant,Commercial,,,,,0,Training,1984,,,Turbofan,,,,JT9D_7R4H1,,2,5750000,,,0,165900,165000,138000,130000,87100,48670,79012.44,0.527878788,0.787878788,0.049015515,0.294969697,,,,,,,,,,,,,,Fence,6.608064,,,,,,1,445000,498400,108980,,0.8,62000,238,Pratt & Whitney,1982,,"turbofan, dual axial 16 stage compressor ",,249100.41,222411.08,54490,1.68,4.8,26.7,,0.85,10670,4043.78,2.373,2.44,2.44,3.92,0.36,0.63,1,0,,4,0,11,0,2,0,4,8080,,3810,,,,768.8,,635,1616,Roux / JT9D E3NE TCDS,1.227882907,Training,0.307910913,C,,0.82,,,12200,0,,14.55678472,,,,,,12,,,,0,0,0,0,0,0,,,
A300_C4_605R_variant_F,Airbus,N/A,N/A,"Twin_engine, double aisle_body, long range carrier",A300,A300-C4,Mixed Pax and Cargo,,2,,"EASA TCDS No. EASA.A.172, A300-600 AIRCRAFT CHARACTERISTICS AIRPORT AND  MAINTANENCE PLANNING MANUAL",Double,,Variant,Commercial,,,,,0,Training,1999,,,Turbofan,,,,CF6_80C2A5,,2,6250000,,,0,171400,170500,140000,130000,83347,48670,74746.8,0.48883871,0.762463343,0.050441056,0.285454545,,,,,,,,,,,,,,Fence,6.608064,,,,,,1,500060,534680,100886,,0.8,68150,278,General Electric,1988,,"turbofan, two_spool, high_bypass",,267338,250034,50443,,5.05,31.5,,0.8,10668,4300.1,2.362,2.6695,2.6916,4.2738,0.34,0.58,1,0,,4,0,14,0,2,0,5,11055,,3854,0.888888889,,0.85106383,802.4,,925,1608,"Roux, EASA TCDS IM.E.240",1.199108413,Training,0.319669019,C,,0.82,,,12200,0,,16.24881892,,,,,,12,,,,0,0,0,0,0,0,,,
A300_F4_203,Airbus,N/A,N/A,"Twin_engine, double aisle_body, medium range carrier used for cargo transport",A300,A300-F4,Cargo,,3,,"EASA TCDS No. EASA.A.172, A300 AIRCRAFT CHARACTERISTICS AIRPORT AND  MAINTANENCE PLANNING MANUAL",,,Baseline,N/A,,,,,0,Training,1986,,4,Turbofan,,,,CF6_50C2,,2,6250000,,,0,165900,165000,136000,126000,84000,45000,75866.182,0.509090909,0.763636364,0.049295867,0.272727273,,,,,,,,,,,,,,No Wingtip Device,6.608064,,,,,,1,412000,461000,102798,,0.782,57544.75703,242.9667519,General Electric,1978,,"turbofan, two_spool, high bypass",,230417.88,205952.66,51399,,4.31,30.4,,0.8,10668,4066.909,2.195,2.3876,2.667,4.6482,0.37,0.63,1,0,,3,0,14,0,2,0,4,10761,,4102,0.913242009,,0.836820084,669.5,,910,,"Roux, FAA TCDS E23EA",1.208876307,Training,0.284805239,C,,0.82,,,12200,0,,15.43219128,,,,,,12,,,,0,0,0,0,0,0,,,
A300_F4_605R,Airbus,N/A,N/A,"Twin_engine, double aisle_body, long range carrier used for cargo transport",A300,A300-F4,Cargo,,2,,,,,Variant,N/A,,,,,0,Training,1994,,,Turbofan,,,,CF6_80C2A5,CF6_80C2A5F,2,6250000,,,0,171400,170500,140000,130000,82046,53505,73445.8,0.481208211,0.762463343,0.050441056,0.313812317,,,,,,,,,,,,,,Fence,6.608064,,,,,,1,500060,534680,100886,,0.8,68150,278,General Electric,1988,,"turbofan, two_spool, high_bypass",,267338,250034,50443,,5.05,31.5,,0.8,10668,4300.1,2.362,2.6695,2.6916,4.2738,0.34,0.58,1,0,,4,0,14,0,2,0,5,11055,,3854,0.888888889,,0.85106383,802.4,,925,1608,"Roux, EASA TCDS IM.E.240",1.199108413,Training,0.319669019,C,,0.82,,,12200,0,,16.24881892,,,,,,12,,,,0,0,0,0,0,0,,,
A300_F4_622R,Airbus,N/A,N/A,"Twin_engine, double aisle_body, long range carrier used for cargo transport",A300,A300-F4,Cargo,,2,,,,,Variant,N/A,,,,,0,Training,2000,,,Turbofan,,,,PW_4158,,2,5750000,,,0,171400,170500,140000,130000,82046,53505,73500.32,0.481208211,0.762463343,0.05012129,0.313812317,,,,,,,,,,,,,,Fence,6.608064,,,,,,1,441080,516000,,,0.8,68150,278,Pratt & Whitney,1988,PW_4000_94,"dual spool turbofan. Successor to the JT series. -94 refers to a 94"" diameter fan",,258000,220540,,1.7,4.75,30.7,,,,4272.84,2.3876,2.48,2.48,3.9,0.32,,1,0,,4,0,11,0,2,0,4,10450,,4012,100,,100,773.4,,629,,"Roux
EASA E050
PW Factsheet",1.238642988,Training,0.308500812,C,,0.82,,,12200,0,,,,,,,,12,,,,0,0,0,0,0,0,,,
A310_203,Airbus,N/A,N/A,A medium range double-aisle aircraft manufactured by Airbus with two turbofan engines.,A310,A310-200,Passenger,255,2,6,EASA A300_A310 TCDS / Airbus A310 Airport Planning Manual,Double,Medium Range,Baseline,Commercial,,,,,0,Validation,1983,275,237,Turbofan,IV,0.858486439,TailHeight,CF6_80A3,,2,5130000,1480,,0,132900,132000,118500,108500,79207,44080,71260,0.60005303,0.821969697,0.060204545,0.333939394,26125,,,,78152,0.689016276,43.9,46.66,15.7,2.18,30.63,8.54,219,No Wingtip Device,5.828792,0.255269321,8.800045662,,,,1,407600,435800,98260,"JET A, JET A1, JET B, JP4, JP5, JP8",0.8,55100,119,General Electric,1982,,"turbofan, two_spool, high_bypass",,217829,203728,49130,1.7,4.59,28.4,,0.8,10668,3973.5,2.195,2.4,2.6822,4.2393,0.36,0.62,1,0,,3,0,14,0,2,0,4,10859,,4016,0.904977376,,0.854700855,662.2,,895,,"Roux, EASA TCDS IM.E.240",1.204314479,Training,0.336545887,C,,0.84,,,12530,0,,12.91592427,,,17.8648631,17.8648631,602.739726,12,,,,0,0,0,0,0,0,,,
A310_203C,Airbus,N/A,N/A,A medium range double-aisle aircraft manufactured by Airbus with two turbofan engines. This version has a mixed passenger/cargo configuration.,A310,A310-200,Mixed Pax and Cargo,255,2,6,EASA A300_A310 TCDS / Airbus A310 Airport Planning Manual,Double,Medium Range,Variant,Commercial,,,,,0,Validation,1984,155,,Turbofan,IV,0.858486439,TailHeight,CF6_80A3,,2,6410000,1640,,0,139500,138600,121500,111500,79207,44080,71260,0.571479076,0.804473304,0.057337662,0.318037518,14725,,,,66752,1.076342282,43.9,46.66,15.7,2.18,30.63,8.54,219,No Wingtip Device,5.828792,0.255269321,8.800045662,,,,1,407600,435800,98260,"JET A, JET A1, JET B, JP4, JP5, JP8",0.8,55100,119,General Electric,1982,,"turbofan, two_spool, high_bypass",,217829,203728,49130,1.7,4.59,28.4,,0.8,10668,3973.5,2.195,2.4,2.6822,4.2393,0.36,0.62,1,0,,3,0,14,0,2,0,4,10859,,4016,0.904977376,,0.854700855,662.2,,895,,"Roux, EASA TCDS IM.E.240",1.204314479,Training,0.320519892,C,,0.84,,,12530,0,,13.56172049,,,17.8648631,17.8648631,632.8767123,12,,,,0,0,0,0,0,0,,,
A310_204,Airbus,N/A,N/A,A medium range double-aisle aircraft manufactured by Airbus with two turbofan engines.,A310,A310-200,Passenger,255,2,6,EASA A300_A310 TCDS / Airbus A310 Airport Planning Manual,Double,Medium Range,Variant,Commercial,,,,,0,Training,1986,275,237,Turbofan,IV,0.858486439,TailHeight,CF6_80C2A2,,2,6410000,1640,,0,139500,138600,122000,112000,79207,43968,70606.8,0.571479076,0.808080808,0.062050505,0.317229437,26125,,,,78693.2,0.761270351,43.9,46.66,15.7,2.18,30.63,8.54,219,No Wingtip Device,5.828792,0.255269321,8.800045662,,,,1,427740,466700,100796,"JET A, JET A1, JET B, JP4, JP5, JP8",0.8,54960,119,General Electric,1986,,"turbofan, two_spool, high_bypass",,233354,213870,50398,1.66,5.05,27.8,,0.8,10668,4300.1,2.362,2.6695,2.6916,4.2738,0.32,0.58,1,0,,4,0,14,0,2,0,5,11055,,3854,0.888888889,,0.85106383,802.4,,925,,"Roux, EASA TCDS IM.E.240",1.191248475,Training,0.343246062,C,,0.84,,,12530,0,,13.22051128,,,17.8648631,17.8648631,632.8767123,12,,,,0,0,0,0,0,0,,,
A310_221,Airbus,N/A,N/A,A medium range double-aisle aircraft manufactured by Airbus with two turbofan engines.,A310,A310-200,Passenger,255,2,6,EASA A300_A310 TCDS / Airbus A310 Airport Planning Manual,Double,Medium Range,Variant,Commercial,,,,,0,Training,1983,275,237,Turbofan,IV,0.858486439,TailHeight,JT9D_7R4D1,,2,5180000,1410,,0,132900,132000,118500,108500,79166,44080,71078.44,0.599742424,0.821969697,0.061269394,0.333939394,26125,,,,78292.56,0.685983956,43.9,46.66,15.7,2.18,30.63,8.54,219,No Wingtip Device,5.828792,0.255269321,8.800045662,,,,1,407600,427200,99640,"JET A, JET A1, JET B, JP4, JP5, JP8",0.8,55100,119,Pratt & Whitney,1981,,"turbofan, dual axial 16 stage compressor ",,213514.64,203728.55,49820,,4.9,23.4,,0.85,10668,4043.78,2.372,2.44,2.44,3.92,0.34,0.61,1,0,,4,0,11,0,2,0,4,8000,,3810,,,,718.9,,600,,Roux / JT9D E3NE TCDS,1.21780006,Training,0.32990455,C,,0.84,,,12530,0,,12.73704054,,,17.8648631,17.8648631,602.739726,12,,,,0,0,0,0,0,0,,,
A310_222,Airbus,N/A,N/A,A medium range double-aisle aircraft manufactured by Airbus with two turbofan engines.,A310,A310-200,Passenger,255,2,6,EASA A300_A310 TCDS / Airbus A310 Airport Planning Manual,Double,Medium Range,Variant,Commercial,,,,,0,Training,1983,275,237,Turbofan,IV,0.858486439,TailHeight,JT9D_7R4E1,,2,5180000,1410,,0,132900,132000,118500,108500,79166,44080,71060.3,0.599742424,0.821969697,0.061406818,0.333939394,26125,,,,78310.7,0.685593412,43.9,46.66,15.7,2.18,30.63,8.54,219,No Wingtip Device,5.828792,0.255269321,8.800045662,,,,1,422800,445000,104088,"JET A, JET A1, JET B, JP4, JP5, JP8",0.8,55100,119,Pratt & Whitney ,1981,,"turbofan, dual axial 16 stage compressor ",,222411.08,211290.53,52044,,4.9,24.2,,0.85,10668,4052.85,2.372,2.44,2.44,3.92,0.34,0.62,1,0,,4,0,11,0,2,0,4,8000,,3810,,,,732.5,,610,,Roux / JT9D E3NE TCDS,1.220361394,Training,0.343650573,C,,0.84,,,12530,0,,12.19274767,,,17.8648631,17.8648631,602.739726,12,,,,0,0,0,0,0,0,,,
A310_304,Airbus,N/A,N/A,A long range double-aisle aircraft manufactured by Airbus with two turbofan engines.,A310,A310-300,Passenger,255,2,6,EASA A300_A310 TCDS / Airbus A310 Airport Planning Manual,Double,Long Range,Variant,Commercial,,,,,0,Training,1986,275,243,Turbofan,IV,0.851924759,TailHeight,CF6_80C2A2,,2,8340000,1860,,0,150900,150000,123000,113000,79207,48872,70606.8,0.528046667,0.753333333,0.057334667,0.325813333,26125,,,,83597.2,0.79431847,43.9,46.66,15.58,2.18,30.63,8.54,219,Fence,5.828792,0.255269321,8.800045662,,,,1,427740,466700,100796,"JET A, JET A1, JET B, JP4, JP5, JP8",0.8,61090,159,General Electric,1986,,"turbofan, two_spool, high_bypass",,233354,213870,50398,1.66,5.05,27.8,,0.8,10668,4300.1,2.362,2.6695,2.6916,4.2738,0.32,0.58,1,0,,4,0,14,0,2,0,5,11055,,3854,0.888888889,,0.85106383,802.4,,925,,"Roux, EASA TCDS IM.E.240",1.191248475,Training,0.317159361,C,,0.84,,,12530,0,,14.30791264,,,17.8648631,19.21416686,684.9315068,12,,,,0,0,0,0,0,0,,,
A310_308,Airbus,N/A,N/A,A long range double-aisle aircraft manufactured by Airbus with two turbofan engines.,A310,A310-300,Passenger,255,2,6,EASA A300_A310 TCDS / Airbus A310 Airport Planning Manual,Double,Long Range,Variant,Commercial,,,,,0,Training,1991,275,240,Turbofan,IV,0.851924759,TailHeight,CF6_80C2A8,CF6_80C2A2,2,7960000,2110,,0,157900,157000,124000,114000,79207,48872,70606.8,0.504503185,0.72611465,0.054778344,0.311286624,26125,,,,83597.2,0.878053332,43.9,46.66,15.58,2.18,30.63,8.54,219,Fence,5.828792,0.255269321,8.800045662,,,,1,427740,514800,,"JET A, JET A1, JET B, JP4, JP5, JP8",0.8,61090,159,General Electric,1991,,"turbofan, two_spool, high_bypass",,257374,213870,,,5.05,30.4,,,,4300.1,2.362,2.6695,2.6916,4.2738,0.34,,1,0,,4,0,14,0,2,0,5,11055,,3854,0.888888889,,0.85106383,802.4,,925,,"Roux, EASA TCDS IM.E.240",1.196867235,Training,0.334248817,C,,0.84,,,12530,0,,,,,17.8648631,19.21416686,716.8949772,12,,,,0,0,0,0,0,0,,,
A310_322,Airbus,N/A,N/A,A long range double-aisle aircraft manufactured by Airbus with two turbofan engines.,A310,A310-300,Passenger,255,2,6,EASA A300_A310 TCDS / Airbus A310 Airport Planning Manual,Double,Long Range,Baseline,Commercial,,,,,0,Training,1985,275,243,Turbofan,IV,0.851924759,TailHeight,JT9D_7R4E1,,2,7790000,1840,,0,150900,150000,123000,113000,77397,48872,69291.3,0.51598,0.753333333,0.054038,0.325813333,26125,,,,83102.7,0.804995506,43.9,46.66,15.58,2.18,30.63,8.54,219,Fence,5.828792,0.255269321,8.800045662,,,,1,422800,445000,104088,"JET A, JET A1, JET B, JP4, JP5, JP8",0.8,61090,159,Pratt & Whitney ,1981,,"turbofan, dual axial 16 stage compressor ",,222411.08,211290.53,52044,,4.9,24.2,,0.85,10668,4052.85,2.372,2.44,2.44,3.92,0.34,0.62,1,0,,4,0,11,0,2,0,4,8000,,3810,,,,732.5,,610,,Roux / JT9D E3NE TCDS,1.220361394,Training,0.302412504,C,,0.84,,,12530,0,,13.85539507,,,17.8648631,19.21416686,684.9315068,12,,,,0,0,0,0,0,0,,,
A310_324,Airbus,N/A,N/A,A long range double-aisle aircraft manufactured by Airbus with two turbofan engines.,A310,A310-300,Passenger,255,2,6,EASA A300_A310 TCDS / Airbus A310 Airport Planning Manual,Double,Long Range,Variant,Commercial,,,,,0,Training,1987,275,243,Turbofan,IV,0.851924759,TailHeight,PW_4152,,2,7790000,1840,,0,150900,150000,123000,113000,79166,48872,70620.32,0.527773333,0.753333333,0.0569712,0.325813333,26125,,,,83542.68,0.795489443,43.9,46.66,15.58,2.18,30.63,8.54,219,Fence,5.828792,0.255269321,8.800045662,,,,1,437700,462620,,"JET A, JET A1, JET B, JP4, JP5, JP8",0.8,61090,159,Pratt & Whitney,1987,PW_4000_94,"dual spool turbofan. Successor to the JT series. -94 refers to a 94"" diameter fan",,231310,218850,,1.7,4.85,27.3,,,,4272.84,2.3876,2.48,2.48,3.9,0.31,,1,0,,4,0,11,0,2,0,4,10300,,4044,100,,100,773.4,,619,,"Roux
EASA E050
PW Factsheet",1.229589555,Training,0.31438668,C,,0.84,,,12530,0,,,,,17.8648631,19.21416686,684.9315068,12,,,,0,0,0,0,0,0,,,
A310_325,Airbus,N/A,N/A,A long range double-aisle aircraft manufactured by Airbus with two turbofan engines.,A310,A310-300,Passenger,255,2,6,EASA A300_A310 TCDS / Airbus A310 Airport Planning Manual,Double,Long Range,Variant,Commercial,,,,,0,Training,1992,275,240,Turbofan,IV,0.851924759,TailHeight,PW_4156A,,2,9540000,2660,,0,164900,164000,124000,114000,79166,48872,70620.32,0.482719512,0.695121951,0.052107805,0.298,26125,,,,83542.68,0.963068458,43.9,46.66,15.58,2.18,30.63,8.54,219,Fence,5.828792,0.255269321,8.800045662,,,,1,437700,498160,,"JET A, JET A1, JET B, JP4, JP5, JP8",0.8,61090,159,Pratt & Whitney,1991,PW_4000_94,"dual spool turbofan. Successor to the JT series. -94 refers to a 94"" diameter fan",,249100,218850,,1.7,4.85,29.8,,,,4272.84,2.3876,2.48,2.48,3.9,0.32,,1,0,,4,0,11,0,2,0,4,10450,,4012,100,,100,773.4,,629,,"Roux
EASA E050
PW Factsheet",1.236341697,Validation,0.309639243,C,,0.84,,,12530,0,,,,,17.8648631,19.21416686,748.8584475,12,,,,0,0,0,0,0,0,,,
A318_111,Airbus,N/A,N/A,"A member of the AIrbus A320 family of short to medium-range, single-body, commercial twin-engine jet ainliners manufactured by Airbus",A320,A318-100,Passenger,80,2,,Airport Planning Manual_A318 / FAA TCDS A318_A319_A320_A321 / TCDS A320 Family,Single,Short Range,Baseline,Commercial,,,,,0,Training,2003,136,107,Turbofan,III,0.948107122,Wingspan,CFM56_5B8_P,CFM_56_5B8/3,2,5741200,2150,,0,68400,68000,57500,54500,39500,19087,34590.4,0.580882353,0.801470588,0.0722,0.280691176,12920,,,,36916.6,0.841989782,34.1,31.45,12.79,1.572,27,7.028,124,Fence,4.1935,0.223676722,9.3775,,,,1,169560,192160,,"JET A, JET A_1, JP5, JP8",0.8,23859,82.1,CFM International,2002,,"turbofan, dual spool, high bypass",,96080,84780,,,6,,,,,2454.8,1.735,1.908,2.105,2.5997,,,1,0,,4,0,9,0,1,0,4,15183,,5200,0.952380952,,0.961538462,,,905,,"EASA TCDS E.003, 
Roux",,Training,0.288061402,C,,0.82,,,12131.04,0,,,,,17.43092114,18.73656983,548.3870968,12,,,,0,0,0,0,0,0,,,
A318_112,Airbus,N/A,N/A,"A member of the AIrbus A320 family of short to medium-range, single-body, commercial twin-engine jet ainliners manufactured by Airbus",A320,A318-100,Passenger,80,2,,Airport Planning Manual_A318 / FAA TCDS A318_A319_A320_A321 / TCDS A320 Family,Single,Short Range,Variant,Commercial,,,,,0,Validation,2003,136,107,Turbofan,III,0.948107122,Wingspan,CFM56_5B9_P,CFM_56_5B9/3,2,5741200,1600,,0,68400,68000,57500,54500,39500,19087,34590.4,0.580882353,0.801470588,0.0722,0.280691176,12920,,,,36916.6,0.841989782,34.1,31.45,12.79,1.572,27,7.028,124,Fence,4.1935,0.223676722,9.3775,,,,1,180160,207280,,"JET A, JET A_1, JP5, JP8",0.8,23859,82.1,CFM International,2002,,"turbofan, dual spool, high bypass",,103640,90080,,,6,,,,,2454.8,1.735,1.908,2.105,2.5997,,,1,0,,4,0,9,0,1,0,4,15183,,5200,0.952380952,,0.961538462,,,905,,"EASA TCDS E.003, 
Roux, 
https://www.jet-engine.net/civtfspec.htm",,Training,0.310727349,C,,0.82,,,12131.04,0,,,,,17.43092114,18.73656983,548.3870968,12,,,,0,0,0,0,0,0,,,
A318_121,Airbus,N/A,N/A,"A member of the AIrbus A320 family of short to medium-range, single-body, commercial twin-engine jet ainliners manufactured by Airbus",A320,A318-100,Passenger,80,2,,Airport Planning Manual_A318 / FAA TCDS A318_A319_A320_A321 / TCDS A320 Family,Single,Short Range,Variant,Commercial,,,,,0,Training,2007,136,107,Turbofan,III,0.948107122,Wingspan,PW_6122A,,2,5556000,2250,,0,68400,68000,57500,54500,39500,19087,,0.580882353,0.801470588,,0.280691176,12920,,,,,,34.1,31.45,12.79,1.572,27,7.028,124,Fence,4.1935,0.223676722,9.3775,,,,1,180600,196600,,"JET A, JET A_1, JP8",0.8,23859,82.1,Pratt & Whitney,2005,,dual spool turbofan,,98300,90300,,,5,26.1,,,,,1.4351,1.5849,1.5849,2.7494,0.36,,1,0,,4,0,6,0,1,0,3,18850,,6350,0.962864721,,0.964566929,,,727,,"Roux
EASA E020
PW Fact Sheet",1.345195794,Training,0.294717275,C,,0.82,,,12131.04,0,,,,,17.43092114,18.73656983,548.3870968,12,,,,0,0,0,0,0,0,,,
A318_122,Airbus,N/A,N/A,"A member of the AIrbus A320 family of short to medium-range, single-body, commercial twin-engine jet ainliners manufactured by Airbus",A320,A318-100,Passenger,80,2,,Airport Planning Manual_A318 / FAA TCDS A318_A319_A320_A321 / TCDS A320 Family,Single,Short Range,Variant,Commercial,,,,,0,Training,2007,136,107,Turbofan,III,0.948107122,Wingspan,PW_6124A,,2,5556000,1850,,0,68400,68000,57500,54500,39500,19087,,0.580882353,0.801470588,,0.280691176,12920,,,,,,34.1,31.45,12.79,1.572,27,7.028,124,Fence,4.1935,0.223676722,9.3775,,,,1,185940,211740,,"JET A, JET A_1, JP8",0.8,23859,82.1,Pratt & Whitney,2005,,dual spool turbofan,,105870,92970,,,4.8,28.2,,,,,1.4351,1.5849,1.5849,2.7494,0.37,,1,0,,4,0,6,0,1,0,3,18850,,6350,0.962864721,,0.964566929,,,727,,"Roux
EASA E020
PW Fact Sheet
GTEngines Weekly 2008",1.354692817,Training,0.317413204,C,,0.82,,,12131.04,0,,,,,17.43092114,18.73656983,548.3870968,12,,,,0,0,0,0,0,0,,,
A319_111,Airbus,N/A,N/A,"A member of the AIrbus A320 family of short to medium-range, single-body, commercial twin-engine jet ainliners manufactured by Airbus",A320,A319-100,Passenger,1497,2,,Airport Planning Manual_A319 / FAA TCDS A318_A319_A320_A321 / TCDS A320 Family,Single,Short Range,Variant,Commercial,,,,,0,Training,1997,145,124,Turbofan,III,0.99537346,Wingspan,CFM56_5B5,"CFM56_5B5/P , CFM56_5B5/3",2,6667200,2320,,0,75900,75500,62500,58500,40800,19087,35890.4,0.540397351,0.774834437,0.065027815,0.252807947,13775,,,,37771.6,0.998856284,35.8,33.84,12.01,1.579,27,7.04,124.78,Fence,4.1935,0.224289773,10.27119731,,,,1,180160,195720,44660,"JET A, JET A_1, JP8, JETB, JP4, JP5",0.8,23859,82.1,CFM International,1996,,"turbofan, dual spool, high bypass",,97860,90080,22330,,6,24.4,32.6,0.8,10670,2454.8,1.735,1.908,2.105,2.5997,0.32,,1,0,,4,0,9,0,1,0,4,15183,,5200,0.952380952,,0.961538462,,,915,,"EASA TCDS E.003, 
Roux",1.256317106,Training,0.264252587,C,,0.82,,,11917.68,0,,16.25386138,,,18.18231641,19.53049523,605.0649142,12,,,,0,0,0,0,0,0,,,
A319_112,Airbus,N/A,N/A,"A member of the AIrbus A320 family of short to medium-range, single-body, commercial twin-engine jet ainliners manufactured by Airbus",A320,A319-100,Passenger,1497,2,,Airport Planning Manual_A319 / FAA TCDS A318_A319_A320_A321 / TCDS A320 Family,Single,Medium Range,Baseline,Commercial,,,,,0,Training,1996,145,124,Turbofan,III,0.99537346,Wingspan,CFM56_5B6,"CFM56_5B6/P , CFM56_5B6/2P ,  CFM56_5B6/3",2,6667200,1960,,0,75900,75500,62500,58500,40800,19087,35890.4,0.540397351,0.774834437,0.065027815,0.252807947,13775,,,,37771.6,0.998856284,35.8,33.84,12.01,1.579,27,7.04,124.78,Fence,4.1935,0.224289773,10.27119731,,,,1,180160,209060,44660,"JET A, JET A_1, JP8, JETB, JP4, JP5",0.8,23859,82.1,CFM International,1996,,"turbofan, dual spool, high bypass",,104530,90080,22330,,5.9,25.8,32.6,0.8,10670,2454.8,1.735,1.908,2.105,2.5997,0.33,,1,0,,4,0,9,0,1,0,4,15183,,5200,0.952380952,,0.961538462,,,915,,"EASA TCDS E.003, 
Roux",1.261333641,Training,0.282263672,C,,0.82,,,11917.68,0,,16.25386138,,,18.18231641,19.53049523,605.0649142,12,,,,0,0,0,0,0,0,,,
A319_113,Airbus,N/A,N/A,"A member of the AIrbus A320 family of short to medium-range, single-body, commercial twin-engine jet ainliners manufactured by Airbus",A320,A319-100,Passenger,1497,2,,Airport Planning Manual_A319 / FAA TCDS A318_A319_A320_A321 / TCDS A320 Family,Single,Medium Range,Variant,Commercial,,,,,0,Training,1997,145,124,Turbofan,III,0.99537346,Wingspan,CFM56_5A4,CFM56_5A4/F,2,6667200,,,0,75900,75500,62500,58500,40800,19087,36138,0.540397351,0.774834437,0.061748344,0.252807947,13775,,,,37524,1.012045624,35.8,33.84,12.01,1.579,27,7.04,124.78,Fence,4.1935,0.224289773,10.27119731,,,,1,183900,195720,44482,"JET A, JET A_1, JP8, JETB, JP4, JP5",0.8,23859,82.1,CFM International,1994,,"turbofan, dual spool, high bypass",,97860,91950,22241,,6.2,24.1,,0.8,10668,2331,1.735,1.908,2.101,2.422,0.32,,1,0,,3,0,9,0,1,0,4,15183,,5100,0.952380952,,0.980392157,,,885,,"EASA TCDS E.067,
Roux",1.277347326,Training,0.264252587,C,,0.82,,,11917.68,0,,16.31890313,,,18.18231641,19.53049523,605.0649142,12,,,,0,0,0,0,0,0,,,
A319_114,Airbus,N/A,N/A,"A member of the AIrbus A320 family of short to medium-range, single-body, commercial twin-engine jet ainliners manufactured by Airbus",A320,A319-100,Passenger,1497,2,,Airport Planning Manual_A319 / FAA TCDS A318_A319_A320_A321 / TCDS A320 Family,Single,Medium Range,Variant,Commercial,,,,,0,Training,1997,145,124,Turbofan,III,0.99537346,Wingspan,CFM56_5A5,CFM56_5A5/F,2,6667200,,,0,75900,75500,62500,58500,40800,19087,36138,0.540397351,0.774834437,0.061748344,0.252807947,13775,,,,37524,1.012045624,35.8,33.84,12.01,1.579,27,7.04,124.78,Fence,4.1935,0.224289773,10.27119731,,,,1,183900,209060,44482,"JET A, JET A_1, JP8, JETB, JP4, JP5",0.8,23859,82.1,CFM International,1994,,"turbofan, dual spool, high bypass",,104530,91950,22241,,6.2,25.4,,0.8,10668,2331,1.735,1.908,2.101,2.422,0.32,,1,0,,3,0,9,0,1,0,4,15183,,5100,0.952380952,,0.980392157,,,885,,"EASA TCDS E.067,
Roux",1.282519958,Validation,0.282263672,C,,0.82,,,11917.67,0,,16.31890313,,,18.18232141,19.5305006,605.0649142,12,,,,0,0,0,0,0,0,,,
A319_115,Airbus,N/A,N/A,"A member of the AIrbus A320 family of short to medium-range, single-body, commercial twin-engine jet ainliners manufactured by Airbus",A320,A319-100,Passenger,1497,2,,Airport Planning Manual_A319 / FAA TCDS A318_A319_A320_A321 / TCDS A320 Family,Single,Medium Range,Variant,Commercial,,,,,0,Training,1997,145,124,Turbofan,III,0.99537346,Wingspan,CFM56_5B7,"CFM56_5B7/P , CFM56_5B7/3",2,6667200,1600,,0,75900,75500,62500,58500,40800,19087,35890.4,0.540397351,0.774834437,0.065027815,0.252807947,13775,,,,37771.6,0.998856284,35.8,33.84,12.01,1.579,27,7.04,124.78,Fence,4.1935,0.224289773,10.27119731,,,,1,216800,240200,51956,"JET A, JET A_1, JP8, JETB, JP4, JP5",0.8,23859,82.1,CFM International,1999,,"turbofan, dual spool, high bypass",,120100,108400,25978,,5.7,29.1,35.5,0.8,10670,2454.8,1.735,1.908,2.105,2.5997,,,1,0,,4,0,9,0,1,0,4,15183,,5200,0.952380952,,0.961538462,,,915,,"EASA TCDS E.003, 
Roux",1.272224588,Training,0.324307539,C,,0.82,,,11917.68,0,,13.97138827,,,18.18231641,19.53049523,605.0649142,12,,,,0,0,0,0,0,0,,,
A319_131,Airbus,N/A,N/A,"A member of the AIrbus A320 family of short to medium-range, single-body, commercial twin-engine jet ainliners manufactured by Airbus",A320,A319-100,Passenger,1497,2,,Airport Planning Manual_A319 / FAA TCDS A318_A319_A320_A321 / TCDS A320 Family,Single,Medium Range,Variant,Commercial,,,,,0,Validation,1997,145,124,Turbofan,III,0.99537346,Wingspan,V2522_A5,,2,6667200,2200,,0,75900,75500,62500,58500,40800,19087,35992,0.540397351,0.774834437,0.063682119,0.252807947,13775,,,,37670,1.004247412,35.8,33.84,12.01,1.579,27,7.04,124.78,Fence,4.1935,0.224289773,10.27119731,,,,1,170800,204980,,"JET A, JET A_1, JP8, JETB, JP4, JP5",0.8,23859,82.1,International Aero Engines AG (IAE),1996,,"Dual rotor, axial flow, high bypass ratio turbofan engine",,102480,85400,,,4.9,25.2,,0.8,10668,2404,1.682,1.715,1.715,3.201,0.34,0.57,1,0,,4,0,10,0,2,0,5,,,,,,,,,610,,"EASA-TCDS E069
https://links.prattwhitney.com/i-a-e/products.html
Manufacturer Catalogue
https://booksite.elsevier.com/9780340741528/appendices/data-b/table-1/default.htm",1.240014326,Training,0.276755034,C,,0.82,,,11917.68,0,,,,,18.18231641,19.53049523,605.0649142,12,,,,0,0,0,0,0,0,,,
A319_132,Airbus,N/A,N/A,"A member of the AIrbus A320 family of short to medium-range, single-body, commercial twin-engine jet ainliners manufactured by Airbus",A320,A319-100,Passenger,1497,2,,Airport Planning Manual_A319 / FAA TCDS A318_A319_A320_A321 / TCDS A320 Family,Single,Medium Range,Variant,Commercial,,,,,0,Training,2002,145,124,Turbofan,III,0.99537346,Wingspan,V2524_A5,,2,6667200,1910,,0,75900,75500,62500,58500,40800,19087,35992,0.540397351,0.774834437,0.063682119,0.252807947,13775,,,,37670,1.004247412,35.8,33.84,12.01,1.579,27,7.04,124.78,Fence,4.1935,0.224289773,10.27119731,,,,1,170800,217780,,"JET A, JET A_1, JP8, JETB, JP4, JP5",0.8,23859,82.1,International Aero Engines AG (IAE),1996,,"Dual rotor, axial flow, high bypass ratio turbofan engine",,108890,85400,,,4.9,26.5,,,,2404,1.682,1.715,1.715,3.201,0.36,,1,0,,4,0,10,0,2,0,5,,,,,,,,,610,,"EASA-TCDS E069
https://links.prattwhitney.com/i-a-e/products.html
Manufacturer Catalogue
https://booksite.elsevier.com/9780340741528/appendices/data-b/table-1/default.htm",1.244179549,Training,0.294037035,C,,0.82,,,11917.68,0,,,,,18.18231641,19.53049523,605.0649142,12,,,,0,0,0,0,0,0,,,
A319_133,Airbus,N/A,N/A,"A member of the AIrbus A320 family of short to medium-range, single-body, commercial twin-engine jet ainliners manufactured by Airbus",A320,A319-100,Passenger,1497,2,,Airport Planning Manual_A319 / FAA TCDS A318_A319_A320_A321 / TCDS A320 Family,Single,Medium Range,Variant,Commercial,,,,,0,Training,2002,145,124,Turbofan,III,0.99537346,Wingspan,V2527M_A5,,2,6667200,1640,,0,75900,75500,62500,58500,40800,19087,35992,0.540397351,0.774834437,0.063682119,0.252807947,13775,,,,37670,1.004247412,35.8,33.84,12.01,1.579,27,7.04,124.78,Fence,4.1935,0.224289773,10.27119731,,,,1,197860,220620,,"JET A, JET A_1, JP8, JETB, JP4, JP5",0.8,23859,82.1,International Aero Engines AG (IAE),1999,,"Dual rotor, axial flow, high bypass ratio turbofan engine",,110310,98920,,,4.8,,,,,2404,1.682,1.715,1.715,3.201,,,1,0,,4,0,10,0,2,0,5,,,,,,,,,610,,"EASA-TCDS E069
https://links.prattwhitney.com/i-a-e/products.html
Manufacturer Catalogue
https://booksite.elsevier.com/9780340741528/appendices/data-b/table-1/default.htm",,Training,0.297871479,C,,0.82,,,11917.68,0,,,,,18.18231641,19.53049523,605.0649142,12,,,,0,0,0,0,0,0,,,
A319_151N,Airbus,N/A,N/A,"A member of the AIrbus A320 family of short to medium-range, single-body, commercial twin-engine jet ainliners manufactured by Airbus",A320Neo,A319-100Neo,Passenger,1497,2,,Airport Planning Manual_A319 / FAA TCDS A318_A319_A320_A321 / TCDS A320 Family,Single,Medium Range,Baseline,Commercial,,,,,0,Training,2018,145,124,Turbofan,III,0.99537346,Wingspan,LEAP_1A24,,2,6667200,1600,,0,75900,75500,63900,60300,40300,19050.9,34320,0.533774834,0.798675497,0.079205298,0.252329801,13775,,,,38805.9,0.94558044,35.8,33.84,12.01,1.008,27,7.04,127.32,Blended,4.1935,0.143181818,10.06628966,,,,1,213520,213600,,"JET A, JET A_1, JP8, JP5",0.8,23724.7,82.7,CFM International,2015,,"turbofan, dual spool, high bypass",,106800,104580,,,11,40,,,,2990,1.9812,2.543,2.368,3.328,,,1,0,,3,0,10,0,2,0,7,19391,,3894,0.858369099,,0.99009901,,,1025,,"LEAP Overview Brochure, EASA.E.110",1.301466089,Training,0.288393382,C,,0.82,,,11917.68,0,,,,,18.03761134,19.37785173,592.9940308,12,,,,0,0,0,0,0,0,,,
A319_153N,Airbus,N/A,N/A,"A member of the AIrbus A320 family of short to medium-range, single-body, commercial twin-engine jet ainliners manufactured by Airbus",A320Neo,A319-100Neo,Passenger,1497,2,,Airport Planning Manual_A319 / FAA TCDS A318_A319_A320_A321 / TCDS A320 Family,Single,Medium Range,Variant,Commercial,,,,,0,Training,2020,145,124,Turbofan,III,0.99537346,Wingspan,LEAP_1A26,,2,6667200,1600,,0,75900,75500,63900,60300,40300,19050.9,34320,0.533774834,0.798675497,0.079205298,0.252329801,13775,,,,38805.9,0.94558044,35.8,33.84,12.01,1.008,27,7.04,127.32,Blended,4.1935,0.143181818,10.06628966,,,,1,237360,241280,,"JET A, JET A_1, JP8, JP5",0.8,23724.7,82.7,CFM International,2015,,"turbofan, dual spool, high bypass",,120640,106760,,,11,40,,,,2990,1.9812,2.543,2.368,3.328,,,1,0,,3,0,10,0,2,0,7,19391,,3894,0.858369099,,0.99009901,,,1026,,"LEAP Overview Brochure, EASA.E.110",1.301466089,Training,0.325765707,C,,0.82,,,11917.68,0,,,,,18.03761134,19.37785173,592.9940308,12,,,,0,0,0,0,0,0,,,
A319_171N,Airbus,N/A,N/A,"A member of the AIrbus A320 family of short to medium-range, single-body, commercial twin-engine jet ainliners manufactured by Airbus",A320Neo,A319-100Neo,Passenger,1497,2,,Airport Planning Manual_A319 / FAA TCDS A318_A319_A320_A321 / TCDS A320 Family,Single,Medium Range,Variant,Commercial,,,,,0,Training,2019,145,124,Turbofan,III,0.99537346,Wingspan,PW_1124G_JM,,2,6667200,1600,,0,75900,75500,63900,60300,40300,19050.9,34584.8,0.533774834,0.798675497,0.075698013,0.252329801,13775,,,,38541.1,0.958947721,35.8,33.84,12.01,1.008,27,7.04,127.32,Blended,4.1935,0.143181818,10.06628966,,,,1,215640,213820,,"JET A, JET A_1, JP8, JP5",0.8,23724.7,82.7,Pratt & Whitney,2015,PW_1100G,dual spool geared turbofan,,107820,106910,,,12.5,,,,,2857.6,2.0574,2.224,2.224,3.401,,,1,1,3.0625,3,0,8,0,2,0,3,22300,,10047,100,,100,,,1043,,"EASA E093
1100G Fact Sheet",,Training,0.288690416,C,,0.82,,,11917.68,0,,,,,18.03761134,19.37785173,592.9940308,12,,,,0,0,0,0,0,0,,,
ACJ_319,Airbus,ACJ_319N,N/A,A member of the Airbus A320 family. The business jet is an A319-153N with modification 163214.,ACJNeo,ACJ-319Neo,Passenger,28,2,,"Airport Planning Manual_A319 / Airbus A319_A320 Corporate Jet Webpage / TCDS A320 Family / ACJneo Brochure / General Aviation Manufacturer's Association Annual Report,https://www.bjtonline.com/aircraft/airbus-acj319",Single,,Baseline,Business,,,,,0,Training,2019,50,8,Turbofan,III,0.99537346,Wingspan,LEAP_1A24,"LEAP_1A26 , PW1100G",2,9817000,1840,,0,78600,78200,63900,53000,40300,23312.5,34320,0.515345269,0.677749361,0.076470588,0.298113811,4750,,,,34042.5,1.297128589,35.8,33.84,11.76,1.008,27,7.04,127.32,Blended,4.1935,0.143181818,10.06628966,,,,1,213520,213600,,"JET A, JET A_1, JP5, JP8",0.8,29031.7,121.1,CFM International,2015,,"turbofan, dual spool, high bypass",,106800,104580,,,11,40,,,,2990,1.9812,2.543,2.368,3.328,,,1,0,,3,0,10,0,2,0,7,19391,,3894,0.858369099,,0.99009901,,,1025,,"LEAP Overview Brochure, EASA.E.110",1.301466089,Training,0.278436065,C,,0.82,,,11917.68,0,,,,,18.03761134,19.37785173,614.2004398,12,,,,0,0,0,0,0,0,,,
A320_211,Airbus,N/A,N/A,"A member of the AIrbus A320 family of short to medium-range, single-body, commercial twin-engine jet ainliners manufactured by Airbus",A320,A320-200,Passenger,4763,2,,Airport Planning Manual_A320 / FAA TCDS A318_A319_A320_A321 / TCDS A320 Family,,Medium Range,Baseline,Commercial,,,,,0,Training,1988,180,150,Turbofan,III,0.948107122,Wingspan,CFM56_5A1,CFM56_5A1/F,2,4815000,1900,,0,73900,73500,64500,60500,42600,19087,37938,0.579591837,0.823129252,0.063428571,0.259687075,17100,,,,40849,0.799309653,34.1,37.57,11.98,1.56,27,7.04,125.82,Fence,4.1935,0.221590909,9.241853441,,,,1,210840,222400,44482,"JET A, JET A_1, JP8, JET B, JP4, JP5",0.8,23859,82.1,CFM International,1987,CFM56_5,"turbofan, dual spool, high bypass",,111200,105400,22241,1.55,6,26.5,31.3,0.8,10668,2331,1.735,1.908,2.101,2.422,0.33,0.6,1,0,,3,0,9,0,1,0,4,15183,,5100,0.952380952,,0.980392157,,,885,,"EASA TCDS E.067,
Roux",1.286709335,Training,0.308445498,C,,0.82,,,11917.68,0,,15.88661431,,,17.43268629,18.74083102,584.1678588,12,,,,0,0,0,0,0,0,,,
A320_212,Airbus,N/A,N/A,"A member of the AIrbus A320 family of short to medium-range, single-body, commercial twin-engine jet ainliners manufactured by Airbus",A320,A320-200,Passenger,4763,2,,Airport Planning Manual_A320 / FAA TCDS A318_A319_A320_A321 / TCDS A320 Family,Single,Medium Range,Variant,Commercial,,,,,0,Training,1990,180,150,Turbofan,III,0.948107122,Wingspan,CFM56_5A3,,2,4815000,1900,,0,73900,73500,64500,60500,42600,19087,37938,0.579591837,0.823129252,0.063428571,0.259687075,17100,,,,40849,0.799309653,34.1,37.57,11.98,1.56,27,7.04,125.82,Fence,4.1935,0.221590909,9.241853441,,,,1,210840,235740,44482,"JET A, JET A_1, JP8, JET B, JP4, JP5",0.8,23859,82.1,CFM International,1990,,"turbofan, dual spool, high bypass",,117870,105400,22241,,6,27.8,,0.8,10668,2331,1.735,1.908,2.101,2.422,0.33,0.6,1,0,,3,0,9,0,1,0,4,15183,,5100,0.952380952,,0.980392157,,,880,,"EASA TCDS E.067,
Roux",1.291458244,Training,0.326946681,C,,0.82,,,11917.68,0,,15.88661431,,,17.43268629,18.74083102,584.1678588,12,,,,0,0,0,0,0,0,,,
A320_214,Airbus,N/A,N/A,"A member of the AIrbus A320 family of short to medium-range, single-body, commercial twin-engine jet ainliners manufactured by Airbus",A320,A320-200,Passenger,4763,2,,Airport Planning Manual_A320 / FAA TCDS A318_A319_A320_A321 / TCDS A320 Family,Single,Medium Range,Variant,Commercial,,,,,0,Training,1996,180,150,Turbofan,III,0.948107122,Wingspan,CFM56_5B4,"CFM56_5B4/P , CFM56_5B4/2P , CFM56_5B4/P1 , CFM56_5B4/2P1 , CFM56_5B4/3 , CFM56_5B4/3B1",2,4815000,1900,,0,73900,73500,64500,60500,42600,19087,37690.4,0.579591837,0.823129252,0.066797279,0.259687075,17100,,,,41096.6,0.788469119,34.1,37.57,11.98,1.56,27,7.04,125.82,Fence,4.1935,0.221590909,9.241853441,,,,1,216800,240200,44482,"JET A, JET A_1, JP8, JET B, JP4, JP5",0.8,23859,82.1,CFM International,1994,,"turbofan, dual spool, high bypass",,120100,108400,22241,,5.7,29.1,32.6,0.8,10668,2454.8,1.735,1.908,2.105,2.5997,0.34,0.55,1,0,,4,0,9,0,1,0,4,15183,,5200,0.952380952,,0.961538462,,,915,,"EASA TCDS E.003, 
Roux",1.272224588,Validation,0.333132234,C,,0.82,,,11917.68,0,,15.88661431,,,17.43268629,18.74083102,584.1678588,12,,,,0,0,0,0,0,0,,,
A320_215,Airbus,N/A,N/A,"A member of the AIrbus A320 family of short to medium-range, single-body, commercial twin-engine jet ainliners manufactured by Airbus",A320,A320-200,Passenger,4763,2,,Airport Planning Manual_A320 / FAA TCDS A318_A319_A320_A321 / TCDS A320 Family,Single,Medium Range,Variant,Commercial,,,,,0,Training,2006,180,150,Turbofan,III,0.948107122,Wingspan,CFM56_5B5,CFM56_5B5_P,2,4815000,1900,,0,73900,73500,64500,60500,42600,19087,37690.4,0.579591837,0.823129252,0.066797279,0.259687075,17100,,,,41096.6,0.788469119,34.1,37.57,11.98,1.56,27,7.04,125.82,Fence,4.1935,0.221590909,9.241853441,,,,1,180160,195720,44660,"JET A, JET A_1, JP8, JET B, JP4, JP5",0.8,23859,82.1,CFM International,1996,,"turbofan, dual spool, high bypass",,97860,90080,22330,,6,24.4,32.6,0.8,10670,2454.8,1.735,1.908,2.105,2.5997,0.32,,1,0,,4,0,9,0,1,0,4,15183,,5200,0.952380952,,0.961538462,,,915,,"EASA TCDS E.003, 
Roux",1.256317106,Training,0.271443134,C,,0.82,,,11917.68,0,,15.82329551,,,17.43268629,18.74083102,584.1678588,12,,,,0,0,0,0,0,0,,,
A320_216,Airbus,N/A,N/A,"A member of the AIrbus A320 family of short to medium-range, single-body, commercial twin-engine jet ainliners manufactured by Airbus",A320,A320-200,Passenger,4763,2,,Airport Planning Manual_A320 / FAA TCDS A318_A319_A320_A321 / TCDS A320 Family,Single,Medium Range,Variant,Commercial,,,,,0,Training,2016,180,150,Turbofan,III,0.948107122,Wingspan,CFM56_5B6_P,CFM56_5B6/3,2,4815000,1900,,0,73900,73500,64500,60500,42600,19087,37690.4,0.579591837,0.823129252,0.066797279,0.259687075,17100,,,,41096.6,0.788469119,34.1,37.57,11.98,1.56,27,7.04,125.82,Fence,4.1935,0.221590909,9.241853441,,,,1,180160,209060,,"JET A, JET A_1, JP8, JET B, JP4, JP5",0.8,23859,82.1,CFM International,1996,,"turbofan, dual spool, high bypass",,104530,90080,,,5.9,25.8,,,,2454.8,1.735,1.908,2.105,2.5997,0.33,,1,0,,4,0,9,0,1,0,4,15183,,5200,0.952380952,,0.961538462,,,905,,"EASA TCDS E.003, 
Roux",1.261333641,Training,0.289944316,C,,0.82,,,11917.68,0,,,,,17.43268629,18.74083102,584.1678588,12,,,,0,0,0,0,0,0,,,
A320_231,Airbus,N/A,N/A,"A member of the AIrbus A320 family of short to medium-range, single-body, commercial twin-engine jet ainliners manufactured by Airbus",A320,A320-200,Passenger,4763,2,,Airport Planning Manual_A320 / FAA TCDS A318_A319_A320_A321 / TCDS A320 Family,Single,Medium Range,Variant,Commercial,,,,,0,Training,1989,180,150,Turbofan,III,0.948107122,Wingspan,V2500_A1,,2,4815000,1900,,0,73900,73500,64500,60500,42600,19087,37874,0.579591837,0.823129252,0.06429932,0.259687075,17100,,,,40913,0.796495002,34.1,37.57,11.98,1.56,27,7.04,125.82,Fence,4.1935,0.221590909,9.241853441,,,,1,197800,220600,,"JET A, JET A_1, JP8, JET B, JP4, JP5",0.8,23859,82.1,International Aero Engines AG (IAE),1989,,,,110310,,,1.7,5.42,29.7,,0.8,10668,2363,1.682,1.715,1.715,3.201,0.35,0.58,1,0,,3,0,10,0,2,0,5,,,,,,,,,,1537,"EASA-TCDS E069
https://links.prattwhitney.com/i-a-e/products.html
Manufacturer Catalogue
https://booksite.elsevier.com/9780340741528/appendices/data-b/table-1/default.htm",1.27408056,Training,0.305949087,C,,0.82,,,11917.68,0,,,,,17.43268629,18.74083102,584.1678588,12,,,,0,0,0,0,0,0,,,
A320_232,Airbus,N/A,N/A,"A member of the AIrbus A320 family of short to medium-range, single-body, commercial twin-engine jet ainliners manufactured by Airbus",A320,A320-200,Passenger,4763,2,,Airport Planning Manual_A320 / FAA TCDS A318_A319_A320_A321 / TCDS A320 Family,Single,Medium Range,Variant,Commercial,,,,,0,Training,1993,180,150,Turbofan,III,0.948107122,Wingspan,V2527_A5,,2,4815000,1900,,0,73900,73500,64500,60500,42600,19087,,0.579591837,0.823129252,,0.259687075,17100,,,,,,34.1,37.57,11.98,1.56,27,7.04,125.82,Fence,4.1935,0.221590909,9.241853441,,,,1,197800,220600,,"JET A, JET A_1, JP8, JET B, JP4, JP5",0.8,23859,82.1,International Aero Engines AG (IAE),1993,,,,110310,98920,,,4.75,27.4,,,,,1.682,1.715,1.715,3.201,0.36,,1,0,,4,0,10,0,2,0,5,,,,,,,,,610,,"EASA-TCDS E069
https://links.prattwhitney.com/i-a-e/products.html
Manufacturer Catalogue
https://booksite.elsevier.com/9780340741528/appendices/data-b/table-1/default.htm",1.246952865,Validation,0.305949087,C,,0.82,,,11917.68,0,,,,,17.43268629,18.74083102,584.1678588,12,,,,0,0,0,0,0,0,,,
A320_233,Airbus,N/A,N/A,"A member of the AIrbus A320 family of short to medium-range, single-body, commercial twin-engine jet ainliners manufactured by Airbus",A320,A320-200,Passenger,4763,2,,Airport Planning Manual_A320 / FAA TCDS A318_A319_A320_A321 / TCDS A320 Family,Single,Medium Range,Variant,Commercial,,,,,0,Training,1995,180,150,Turbofan,III,0.948107122,Wingspan,V2527E_A5,,2,4815000,1900,,0,73900,73500,64500,60500,42600,19087,37792,0.579591837,0.823129252,0.065414966,0.259687075,17100,,,,40995,0.792901573,34.1,37.57,11.98,1.56,27,7.04,125.82,Fence,4.1935,0.221590909,9.241853441,,,,1,197800,220600,,"JET A, JET A_1, JP8, JET B, JP4, JP5",0.8,23859,82.1,International Aero Engines AG (IAE),1995,,,,110310,98920,,,4.8,,,,,2404,1.682,1.715,1.715,3.201,,,1,0,,4,0,10,0,2,0,5,,,,,,,,,610,,"EASA-TCDS E069
https://links.prattwhitney.com/i-a-e/products.html
Manufacturer Catalogue
https://booksite.elsevier.com/9780340741528/appendices/data-b/table-1/default.htm",,Training,0.305949087,C,,0.82,,,11917.68,0,,,,,17.43268629,18.74083102,584.1678588,12,,,,0,0,0,0,0,0,,,
A320_271N,Airbus,N/A,N/A,"A member of the AIrbus A320 family of short to medium-range, single-body, commercial twin-engine jet ainliners manufactured by Airbus. This aircraft has the new engine option.",A320Neo,A320-200Neo,Passenger,4297,2,,Airport Planning Manual_A320 / FAA TCDS A318_A319_A320_A321 / TCDS A320 Family,Single,Medium Range,Baseline,Commercial,,,,,0,Training,2015,180,150,Turbofan,III,0.99537346,Wingspan,PW_1127G_JM,PW_1127GA_JM,2,4815000,1650,,0,73900,73500,66300,62800,42600,19050.9,36884.8,0.579591837,0.854421769,0.077757823,0.259195918,17100,,,,41866.1,0.75559701,35.8,37.57,11.98,1.045,27,7.019,126.57,Blended,4.1935,0.148881607,10.12593822,,,,1,234360,240860,,"JET A, JET A_1, JP8, JP5",0.8,23724.7,82.1,Pratt & Whitney,2015,PW_1100G,dual spool geared turbofan,,120430,117180,,,12.5,,,,,2857.6,2.0574,2.224,2.224,3.401,,,1,1,3.0625,3,0,8,0,2,0,3,22300,,10047,100,,100,,,1043,,"EASA E093
1100G Fact Sheet",,Training,0.334047584,C,,0.82,,,11917.68,0,,,,,18.07995316,19.42250661,580.7063285,12,,,,0,0,0,0,0,0,,,
A320_251N,Airbus,N/A,N/A,"A member of the AIrbus A320 family of short to medium-range, single-body, commercial twin-engine jet ainliners manufactured by Airbus. This aircraft has the new engine option.",A320Neo,A320-200Neo,Passenger,4297,2,,Airport Planning Manual_A320 / FAA TCDS A318_A319_A320_A321 / TCDS A320 Family,Single,Medium Range,Variant,Commercial,,,,,0,Training,2016,180,150,Turbofan,III,0.99537346,Wingspan,LEAP_1A26,,2,4815000,1650,,0,73900,73500,66300,62800,42600,19050.9,36620,0.579591837,0.854421769,0.081360544,0.259195918,17100,,,,42130.9,0.744562779,35.8,37.57,11.98,1.045,27,7.019,126.57,Blended,4.1935,0.148881607,10.12593822,,,,1,237360,241280,,"JET A, JET A_1, JP8, JP5",0.08,23724.7,82.1,CFM International,2015,,"turbofan, dual spool, high bypass",,120640,106760,,,11,40,,,,2990,1.9812,2.543,2.368,3.328,,,1,0,,3,0,10,0,2,0,7,19391,,3894,0.858369099,,0.99009901,,,1026,,"LEAP Overview Brochure, EASA.E.110",1.301466089,Training,0.33463008,C,,0.82,,,11917.68,0,,,,,18.07995316,19.42250661,580.7063285,12,,,,0,0,0,0,0,0,,,
A320_252N,Airbus,N/A,N/A,"A member of the AIrbus A320 family of short to medium-range, single-body, commercial twin-engine jet ainliners manufactured by Airbus. This aircraft has the new engine option.",A320Neo,A320-200Neo,Passenger,4297,2,,Airport Planning Manual_A320 / FAA TCDS A318_A319_A320_A321 / TCDS A320 Family,Single,Medium Range,Variant,Commercial,,,,,0,Training,2018,180,150,Turbofan,III,0.99537346,Wingspan,LEAP_1A24,,2,4815000,1650,,0,73900,73500,66300,62800,42600,19050.9,36620,0.579591837,0.854421769,0.081360544,0.259195918,17100,,,,42130.9,0.744562779,35.8,37.57,11.98,1.045,27,7.019,126.57,Blended,4.1935,0.148881607,10.12593822,,,,1,213520,213600,,"JET A, JET A_1, JP8, JP5",0.8,23724.7,82.1,CFM International,2015,,"turbofan, dual spool, high bypass",,106800,104580,,,11,40,,,,2990,1.9812,2.543,2.368,3.328,,,1,0,,3,0,10,0,2,0,7,19391,,3894,0.858369099,,0.99009901,,,1025,,"LEAP Overview Brochure, EASA.E.110",1.301466089,Training,0.29624082,C,,0.82,,,11917.68,0,,,,,18.07995316,19.42250661,580.7063285,12,,,,0,0,0,0,0,0,,,
A320_272N,Airbus,N/A,N/A,"A member of the AIrbus A320 family of short to medium-range, single-body, commercial twin-engine jet ainliners manufactured by Airbus. This aircraft has the new engine option.",A320Neo,A320-200Neo,Passenger,4297,2,,Airport Planning Manual_A320 / FAA TCDS A318_A319_A320_A321 / TCDS A320 Family,Single,Medium Range,Variant,Commercial,,,,,0,Training,2019,180,150,Turbofan,III,0.99537346,Wingspan,PW_1124G1_JM,,2,4815000,1650,,0,73900,73500,66300,62800,42600,19050.9,36884.8,0.579591837,0.854421769,0.077757823,0.259195918,17100,,,,41866.1,0.75559701,35.8,37.57,11.98,1.045,27,7.019,126.57,Blended,4.1935,0.148881607,10.12593822,,,,1,213820,215640,,"JET A, JET A_1, JP8, JP5",0.8,23724.7,82.1,Pratt & Whitney,2015,PW_1100G,dual spool geared turbofan,,107820,106910,,,12.5,,,,,2857.6,2.0574,2.224,2.224,3.401,,,1,1,3.0625,3,0,8,0,2,0,3,22300,,10047,100,,100,,,1043,,"EASA E093
1100G Fact Sheet",,Validation,0.299070087,C,,0.82,,,11917.68,0,,,,,18.07995316,19.42250661,580.7063285,12,,,,0,0,0,0,0,0,,,
A320_253N,Airbus,N/A,N/A,"A member of the AIrbus A320 family of short to medium-range, single-body, commercial twin-engine jet ainliners manufactured by Airbus. This aircraft has the new engine option.",A320Neo,A320-200Neo,Passenger,4297,2,,Airport Planning Manual_A320 / FAA TCDS A318_A319_A320_A321 / TCDS A320 Family,Single,Medium Range,Variant,Commercial,,,,,0,Training,2019,180,150,Turbofan,III,0.99537346,Wingspan,LEAP_1A29,,2,4815000,1650,,0,73900,73500,66300,62800,42600,19050.9,36620,0.579591837,0.854421769,0.081360544,0.259195918,17100,,,,42130.9,0.744562779,35.8,37.57,11.98,1.045,27,7.019,126.57,Blended,4.1935,0.148881607,10.12593822,,,,1,237360,260580,,"JET A, JET A_1, JP8, JP5",0.8,23724.7,82.1,CFM International,2016,,"turbofan, dual spool, high bypass",,132090,118680,,,11,40,,,,2990,1.9812,2.543,2.368,3.328,,,1,0,,3,0,10,0,2,0,7,19391,,3894,0.858369099,,0.99009901,,,1025,,"LEAP Overview Brochure, EASA.E.110",1.301466089,Training,0.361397158,C,,0.82,,,11917.68,0,,,,,18.07995316,19.42250661,580.7063285,12,,,,0,0,0,0,0,0,,,
A320_273N,Airbus,N/A,N/A,"A member of the AIrbus A320 family of short to medium-range, single-body, commercial twin-engine jet ainliners manufactured by Airbus. This aircraft has the new engine option.",A320Neo,A320-200Neo,Passenger,4297,2,,Airport Planning Manual_A320 / FAA TCDS A318_A319_A320_A321 / TCDS A320 Family,Single,Medium Range,Variant,Commercial,,,,,0,Training,2019,180,150,Turbofan,III,0.99537346,Wingspan,PW_1129G_JM,,2,4815000,1650,,0,73900,73500,66300,62800,42600,19050.9,36884.8,0.579591837,0.854421769,0.077757823,0.259195918,17100,,,,41866.1,0.75559701,35.8,37.57,11.98,1.045,27,7.019,126.57,Blended,4.1935,0.148881607,10.12593822,,,,1,234380,260000,,"JET A, JET A_1, JP8, JP5",0.8,23724.7,82.1,Pratt & Whitney,2018,PW_1100G,dual spool geared turbofan,,130000,117190,,,12.5,,,,,2857.6,2.0574,2.224,2.224,3.401,,,1,1,3.0625,3,0,8,0,2,0,3,22300,,10047,100,,100,,,1043,,"EASA E093
1100G Fact Sheet",,Validation,0.360592759,C,,0.82,,,11917.68,0,,,,,18.07995316,19.42250661,580.7063285,12,,,,0,0,0,0,0,0,,,
A321_111,Airbus,N/A,N/A,"A member of the AIrbus A320 family of short to medium-range, single-body, commercial twin-engine jet ainliners manufactured by Airbus",A320,A321-100,Passenger,1971,2,,Airport Planning Manual_A321 / FAA TCDS A318_A319_A320_A321 / TCDS A320 Family,Single,Medium Range,Baseline,Commercial,,,,,0,Training,1995,220,185,Turbofan,III,0.948107122,Wingspan,CFM56_5B1,"CFM56_5B1/P , CFM56_5B1/2P ,  CFM56_5B1/3  ",2,4444800,2200,,0,89400,89000,75500,71500,48500,18960,43590.4,0.54494382,0.803370787,0.055164045,0.213033708,20900,,,,44769.6,0.987956113,34.1,44.51,11.97,1.492,27,7.204,130.14,Fence,4.1935,0.207107163,8.935069925,,,,1,258800,266880,51954,"JET A, JET A_1, JP8, JET B, JP4, JP5",0.8,23700,45.8,CFM International,1994,,"turbofan, dual spool, high bypass",,133450,129400,25977,,5.5,32,35.4,0.8,10668,2454.8,1.735,1.908,2.105,2.5997,0.35,0.6,1,0,,4,0,9,0,1,0,4,15183,,5200,0.952380952,,0.961538462,,,915,,"EASA TCDS E.003, 
Roux",1.28088669,Training,0.305672955,C,,0.82,,,11917.68,0,,16.47021753,,,17.19738042,18.49356235,683.8788996,12,,,,0,0,0,0,0,0,,,
A321_112,Airbus,N/A,N/A,"A member of the AIrbus A320 family of short to medium-range, single-body, commercial twin-engine jet ainliners manufactured by Airbus",A320,A321-100,Passenger,1971,2,,Airport Planning Manual_A321 / FAA TCDS A318_A319_A320_A321 / TCDS A320 Family,Single,Medium Range,Variant,Commercial,,,,,0,Training,1995,220,185,Turbofan,III,0.948107122,Wingspan,CFM56_5B2,"CFM56_5B2/P , CFM56_5B2/3",2,4444800,2200,,0,89400,89000,75500,71500,48500,18960,43590.4,0.54494382,0.803370787,0.055164045,0.213033708,20900,,,,44769.6,0.987956113,34.1,44.51,11.97,1.492,27,7.204,130.14,Fence,4.1935,0.207107163,8.935069925,,,,1,258800,275780,51954,"JET A, JET A_1, JP8, JET B, JP4, JP5",0.8,23700,45.8,CFM International,1993,,"turbofan, dual spool, high bypass",,137890,129400,25977,,5.5,32.9,35.5,0.8,10688,2454.8,1.735,1.908,2.105,2.5997,0.35,0.55,1,0,,4,0,9,0,1,0,4,15183,,5200,0.952380952,,0.961538462,,,915,,"EASA TCDS E.003, 
Roux",1.283426894,Training,0.315866635,C,,0.82,,,11917.68,0,,16.47021753,,,17.19738042,18.49356235,683.8788996,12,,,,0,0,0,0,0,0,,,
A321_131,Airbus,N/A,N/A,"A member of the AIrbus A320 family of short to medium-range, single-body, commercial twin-engine jet ainliners manufactured by Airbus",A320,A321-100,Passenger,1971,2,,Airport Planning Manual_A321 / FAA TCDS A318_A319_A320_A321 / TCDS A320 Family,Single,Medium Range,Variant,Commercial,,,,,0,Training,1995,220,185,Turbofan,III,0.948107122,Wingspan,V2530_A5,,2,4444800,2240,,0,89400,89000,75500,71500,48500,18960,43692,0.54494382,0.803370787,0.054022472,0.213033708,20900,,,,44668,0.992477836,34.1,44.51,11.97,1.492,27,7.204,130.14,Fence,4.1935,0.207107163,8.935069925,,,,1,239760,266000,,"JET A, JET A_1, JP8, JET B, JP4, JP5",0.8,23700,45.8,International Aero Engines AG (IAE),1993,,,,133000,119870,,,4.6,31.6,,,,2404,1.682,1.715,1.715,3.201,0.36,,1,0,,4,0,10,0,2,0,5,,,,,,,,,610,,"EASA-TCDS E069
https://links.prattwhitney.com/i-a-e/products.html
Manufacturer Catalogue
https://booksite.elsevier.com/9780340741528/appendices/data-b/table-1/default.htm",1.258864941,Training,0.30466504,C,,0.82,,,11917.68,0,,,,,17.19738042,18.49356235,683.8788996,12,,,,0,0,0,0,0,0,,,
A321_211,Airbus,N/A,N/A,"A member of the AIrbus A320 family of short to medium-range, single-body, commercial twin-engine jet ainliners manufactured by Airbus",A320,A321-200,Passenger,1971,2,,Airport Planning Manual_A321 / FAA TCDS A318_A319_A320_A321 / TCDS A320 Family,Single,Medium Range,Baseline,Commercial,,,,,0,Training,1997,220,185,Turbofan,III,0.948107122,Wingspan,CFM56_5B3_P,"CFM56_5B3/2P , CFM56_5B3/P1 , CFM56_5B3/2P1 , CFM56_5B3/3 , CFM56_5B3/3B1",2,4444800,2200,,0,89400,89000,75500,71500,48500,18960,43590.4,0.54494382,0.803370787,0.055164045,0.213033708,20900,,,,44769.6,0.987956113,34.1,44.51,11.97,1.492,27,7.204,130.14,Fence,4.1935,0.207107163,8.935069925,,,,1,258800,284680,,"JET A, JET A_1, JP8, JET B, JP4, JP5",0.8,23700,45.8,CFM International,1996,,"turbofan, dual spool, high bypass",,142340,129400,,,5.4,33.7,,,,2454.8,1.735,1.908,2.105,2.5997,0.36,,1,0,,4,0,9,0,1,0,4,15183,,5200,0.952380952,,0.961538462,,,905,,"EASA TCDS E.003, 
Roux",1.285631253,Training,0.326060315,C,,0.82,,,11917.68,0,,,,,17.19738042,18.49356235,683.8788996,12,,,,0,0,0,0,0,0,,,
A321_212,Airbus,N/A,N/A,"A member of the AIrbus A320 family of short to medium-range, single-body, commercial twin-engine jet ainliners manufactured by Airbus",A320,A321-200,Passenger,1971,2,,Airport Planning Manual_A321 / FAA TCDS A318_A319_A320_A321 / TCDS A320 Family,Single,Medium Range,Variant,Commercial,,,,,0,Training,2005,220,185,Turbofan,III,0.948107122,Wingspan,CFM56_5B1,"CFM56_5B1/P , CFM56_5B1/2P ,  CFM56_5B1/3  ",2,4444800,2200,,0,89400,89000,75500,71500,48500,18960,43590.4,0.54494382,0.803370787,0.055164045,0.213033708,20900,,,,44769.6,0.987956113,34.1,44.51,11.97,1.492,27,7.204,130.14,Fence,4.1935,0.207107163,8.935069925,,,,1,258800,266880,51954,"JET A, JET A_1, JP8, JET B, JP4, JP5",0.8,23700,45.8,CFM International,1994,,"turbofan, dual spool, high bypass",,133450,129400,25977,,5.5,32,35.4,0.8,10668,2454.8,1.735,1.908,2.105,2.5997,0.35,0.6,1,0,,4,0,9,0,1,0,4,15183,,5200,0.952380952,,0.961538462,,,915,,"EASA TCDS E.003, 
Roux",1.28088669,Training,0.305672955,C,,0.82,,,11917.68,0,,16.47021753,,,17.19738042,18.49356235,683.8788996,12,,,,0,0,0,0,0,0,,,
A321_213,Airbus,N/A,N/A,"A member of the AIrbus A320 family of short to medium-range, single-body, commercial twin-engine jet ainliners manufactured by Airbus",A320,A321-200,Passenger,1971,2,,Airport Planning Manual_A321 / FAA TCDS A318_A319_A320_A321 / TCDS A320 Family,Single,Medium Range,Variant,Commercial,,,,,0,Validation,2005,220,185,Turbofan,III,0.948107122,Wingspan,CFM56_5B2,"CFM56_5B2/P , CFM56_5B2/3",2,4444800,2200,,0,89400,89000,75500,71500,48500,18960,43590.4,0.54494382,0.803370787,0.055164045,0.213033708,20900,,,,44769.6,0.987956113,34.1,44.51,11.97,1.492,27,7.204,130.14,Fence,4.1935,0.207107163,8.935069925,,,,1,258800,275780,51954,"JET A, JET A_1, JP8, JET B, JP4, JP5",0.8,23700,45.8,CFM International,1993,,"turbofan, dual spool, high bypass",,137890,129400,25977,,5.5,32.9,35.5,0.8,10688,2454.8,1.735,1.908,2.105,2.5997,0.35,0.55,1,0,,4,0,9,0,1,0,4,15183,,5200,0.952380952,,0.961538462,,,915,,"EASA TCDS E.003, 
Roux",1.283426894,Training,0.315866635,C,,0.82,,,11917.68,0,,16.47021753,,,17.19738042,18.49356235,683.8788996,12,,,,0,0,0,0,0,0,,,
A321_231,Airbus,N/A,N/A,"A member of the AIrbus A320 family of short to medium-range, single-body, commercial twin-engine jet ainliners manufactured by Airbus",A320,A321-200,Passenger,1971,2,,Airport Planning Manual_A321 / FAA TCDS A318_A319_A320_A321 / TCDS A320 Family,Single,Medium Range,Variant,Commercial,,,,,0,Training,1997,220,185,Turbofan,III,0.948107122,Wingspan,V2533_A5,,2,4444800,2240,,0,89400,89000,75500,71500,48500,18960,43692,0.54494382,0.803370787,0.054022472,0.213033708,20900,,,,44668,0.992477836,34.1,44.51,11.97,1.492,27,7.204,130.14,Fence,4.1935,0.207107163,8.935069925,,,,1,239760,281100,50932,"JET A, JET A_1, JP8, JET B, JP4, JP5",0.8,23700,45.8,International Aero Engines AG (IAE),1997,,,,140560,119870,25466,1.79,4.5,33.4,,0.8,10668,2404,1.682,1.715,1.715,3.201,0.37,0.57,1,0,,4,0,10,0,2,0,5,,,,,,,,,610,,"EASA-TCDS E069
https://links.prattwhitney.com/i-a-e/products.html
Manufacturer Catalogue
https://booksite.elsevier.com/9780340741528/appendices/data-b/table-1/default.htm",1.263522843,Training,0.321959935,C,,0.82,,,11917.68,0,,16.80070843,,,17.19738042,18.49356235,683.8788996,12,,,,0,0,0,0,0,0,,,
A321_232,Airbus,N/A,N/A,"A member of the AIrbus A320 family of short to medium-range, single-body, commercial twin-engine jet ainliners manufactured by Airbus",A320,A321-200,Passenger,1971,2,,Airport Planning Manual_A321 / FAA TCDS A318_A319_A320_A321 / TCDS A320 Family,Single,Medium Range,Variant,Commercial,,,,,0,Training,2005,220,185,Turbofan,III,0.948107122,Wingspan,V2530_A5,,2,4444800,2240,,0,89400,89000,75500,71500,48500,18960,43692,0.54494382,0.803370787,0.054022472,0.213033708,20900,,,,44668,0.992477836,34.1,44.51,11.97,1.492,27,7.204,130.14,Fence,4.1935,0.207107163,8.935069925,,,,1,239760,266000,,"JET A, JET A_1, JP8, JET B, JP4, JP5",0.8,23700,45.8,International Aero Engines AG (IAE),1993,,,,133000,119870,,,4.6,31.6,,,,2404,1.682,1.715,1.715,3.201,0.36,,1,0,,4,0,10,0,2,0,5,,,,,,,,,610,,"EASA-TCDS E069
https://links.prattwhitney.com/i-a-e/products.html
Manufacturer Catalogue
https://booksite.elsevier.com/9780340741528/appendices/data-b/table-1/default.htm",1.258864941,Training,0.30466504,C,,0.82,,,11917.68,0,,,,,17.19738042,18.49356235,683.8788996,12,,,,0,0,0,0,0,0,,,
A321_271N,Airbus,N/A,N/A,"A member of the AIrbus A320 family of short to medium-range, single-body, commercial twin-engine jet ainliners manufactured by Airbus. This aircraft has the new engine option.",A320Neo,A321-200Neo,Passenger,5259,2,,Airport Planning Manual_A321 / FAA TCDS A318_A319_A320_A321 / TCDS A320 Family,Single,Medium Range,Baseline,Commercial,,,,,0,Validation,2016,244,185,Turbofan,III,0.99537346,Wingspan,PW_1133G_JM,PW_1133GA_JM,2,4444800,1930,,0,89400,89000,77300,73300,46856,18510,41140.8,0.52647191,0.823595506,0.06421573,0.207977528,23180,,,,47405.2,0.877431168,35.8,44.51,11.97,1.072,27,7.24,131.13,Blended,4.1935,0.148066298,9.773812247,,,,1,291620,294560,,"JET A, JET A_1, JP8, JP5",0.8,23580,45.8,Pratt & Whitney,2015,PW_1100G,dual spool geared turbofan,,147280,145810,,,12.5,,,,,2857.6,2.0574,2.224,2.224,3.401,,,1,1,3.0625,3,0,8,0,2,0,3,22300,,10047,100,,100,,,1043,,"EASA E093
1100G Fact Sheet",,Training,0.337376445,C,,0.82,,,11917.68,0,,,,,17.82731381,19.15619009,678.7157782,12,,,,0,0,0,0,0,0,,,
A321_251N,Airbus,N/A,N/A,"A member of the AIrbus A320 family of short to medium-range, single-body, commercial twin-engine jet ainliners manufactured by Airbus. This aircraft has the new engine option.",A320Neo,A321-200Neo,Passenger,5259,2,,Airport Planning Manual_A321 / FAA TCDS A318_A319_A320_A321 / TCDS A320 Family,Single,Medium Range,Variant,Commercial,,,,,0,Training,2017,244,185,Turbofan,III,0.99537346,Wingspan,LEAP_1A32,,2,4444800,1930,,0,89400,89000,77300,73300,46856,18510,40876,0.52647191,0.823595506,0.067191011,0.207977528,23180,,,,47670,0.867002308,35.8,44.51,11.97,1.072,27,7.24,131.13,Blended,4.1935,0.148066298,9.773812247,,,,1,281920,286100,,"JET A, JET A_1, JP8, JP5",0.8,23580,45.8,CFM International,2015,,"turbofan, dual spool, high bypass",,143050,140960,,,11,40,,,,2990,1.9812,2.543,2.368,3.328,,,1,0,,3,0,10,0,2,0,7,19391,,3894,0.858369099,,0.99009901,,,1025,,"LEAP Overview Brochure, EASA.E.110",1.301466089,Training,0.327686722,C,,0.82,,,11917.68,0,,,,,17.82731381,19.15619009,678.7157782,12,,,,0,0,0,0,0,0,,,
A321_253N,Airbus,N/A,N/A,"A member of the AIrbus A320 family of short to medium-range, single-body, commercial twin-engine jet ainliners manufactured by Airbus. This aircraft has the new engine option.",A320Neo,A321-200Neo,Passenger,5259,2,,Airport Planning Manual_A321 / FAA TCDS A318_A319_A320_A321 / TCDS A320 Family,Single,Medium Range,Variant,Commercial,,,,,0,Training,2017,244,185,Turbofan,III,0.99537346,Wingspan,LEAP_1A33,LEAP_1A35,2,4444800,1930,,0,89400,89000,77300,73300,46856,18510,40876,0.52647191,0.823595506,0.067191011,0.207977528,23180,,,,47670,0.867002308,35.8,44.51,11.97,1.072,27,7.24,131.13,Blended,4.1935,0.148066298,9.773812247,,,,1,281920,286100,,"JET A, JET A_1, JP8, JP5",0.8,23580,45.8,CFM International,2015,,"turbofan, dual spool, high bypass",,143050,140960,,,11,40,,,,2990,1.9812,2.543,2.368,3.328,,,1,0,,3,0,10,0,2,0,7,19391,,3894,0.858369099,,0.99009901,,,1025,,"LEAP Overview Brochure, EASA.E.110",1.301466089,Training,0.327686722,C,,0.82,,,11917.68,0,,,,,17.82731381,19.15619009,678.7157782,12,,,,0,0,0,0,0,0,,,
A321_272N,Airbus,N/A,N/A,"A member of the AIrbus A320 family of short to medium-range, single-body, commercial twin-engine jet ainliners manufactured by Airbus. This aircraft has the new engine option.",A320Neo,A321-200Neo,Passenger,5259,2,,Airport Planning Manual_A321 / FAA TCDS A318_A319_A320_A321 / TCDS A320 Family,Single,Medium Range,Variant,Commercial,,,,,0,Training,2017,244,185,Turbofan,III,0.99537346,Wingspan,PW_1130G_JM,,2,4444800,1930,,0,89400,89000,77300,73300,46856,18510,41140.8,0.52647191,0.823595506,0.06421573,0.207977528,23180,,,,47405.2,0.877431168,35.8,44.51,11.97,1.072,27,7.24,131.13,Blended,4.1935,0.148066298,9.773812247,,,,1,291620,294560,,"JET A, JET A_1, JP8, JP5",0.8,23580,45.8,Pratt & Whitney,2015,PW_1100G,dual spool geared turbofan,,147280,145810,,,12.5,,,,,2857.6,2.0574,2.224,2.224,3.401,,,1,1,3.0625,3,0,8,0,2,0,3,22300,,10047,100,,100,,,1043,,"EASA E093
1100G Fact Sheet",,Training,0.337376445,C,,0.82,,,11917.68,0,,,,,17.82731381,19.15619009,678.7157782,12,,,,0,0,0,0,0,0,,,
A321_252N,Airbus,N/A,N/A,"A member of the AIrbus A320 family of short to medium-range, single-body, commercial twin-engine jet ainliners manufactured by Airbus. This aircraft has the new engine option.",A320Neo,A321-200Neo,Passenger,5259,2,,Airport Planning Manual_A321 / FAA TCDS A318_A319_A320_A321 / TCDS A320 Family,Single,Medium Range,Variant,Commercial,,,,,0,Training,2018,244,185,Turbofan,III,0.99537346,Wingspan,LEAP_1A30,,2,4444800,1930,,0,89400,89000,77300,73300,46856,18510,40876,0.52647191,0.823595506,0.067191011,0.207977528,23180,,,,47670,0.867002308,35.8,44.51,11.97,1.072,27,7.24,131.13,Blended,4.1935,0.148066298,9.773812247,,,,1,281920,286100,,"JET A, JET A_1, JP8, JP5",0.8,23580,45.8,CFM International,2015,,"turbofan, dual spool, high bypass",,143050,140960,,,11,40,,,,2990,1.9812,2.543,2.368,3.328,,,1,0,,3,0,10,0,2,0,7,19391,,3894,0.858369099,,0.99009901,,,1025,,"LEAP Overview Brochure, EASA.E.110",1.301466089,Training,0.327686722,C,,0.82,,,11917.68,0,,,,,17.82731381,19.15619009,678.7157782,12,,,,0,0,0,0,0,0,,,
A321_251NX,Airbus,N/A,N/A,"A member of the AIrbus A320 family of short to medium-range, single-body, commercial twin-engine jet ainliners manufactured by Airbus. This aircraft has the new engine option with updated emergency exit locations.",A320Neo,A321-200Neo,Passenger,5259,2,,Airport Planning Manual_A321 / FAA TCDS A318_A319_A320_A321 / TCDS A320 Family / A320XL Webpage,Single,Medium Range,Variant,Commercial,,,,,0,Training,2018,244,185,Turbofan,III,0.99537346,Wingspan,LEAP_1A32,,2,4444800,1930,,0,89400,89000,77300,73300,46856,18510,40876,0.52647191,0.823595506,0.067191011,0.207977528,23180,,,,47670,0.867002308,35.8,44.51,11.97,1.072,27,7.24,131.13,Blended,4.1935,0.148066298,9.773812247,,,,1,281920,286100,,"JET A, JET A_1, JP8, JP5",0.8,23580,45.8,CFM International,2015,,"turbofan, dual spool, high bypass",,143050,140960,,,11,40,,,,2990,1.9812,2.543,2.368,3.328,,,1,0,,3,0,10,0,2,0,7,19391,,3894,0.858369099,,0.99009901,,,1025,,"LEAP Overview Brochure, EASA.E.110",1.301466089,Training,0.327686722,C,,0.82,,,11917.68,0,,,,,17.82731381,19.15619009,678.7157782,12,,,,0,0,0,0,0,0,,,
A321_252NX,Airbus,N/A,N/A,"A member of the AIrbus A320 family of short to medium-range, single-body, commercial twin-engine jet ainliners manufactured by Airbus. This aircraft has the new engine option with updated emergency exit locations.",A320Neo,A321-200Neo,Passenger,5259,2,,Airport Planning Manual_A321 / FAA TCDS A318_A319_A320_A321 / TCDS A320 Family / A320XL Webpage,Single,Medium Range,Variant,Commercial,,,,,0,Training,2018,244,185,Turbofan,III,0.99537346,Wingspan,PW_1130G_JM,,2,4444800,1930,,0,89400,89000,77300,73300,46856,18510,41140.8,0.52647191,0.823595506,0.06421573,0.207977528,23180,,,,47405.2,0.877431168,35.8,44.51,11.97,1.072,27,7.24,131.13,Blended,4.1935,0.148066298,9.773812247,,,,1,291620,294560,,"JET A, JET A_1, JP8, JP5",0.8,23580,45.8,Pratt & Whitney,2015,PW_1100G,dual spool geared turbofan,,147280,145810,,,12.5,,,,,2857.6,2.0574,2.224,2.224,3.401,,,1,1,3.0625,3,0,8,0,2,0,3,22300,,10047,100,,100,,,1043,,"EASA E093
1100G Fact Sheet",,Training,0.337376445,C,,0.82,,,11917.68,0,,,,,17.82731381,19.15619009,678.7157782,12,,,,0,0,0,0,0,0,,,
A321_253NX,Airbus,N/A,N/A,"A member of the AIrbus A320 family of short to medium-range, single-body, commercial twin-engine jet ainliners manufactured by Airbus. This aircraft has the new engine option with updated emergency exit locations.",A320Neo,A321-200Neo,Passenger,5259,2,,Airport Planning Manual_A321 / FAA TCDS A318_A319_A320_A321 / TCDS A320 Family / A320XL Webpage,Single,Medium Range,Variant,Commercial,,,,,0,Training,2018,244,185,Turbofan,III,0.99537346,Wingspan,LEAP_1A33,LEAP_1A35,2,4444800,1930,,0,89400,89000,77300,73300,46856,18510,40876,0.52647191,0.823595506,0.067191011,0.207977528,23180,,,,47670,0.867002308,35.8,44.51,11.97,1.072,27,7.24,131.13,Blended,4.1935,0.148066298,9.773812247,,,,1,281920,286100,,"JET A, JET A_1, JP8, JP5",0.8,23580,45.8,CFM International,2015,,"turbofan, dual spool, high bypass",,143050,140960,,,11,40,,,,2990,1.9812,2.543,2.368,3.328,,,1,0,,3,0,10,0,2,0,7,19391,,3894,0.858369099,,0.99009901,,,1025,,"LEAP Overview Brochure, EASA.E.110",1.301466089,Training,0.327686722,C,,0.82,,,11917.68,0,,,,,17.82731381,19.15619009,678.7157782,12,,,,0,0,0,0,0,0,,,
A321_271NX,Airbus,N/A,N/A,"A member of the AIrbus A320 family of short to medium-range, single-body, commercial twin-engine jet ainliners manufactured by Airbus. This aircraft has the new engine option with updated emergency exit locations.",A320Neo,A321-200Neo,Passenger,5259,2,,Airport Planning Manual_A321 / FAA TCDS A318_A319_A320_A321 / TCDS A320 Family / A320XL Webpage,Single,Medium Range,Variant,Commercial,,,,,0,Validation,2018,244,185,Turbofan,III,0.99537346,Wingspan,PW_1133G_JM,PW_1133GA_JM,2,4444800,1930,,0,89400,89000,77300,73300,46856,18510,41140.8,0.52647191,0.823595506,0.06421573,0.207977528,23180,,,,47405.2,0.877431168,35.8,44.51,11.97,1.072,27,7.24,131.13,Blended,4.1935,0.148066298,9.773812247,,,,1,291620,294560,,"JET A, JET A_1, JP8, JP5",0.8,23580,45.8,Pratt & Whitney,2015,PW_1100G,dual spool geared turbofan,,147280,145810,,,12.5,,,,,2857.6,2.0574,2.224,2.224,3.401,,,1,1,3.0625,3,0,8,0,2,0,3,22300,,10047,100,,100,,,1043,,"EASA E093
1100G Fact Sheet",,Training,0.337376445,C,,0.82,,,11917.68,0,,,,,17.82731381,19.15619009,678.7157782,12,,,,0,0,0,0,0,0,,,
A321_272NX,Airbus,N/A,N/A,"A member of the AIrbus A320 family of short to medium-range, single-body, commercial twin-engine jet ainliners manufactured by Airbus. This aircraft has the new engine option with updated emergency exit locations.",A320Neo,A321-200Neo,Passenger,5259,2,,Airport Planning Manual_A321 / FAA TCDS A318_A319_A320_A321 / TCDS A320 Family / A320XL Webpage,Single,Medium Range,Variant,Commercial,,,,,0,Training,2018,244,185,Turbofan,III,0.99537346,Wingspan,LEAP_1A30,,2,4444800,1930,,0,89400,89000,77300,73300,46856,18510,40876,0.52647191,0.823595506,0.067191011,0.207977528,23180,,,,47670,0.867002308,35.8,44.51,11.97,1.072,27,7.24,131.13,Blended,4.1935,0.148066298,9.773812247,,,,1,281920,286100,,"JET A, JET A_1, JP8, JP5",0.8,23580,45.8,CFM International,2015,,"turbofan, dual spool, high bypass",,143050,140960,,,11,40,,,,2990,1.9812,2.543,2.368,3.328,,,1,0,,3,0,10,0,2,0,7,19391,,3894,0.858369099,,0.99009901,,,1025,,"LEAP Overview Brochure, EASA.E.110",1.301466089,Training,0.327686722,C,,0.82,,,11917.68,0,,,,,17.82731381,19.15619009,678.7157782,12,,,,0,0,0,0,0,0,,,
A330_201,Airbus,N/A,N/A,"Two turbo-fan, medium to long range, double-aisle, large category aeroplane",A330,A330-200,Passenger,,2,,FAA TCDS No.A46NM,Double,Long Range,Variant,Commercial,,,,,0,Training,2003,375,,Turbofan,V,0.924460961,Wingspan,CF6_80E1A2,,2,13450000,,,0,230900,230000,185000,173000,125206,,115022.86,0.544373913,0.752173913,0.044274522,,35625,,,,,,60.3,58.82,17.38,2.51,32,11.52,373.06,Canted,7.27,0.217881944,9.746662735,,,,1,537344,574086,,"JET A, JET A_1, JP8, JP5",0.8,139090,437,General Electric,1993,,"dual rotor, axial flow, annular combustor, high bypass turbofan",,287043.74,268672.58,,,5.3,32.4,,,,5091.57,2.794,2.9,2.87,4.28,0.33,0.56,1,0,,4,0,14,0,2,0,5,11105,,3835,0.884955752,,0.865800866,873.6,,998,,Roux /  CF6-80e E41NE_Rev_11 TCDS,1.200887624,Training,0.25443691,C,,0.86,,,12634,0,,,,,19.33983187,20.78190532,616.5228113,12,,,,0,0,0,0,0,0,,,
A330_202,Airbus,N/A,N/A,"Two turbo-fan, medium to long range, double-aisle, large category aeroplane",A330,A330-200,Passenger,,2,,FAA TCDS No.A46NM,Double,Long Range,Baseline,Commercial,,,,,0,Training,1998,375,,Turbofan,V,0.924460961,Wingspan,CF6_80E1A4,,2,13450000,,,0,230900,230000,185000,173000,125206,,115022.86,0.544373913,0.752173913,0.044274522,,35625,,,,,,60.3,58.82,17.38,2.51,32,11.52,373.06,Canted,7.27,0.217881944,9.746662735,,,,1,537344,609672,,"JET A, JET A_1, JP8, JP5",0.8,139090,437,General Electric ,1997,,"dual rotor, axial flow, annular combustor, high bypass turbofan",,297452.58,268672.58,,,5,33.7,,,,5091.57,,2.9,2.87,4.28,0.34,,1,0,,4,0,13,0,2,0,5,11105,,3835,0.884955752,,0.865800866,,,998,,Roux / CF6-80e E41NE_Rev_11 TCDS,1.215817326,Training,0.270208749,C,,0.86,,,12634,0,,,,,19.33983187,20.78190532,616.5228113,12,,,,0,0,0,0,0,0,,,
A330_203,Airbus,N/A,N/A,"Two turbo-fan, medium to long range, double-aisle, large category aeroplane",A330,A330-200,Passenger,,2,,FAA TCDS No.A46NM,Double,Long Range,Variant,Commercial,,,,,0,Training,2002,375,,Turbofan,V,0.924460961,Wingspan,CF6_80E1A3,,2,13450000,,,0,230900,230000,185000,173000,125206,,115022.86,0.544373913,0.752173913,0.044274522,,35625,,,,,,60.3,58.82,17.38,2.51,32,11.52,373.06,Canted,7.27,0.217881944,9.746662735,,,,1,537344,609672,,"JET A, JET A_1, JP8, JP5",0.8,139090,437,General Electric,2001,,"dual rotor, axial flow, annular combustor, high bypass turbofan",,304836.63,268672.58,,,5,33.7,,,,5091.57,,2.9,2.87,4.28,,,1,0,,4,0,14,0,2,0,5,11105,,3835,0.884955752,,0.865800866,,,1013,,Roux /  CF6-80e E41NE_Rev_11 TCDS,1.203376632,Training,0.270208749,C,,0.86,,,12634,0,,,,,19.33983187,20.78190532,616.5228113,12,,,,0,0,0,0,0,0,,,
A330_223,Airbus,N/A,N/A,"Two turbo-fan, medium to long range, double-aisle, large category aeroplane",A330,A330-200,Passenger,,2,,FAA TCDS No.A46NM,Double,Long Range,Variant,Commercial,,,,,0,Training,1999,375,,Turbofan,V,0.924460961,Wingspan,PW_4168A,"PW_4168_1D , PW_4170",2,13450000,,,0,230900,230000,185000,173000,125206,,113503.4,0.544373913,0.752173913,0.05088087,,35625,,,,,,60.3,58.82,17.38,2.51,32,11.52,373.06,Canted,7.27,0.217881944,9.746662735,,,,1,528066,610296,,"JET A, JET A_1, JP8, JP5",0.8,139090,437,Pratt & Whitney,1998,PW_4000_100,"dual spool turbofan. Successor to the JT series. -100 refers to a 100"" diameter fan",,305140,264030,,1.75,4.9,32.4,,,,5851.3,2.54,3.13,3.13,4.25,,,1,0,,5,0,11,0,2,0,5,10450,,3600,100,,100,877.2,,615,,"Roux
EASA E043
PW4000 100 Infographic",1.227031152,Training,0.270485308,C,,0.86,,,12634,0,,,,,19.33983187,20.78190532,616.5228113,12,,,,0,0,0,0,0,0,,,
A330_243,Airbus,N/A,N/A,"Two turbo-fan, medium to long range, double-aisle, large category aeroplane",A330,A330-200,Passenger,,2,,FAA TCDS No.A46NM,Double,Long Range,Variant,Commercial,,,,,0,Training,2000,375,,Turbofan,V,0.924460961,Wingspan,Trent_772B_60,,2,13450000,,,0,230900,230000,185000,173000,125206,,112886,0.544373913,0.752173913,0.053565217,,35625,,,,,,60.3,58.82,17.38,2.51,32,11.52,373.06,Canted,7.27,0.217881944,9.746662735,,,,1,564924,632536,,"JET A, JET A_1, JP8, JP5",0.8,139090,437,Rolls Royce,1997,,"triple spool, high bypass turbofan",,316300,287200,,,5,36,,,,6160,2.47396,2.742,2.742,5.639,,0.584,1,0,,0,8,6,0,1,1,4,10611,7000,3900,99.1,100.8,98.2,,,850,,"Roux
EASA E042
FAA E39NE
Engine Values Book",1.269853148,Training,0.280342153,C,,0.86,,,12634,0,,,,,19.33983187,20.78190532,616.5228113,12,,,,0,0,0,0,0,0,,,
A330_223F,Airbus,N/A,N/A,"Two turbo-fan, medium to long range, double-aisle, large category aeroplane",A330,A330-200,Cargo,,2,,FAA TCDS No.A46NM,,Long Range,Variant,N/A,,,,,0,Training,2010,375,,Turbofan,V,0.924460961,Wingspan,PW_4170,PW_4168A_1D,2,13450000,,,0,233900,230000,182000,173000,109000,,97297.4,0.473913043,0.752173913,0.05088087,,35625,,,,,,60.3,58.82,16.88,2.52,32,11.59,374.46,Canted,7.27,0.217428818,9.710222721,,,,1,528066,622750,,"JET A, JET A_1, JP8, JP5",0.8,97530,354,Pratt & Whitney,2009,PW_4000_100,"dual spool turbofan. Successor to the JT series. -100 refers to a 100"" diameter fan",,311370,264030,,1.76,4.9,34.1,,,,5851.3,2.54,3.13,3.13,4.25,,,1,0,,5,0,11,0,2,0,5,10450,,3680,100,,100,,,615,,"Roux
EASA E043
PW4000 100 Infographic",1.230727833,Training,0.276004964,C,,0.86,,,12527.28,0,,,,,19.3727938,20.81793867,614.217807,12,,,,0,0,0,0,0,0,,,
A330_243F,Airbus,N/A,N/A,"Two turbo-fan, medium to long range, double-aisle, large category aeroplane",A330,A330-200,Cargo,,2,,FAA TCDS No.A46NM,,Long Range,Variant,N/A,,,,,0,Training,2010,375,,Turbofan,V,0.924460961,Wingspan,Trent_772B_60,,2,13450000,,,0,233900,230000,182000,173000,109000,,96680,0.473913043,0.752173913,0.053565217,,35625,,,,,,60.3,58.82,16.88,2.52,32,11.59,374.46,Canted,7.27,0.217428818,9.710222721,,,,1,565456,632536,,"JET A, JET A_1, JP8, JP5",0.8,97530,354,Rolls Royce,1997,,"triple spool, high bypass turbofan",,316300,287200,,,5,36,,,,6160,2.47396,2.742,2.742,5.639,,0.584,1,0,,0,8,6,0,1,1,4,10611,7000,3900,99.1,100.8,98.2,,,850,,"Roux
EASA E042
FAA E39NE
Engine Values Book",1.269853148,Training,0.280342153,C,,0.86,,,12527.28,0,,,,,19.3727938,20.81793867,614.217807,12,,,,0,0,0,0,0,0,,,
A330_301,Airbus,N/A,N/A,"Two turbo-fan, medium to long range, double-aisle, large category aeroplane",A330,A330-300,Passenger,,2,,FAA TCDS No.A46NM,Double,Long Range,Baseline,Commercial,,,,,0,Training,1993,375,,Turbofan,V,0.924460961,Wingspan,CF6_80E1A2,,2,11750000,,,0,242900,242000,187000,171000,129640,,119456.86,0.535702479,0.70661157,0.042079091,,35625,,,,,,60.3,63.66,16.83,2.51,32,11.519,374.88,Canted,7.27,0.217900859,9.69934379,,,,1,537344,574086,,"JET A, JET A_1, JP8, JP5",0.8,97885,354,General Electric,1993,,"dual rotor, axial flow, annular combustor, high bypass turbofan",,287043.74,268672.58,,,5.3,32.4,,,,5091.57,2.794,2.9,2.87,4.28,0.33,0.56,1,0,,4,0,14,0,2,0,5,11105,,3835,0.884955752,,0.865800866,873.6,,998,,Roux /  CF6-80e E41NE_Rev_11 TCDS,1.200887624,Training,0.241820204,C,,0.86,,,12634,0,,,,,19.30233748,20.74241048,645.5399061,12,,,,0,0,0,0,0,0,,,
A330_302,Airbus,N/A,N/A,"Two turbo-fan, medium to long range, double-aisle, large category aeroplane",A330,A330-300,Passenger,,2,,FAA TCDS No.A46NM,Double,Long Range,Variant,Commercial,,,,,0,Training,2007,375,,Turbofan,V,0.924460961,Wingspan,CF6_80E1A4,,2,11750000,,,0,242900,242000,187000,171000,129640,,119456.86,0.535702479,0.70661157,0.042079091,,35625,,,,,,60.3,63.66,16.83,2.51,32,11.519,374.88,Canted,7.27,0.217900859,9.69934379,,,,1,537344,594904,,"JET A, JET A_1, JP8, JP5",0.8,97530,354,General Electric ,1997,,"dual rotor, axial flow, annular combustor, high bypass turbofan",,297452.58,268672.58,,,5,33.7,,,,5091.57,,2.9,2.87,4.28,0.34,,1,0,,4,0,13,0,2,0,5,11105,,3835,0.884955752,,0.865800866,,,998,,Roux / CF6-80e E41NE_Rev_11 TCDS,1.215817326,Training,0.250589296,C,,0.86,,,12634,0,,,,,19.30233748,20.74241048,645.5399061,12,,,,0,0,0,0,0,0,,,
A330_303,Airbus,N/A,N/A,"Two turbo-fan, medium to long range, double-aisle, large category aeroplane",A330,A330-300,Passenger,,2,,FAA TCDS No.A46NM,Double,Long Range,Variant,Commercial,,,,,0,Training,2007,375,,Turbofan,V,0.924460961,Wingspan,CF6_80E1A3,,2,11750000,,,0,242900,242000,187000,171000,129640,,119456.86,0.535702479,0.70661157,0.042079091,,35625,,,,,,60.3,63.66,16.83,2.51,32,11.519,374.88,Canted,7.27,0.217900859,9.69934379,,,,1,537344,609672,,"JET A, JET A_1, JP8, JP5",0.8,97530,354,General Electric,2001,,"dual rotor, axial flow, annular combustor, high bypass turbofan",,304836.63,268672.58,,,5,33.7,,,,5091.57,,2.9,2.87,4.28,,,1,0,,4,0,14,0,2,0,5,11105,,3835,0.884955752,,0.865800866,,,1013,,Roux /  CF6-80e E41NE_Rev_11 TCDS,1.203376632,Training,0.256809968,C,,0.86,,,12634,0,,,,,19.30233748,20.74241048,645.5399061,12,,,,0,0,0,0,0,0,,,
A330_321,Airbus,N/A,N/A,"Two turbo-fan, medium to long range, double-aisle, large category aeroplane",A330,A330-300,Passenger,,2,,FAA TCDS No.A46NM,Double,Long Range,Variant,Commercial,,,,,0,Validation,1999,375,,Turbofan,V,0.924460961,Wingspan,PW_4164,PW_4164_1D,2,11750000,,,0,242900,242000,187000,171000,129640,,117937.4,0.535702479,0.70661157,0.048357851,,35625,,,,,,60.3,63.66,16.83,2.51,32,11.519,374.88,Canted,7.27,0.217900859,9.69934379,,,,1,496420,573820,,"JET A, JET A_1, JP8, JP5",0.8,97885,354,Pratt & Whitney,1994,PW_4000_100,"dual spool turbofan. Successor to the JT series. -100 refers to a 100"" diameter fan",,286910,248210,,1.75,4.9,32,,,,5851.3,2.54,3.13,3.13,4.25,,,1,0,,5,0,11,0,2,0,5,10450,,3600,100,,100,877.2,,615,,"Roux
EASA E043
PW4000 100 Infographic",1.226134843,Training,0.241708157,C,,0.86,,,12634,0,,,,,19.30233748,20.74241048,645.5399061,12,,,,0,0,0,0,0,0,,,
A330_322,Airbus,N/A,N/A,"Two turbo-fan, medium to long range, double-aisle, large category aeroplane",A330,A330-300,Passenger,,2,,FAA TCDS No.A46NM,Double,Long Range,Variant,Commercial,,,,,0,Training,1999,375,,Turbofan,V,0.924460961,Wingspan,PW_4168,PW_4168_1D,2,11750000,,,0,242900,242000,187000,171000,129640,,117937.4,0.535702479,0.70661157,0.048357851,,35625,,,,,,60.3,63.66,16.83,2.51,32,11.519,374.88,Canted,7.27,0.217900859,9.69934379,,,,1,528066,610296,,"JET A, JET A_1, JP8, JP5",0.8,97885,354,Pratt & Whitney,1994,PW_4000_100,"dual spool turbofan. Successor to the JT series. -100 refers to a 100"" diameter fan",,305140,264030,,1.75,4.9,32.4,,,,5851.3,2.54,3.13,3.13,4.25,,,1,0,,5,0,11,0,2,0,5,10450,,3600,100,,100,877.2,,615,,"Roux
EASA E043
PW4000 100 Infographic",1.227031152,Validation,0.257072813,C,,0.86,,,12634,0,,,,,19.30233748,20.74241048,645.5399061,12,,,,0,0,0,0,0,0,,,
A330_323,Airbus,N/A,N/A,"Two turbo-fan, medium to long range, double-aisle, large category aeroplane",A330,A330-300,Passenger,,2,,FAA TCDS No.A46NM,Double,Long Range,Variant,Commercial,,,,,0,Training,1999,375,,Turbofan,V,0.924460961,Wingspan,PW_4168A,"PW_4168A_1D , PW_4170",2,11750000,,,0,242900,242000,187000,171000,129640,,117937.4,0.535702479,0.70661157,0.048357851,,35625,,,,,,60.3,63.66,16.83,2.51,32,11.519,374.88,Canted,7.27,0.217900859,9.69934379,,,,1,528066,610296,,"JET A, JET A_1, JP8, JP5",0.8,97530,354,Pratt & Whitney,1998,PW_4000_100,"dual spool turbofan. Successor to the JT series. -100 refers to a 100"" diameter fan",,305140,264030,,1.75,4.9,32.4,,,,5851.3,2.54,3.13,3.13,4.25,,,1,0,,5,0,11,0,2,0,5,10450,,3600,100,,100,877.2,,615,,"Roux
EASA E043
PW4000 100 Infographic",1.227031152,Training,0.257072813,C,,0.86,,,12634,0,,,,,19.30233748,20.74241048,645.5399061,12,,,,0,0,0,0,0,0,,,
A330_341,Airbus,N/A,N/A,"Two turbo-fan, medium to long range, double-aisle, large category aeroplane",A330,A330-300,Passenger,,2,,FAA TCDS No.A46NM,Double,Long Range,Variant,Commercial,,,,,0,Training,2000,375,,Turbofan,V,0.924460961,Wingspan,Trent_768_60,,2,11750000,,,0,242900,242000,187000,171000,129640,,117320,0.535702479,0.70661157,0.050909091,,35625,,,,,,60.3,63.66,16.83,2.51,32,11.519,374.88,Canted,7.27,0.217900859,9.69934379,,,,1,537434,600508,,"JET A, JET A_1, JP8, JP5",0.8,97885,354,Rolls Royce,1994,,"triple spool, high bypass turbofan",,300300,268700,,,5,36,,,,6160,2.47396,2.742,2.742,5.639,,0.584,1,0,,0,8,6,0,1,1,4,10611,7000,3900,99.1,100.8,98.2,876.3,,850,,"Roux
EASA E042
FAA E39NE
Engine Values Book",1.269853148,Training,0.252949849,C,,0.86,,,12634,0,,,,,19.30233748,20.74241048,645.5399061,12,,,,0,0,0,0,0,0,,,
A330_342,Airbus,N/A,N/A,"Two turbo-fan, medium to long range, double-aisle, large category aeroplane",A330,A330-300,Passenger,,2,,FAA TCDS No.A46NM,Double,Long Range,Variant,Commercial,,,,,0,Validation,2000,375,,Turbofan,V,0.924460961,Wingspan,Trent_772_60,,2,11750000,,,0,242900,242000,187000,171000,129640,,117320,0.535702479,0.70661157,0.050909091,,35625,,,,,,60.3,63.66,16.83,2.51,32,11.519,374.88,Canted,7.27,0.217900859,9.69934379,,,,1,565456,632536,,"JET A, JET A_1, JP8, JP5",0.8,97885,354,Rolls Royce,1994,,"triple spool, high bypass turbofan",,316300,282700,,,5,36,,,,6160,2.47396,2.742,2.742,5.639,,0.584,1,0,,0,8,6,0,1,1,4,10611,7000,3900,99.1,100.8,98.2,,,850,,"Roux
EASA E042
FAA E39NE
Engine Values Book",1.269853148,Training,0.266440889,C,,0.86,,,12634,0,,,,,19.30233748,20.74241048,645.5399061,12,,,,0,0,0,0,0,0,,,
A330_343,Airbus,N/A,N/A,"Two turbo-fan, medium to long range, double-aisle, large category aeroplane",A330,A330-300,Passenger,,2,,FAA TCDS No.A46NM,Double,Long Range,Variant,Commercial,,,,,0,Validation,2000,375,,Turbofan,V,0.924460961,Wingspan,Trent_772B_60,,2,11750000,,,0,242900,242000,187000,171000,129640,,117320,0.535702479,0.70661157,0.050909091,,35625,,,,,,60.3,63.66,16.83,2.51,32,11.519,374.88,Canted,7.27,0.217900859,9.69934379,,,,1,565456,632536,,"JET A, JET A_1, JP8, JP5",0.8,97530,354,Rolls Royce,1997,,"triple spool, high bypass turbofan",,316300,287200,,,5,36,,,,6160,2.47396,2.742,2.742,5.639,,0.584,1,0,,0,8,6,0,1,1,4,10611,7000,3900,99.1,100.8,98.2,,,850,,"Roux
EASA E042
FAA E39NE
Engine Values Book",1.269853148,Training,0.266440889,C,,0.86,,,12634,0,,,,,19.30233748,20.74241048,645.5399061,12,,,,0,0,0,0,0,0,,,
A330_743L,Airbus,Beluga XL,N/A,,A330,A330-700,Cargo,,2,,FAA TCDS No.A46NM,,Medium Range,Baseline,N/A,,,,,0,Training,2019,,,Turbofan,V,0.941998727,TailHeight,Trent_772B_60,,2,4000000,,,0,,227000,187000,178000,,,,,0.784140969,0.054273128,,,,,,,,60.3,63.12,18.95,,,,,Canted,7.27,,,,,,1,566258,632536,,"JET A, JET A_1, JP5, JP8",0.8,91300,169,Rolls Royce,1997,,"triple spool, high bypass turbofan",,316300,287200,,,5,36,,,,6160,2.47396,2.742,2.742,5.639,,0.584,1,0,,0,8,6,0,1,1,4,10611,7000,3900,99.1,100.8,98.2,,,850,,"Roux
EASA E042
FAA E39NE
Engine Values Book",1.269853148,Training,0.284047115,C,,0.86,,,10729,0,,,,,,,,12,,,,0,0,0,0,0,0,,,
A330_841,Airbus,Neo,N/A,"Two turbo-fan, medium to long range, double-aisle, large category aeroplane",A330,A330-800,Passenger,,2,,FAA TCDS No.A46NM,Double,Long Range,Baseline,Commercial,,,,,0,Training,,406,257,Turbofan,V,0.981185763,Wingspan,Trent_7000_72,,2,13900000,,,0,242900,242000,186000,172000,130499,,117609,0.539252066,0.710743802,0.053264463,,38570,,,,,,64,58.82,17.38,,,,,Blended,7.27,,,,,,1,578312,647962,,"JET A, JET A_1, JP6, JP8",0.8,139090,279,Rolls Royce,2018,,triple spool high bypass turbofan. Improved trent 1000,,324000,298200,,,10,50,,0.86,12634,6445,2.85,3.674,3.674,4.775,,0.5085,1,0,,0,8,6,0,1,1,6,13391,8937,2683,99.5,100.8,101.5,1300,,766,1835,"EASA  E036
Trent 7000 Press Release
Trent 7000 RR website
Trent 1000 Infohraphic",1.297970037,Training,0.272938728,C,,0.86,,,12634,0,,,,,,,,12,,,,0,0,0,0,0,0,,,
A330_941,Airbus,N/A,N/A,"Two turbo-fan, medium to long range, double-aisle, large category aeroplane",A330,A330-900,Passenger,,2,,FAA TCDS No.A46NM,Double,Long Range,Baseline,Commercial,,,,,0,Training,2018,440,257,Turbofan,V,0.981185763,Wingspan,Trent_7000_72,,2,12130000,,,0,242900,242000,191000,177000,135093,,122203,0.558235537,0.731404959,0.053264463,,41800,,,,,,64,63.66,16.79,,,,,Blended,7.27,,,,,,1,578312,647962,,"JET A, JET A_1, JP5, JP8",0.8,139090,279,Rolls Royce,2018,,triple spool high bypass turbofan. Improved trent 1000,,324000,298200,,,10,50,,0.86,12634,6445,2.85,3.674,3.674,4.775,,0.5085,1,0,,0,8,6,0,1,1,6,13391,8937,2683,99.5,100.8,101.5,1300,,766,1835,"EASA  E036
Trent 7000 Press Release
Trent 7000 RR website
Trent 1000 Infohraphic",1.297970037,Training,0.272938728,C,,0.86,,,12634,0,,,,,,,,12,,,,0,0,0,0,0,0,,,
B701B_21,Boeing,N/A,N/A,"A low_wing, long_range, single aisle, four_engined jet aircraft. Modified 707_100 and _200 to fit JT3D fan engines",B707,B707-100,Passenger,72,3,,"FAA TCDS No. 4A21,
707 Airport Characteristics Planning Manual(D6_58322) ",Single,Long Range,Variant,Commercial,,,,,0,Training,1961,174,137,Turbofan,IV,0.765145585,Wingspan,JT3D_1,"JT3D_1MC6, JT3D_3, JT3D_3B,  JT3D_1MC7",4,6667200,2500,,0,117100,117000,86300,77200,57600,39800,50079.44,0.492307692,0.65982906,0.064278291,0.34017094,16530,,,,63850.56,0.832403663,39.88,44.22,12.68,,,,,No Wingtip Device,6.14426,,,,,,1,291803.338,320271.9563,,,,65590,,Pratt & Whitney,1960,,"turbofan, dual axial",,78733.522,64499.213,,,1.4,12.5,,,,1880.14,1.349,1.3462,1.4224,,0.52,,2,0,,6,0,7,0,1,0,3,10200,,6800,,,,,,460,,Roux / JT3D TCDS,1.183388472,Training,0.279038445,C,,0.9,,,12801.6,0,,,,,,,,12,,,,0,0,0,0,0,0,,,
B703_211,Boeing,N/A,N/A,"A low_wing, long_range, single aisle, four_engined jet aircraft. Non fan JT4A engine",B707,B707-300,Passenger,69,3,,"FAA TCDS No. 4A26,
707 Airport Characteristics Planning Manual(D6_58322) ",Single,Long Range,Baseline,Commercial,,,,,0,Training,1959,189,141,Turbofan,IV,0.852250925,Wingspan,JT4A_11,"JT4A_1, JT4A_9, JT4A_12",4,7037600,3200,,0,143500,141700,94000,86300,64600,55400,55346.8,0.455892731,0.609033169,0.065301341,0.390966831,17955,,,,82608.2,0.715326081,44.42,46.61,12.78,,,,,No Wingtip Device,6.91642,,,,,,1,265114.0083,311375.5131,83580,,,90160,,Pratt & Whitney,1956,,turbojet,,77843.88,66278.5,20895,,,12.5,,0.8,11000,2313.3,1.08,,,3.66,0.84,0.92,0,0,,8,0,7,0,1,0,2,9355,,7160,,,,116.1,,560,,Roux  / JT4A  TCDS ,1.183388472,Training,0.223998752,C,,0.887,,,12801.6,0,,16.30030768,,,,,,12,,,,0,0,0,0,0,0,,,
B703B_23,Boeing,N/A,N/A,"A low_wing, long_range, single aisle, four_engined jet aircraft. With fan JT3D engine",B707,B707-300,Passenger,174,3,,"FAA TCDS No. 4A26,
707 Airport Characteristics Planning Manual(D6_58322) ",Single,Long Range,Variant,Commercial,,,,,0,Training,1962,189,141,Turbofan,IV,0.852250925,Wingspan,JT3D_3,"JT3D_3B, JT3D_1, JT3D_1MC6, JT3D_1MC7",4,8519200,3300,,0,148900,148500,94000,86300,64700,62200,57097.792,0.435690236,0.581144781,0.05119332,0.418855219,17955,,,,87757.208,0.692168693,44.42,46.61,12.75,,,,,No Wingtip Device,6.91642,,,,,,1,291803.338,320271.9563,89200,,,90290,,,1961,,"turbofan, dual axial",,80067.989,72950.834,22300,1.75,1.25,16,,0.8,,1900.552,1.285,1.3462,1.4224,,0.77,0.76,2,0,,6,0,7,0,1,0,3,10250,,6800,,,,,,490,1233,Roux / JT3D TCDS ,1.203025036,Training,0.219848472,C,,0.887,,,12801.6,0,,16.00626187,,,,,,12,,,,0,0,0,0,0,0,,,
B703_23B_C_P,Boeing,N/A,N/A,"A low_wing, long_range, single aisle, four_engined jet aircraft. With fan JT3D engine. Convertible passenger or cargo or strictly freighter",B707,B707-300,Mixed Pax and Cargo,337,3,,"FAA TCDS No. 4A26,
707 Airport Characteristics Planning Manual(D6_58322) ",Single,Long Range,Variant,Commercial,,,,,0,Training,1962,194,,Turbofan,IV,0.852250925,Wingspan,JT3D_3B,JT3D_7,,,3400,,0,152500,151500,112100,104400,70500,47100,,0.465346535,0.689108911,,0.310891089,18430,,,,,,44.42,46.61,12.75,,,,,No Wingtip Device,6.91642,,,,,,1,,,,,,90290,,Pratt & Whitney,1963,,"turbofan, dual axial",,80067.989,72950.834,,1.74,1.37,13.6,,,,1968.591,1.349,1.3462,1.4224,3.465,0.53,,3,0,,6,0,7,0,1,0,3,10300,,6850,,,,207.7,,490,1144,Roux / JT3D TCDS,1.177188963,Training,,C,,0.887,,,12801.6,0,,,,,,,,12,,,,0,0,0,0,0,0,,,
B703_23B_C,Boeing,N/A,N/A,"A low_wing, long_range, single aisle, four_engined jet aircraft. With fan JT3D engine. Convertible passenger or cargo or strictly freighter",B707,B707-300,Cargo,337,3,,"FAA TCDS No. 4A26,
707 Airport Characteristics Planning Manual(D6_58322) ",,Long Range,Variant,N/A,,,,,0,Training,1962,,,Turbofan,IV,0.852250925,Wingspan,JT3D_3B,JT3D_7,4,5556000,3400,,0,152500,151500,112100,104400,67300,47100,59425.636,0.444224422,0.689108911,0.051976,0.310891089,,,,,,,44.42,46.61,12.75,,,,,No Wingtip Device,6.91642,,,,,,1,291803.338,320271.9563,,,,90290,,Pratt & Whitney,1963,,"turbofan, dual axial",,80067.989,72950.834,,1.74,1.37,13.6,,,,1968.591,1.349,1.3462,1.4224,3.465,0.53,,3,0,,6,0,7,0,1,0,3,10300,,6850,,,,207.7,,490,1144,Roux / JT3D TCDS,1.177188963,Training,0.215495037,C,,0.887,,,12801.6,0,,,,,,,,12,,,,0,0,0,0,0,0,,,
B703_23B_F,Boeing,N/A,N/A,"A low_wing, long_range, single aisle, four_engined jet aircraft. With fan JT3D engine. Convertible passenger or cargo or strictly freighter",B707,B707-300,Cargo,337,3,,"FAA TCDS No. 4A26,
707 Airport Characteristics Planning Manual(D6_58322) ",,Long Range,Variant,N/A,,,,,0,Training,1962,,,Turbofan,IV,0.852250925,Wingspan,JT3D_3B,JT3D_7,4,5556000,3400,,0,152500,151500,112100,104400,61500,47100,53625.636,0.405940594,0.689108911,0.051976,0.310891089,,,,,,,44.42,46.61,12.75,,,,,No Wingtip Device,6.91642,,,,,,1,291803.338,320271.9563,,,,90290,,Pratt & Whitney,1963,,"turbofan, dual axial",,80067.989,72950.834,,1.74,1.37,13.6,,,,1968.591,1.349,1.3462,1.4224,3.465,0.53,,3,0,,6,0,7,0,1,0,3,10300,,6850,,,,207.7,,490,1144,Roux / JT3D TCDS,1.177188963,Training,0.215495037,C,,0.887,,,12801.6,0,,,,,,,,12,,,,0,0,0,0,0,0,,,
B712_3A10,Boeing,McDonnell Douglas MD-95,N/A,twin-engine design for short haul shortfield operation. Sustain fast turnaround at gates,B717,B717-200,Passenger,155,2,,"FAA TCDS No. A6WE,
717_200 Airport Characteristics Planning Manual(D6_58330) ",Single,Short Range,Baseline,Commercial,,,,,0,Training,1999,106,,Turbofan,III,0.789625873,Wingspan,BR715_A1_30,,2,2645000,1900,,0,50349,49895,45362,42638,30617,11163,26447,0.61362862,0.854554565,0.083575509,0.223729833,10070,,,,25403,0.964138094,28.4,37.8,8.8,,,,,No Wingtip Device,3.74396,,,,,,1,166363.4884,168320.7059,,,,13903,,BMW/Rolls-Royce,1998,,turbofan,,83230,78740,,,4.7,32.1,,,,2085,1.422,1.529,,3.738,0.37,,1,0,,2,0,10,0,2,0,3,,,,,,,,,,,"EASA-TCDS E.023
ROUX",1.305825071,Training,0.343883636,C,,0.82,0.77,,11277.6,0,,,,,,,,12,,,,0,0,0,0,0,0,,,
B712_3C10_H,Boeing,McDonnell Douglas MD-95,N/A,twin-engine design for short haul shortfield operation. Sustain fast turnaround at gates,B717,B717-200,Passenger,155,2,,"FAA TCDS No. A6WE,
717_200 Airport Characteristics Planning Manual(D6_58330) ",Single,Short Range,Variant,Commercial,,,,,0,Training,1999,106,,Turbofan,III,0.789625873,Wingspan,BR715_C1_30,,2,3815000,2400,,0,55338,54884,49898,45586,31701,13382,27531,0.577600029,0.83058815,0.075978427,0.243823336,10070,,,,27622,0.98696691,28.4,37.8,8.8,,,,,No Wingtip Device,3.74396,,,,,,1,181665.3708,190650.7784,,,,16665,,BMW/Rolls-Royce,1998,,turbofan,,95330,90840,,,5,32.6,,,,2085,1.422,1.529,,3.738,,,1,0,,2,0,10,0,2,0,3,,,,,,,,,,,"EASA-TCDS E.023
ROUX",1.307378546,Training,0.354098282,C,,0.82,0.77,,11277.6,0,,,,,,,,12,,,,0,0,0,0,0,0,,,
B721_27,Boeing,N/A,N/A,"first Boeing jet to have powered flight controls, triple slotted flaps, and have APU. Low by-pass turbofan",B727,B727-100,Passenger,407,3,,"FAA TCDS No. A3WE,
727 Airport Planning Manual, 727 100/200 Brochure ",Single,Short Range,Baseline,Commercial,,,,,0,Training,1963,125,,Turbofan,III,0.915298723,Wingspan,JT8D_7," JT8D_1, JT8D_1A, JT8D_9",3,3055800,2200,,0,73100,72600,62400,53600,39800,23360,35438.72,0.548209366,0.738292011,0.060072727,0.321763085,11875,,,,39596.28,0.833505572,32.92,40.59,9.68,,,,,No Wingtip Device,4.58978,,,,,,1,168142.7771,186825.3078,56982,,,29069,,Pratt & Whitney,1961,,"dual, axial 13-stage compressor/ four-stage turbine ",,62275,56047.59,18994,1.93,1.07,15.8,,0.8,9144,1453.76,1.08,1.08,1.358,3.138,0.58,0.8,2,0,,4,0,7,0,1,0,3,12250,,8600,,,,142.9,,535,,Roux / JT8D TCDS ,1.236529242,Training,0.2623192,C,,0.9,,,12801.6,0,,12.24975072,,,,,,12,,,,0,0,0,0,0,0,,,
B721_29,Boeing,N/A,N/A,"first Boeing jet to have powered flight controls, triple slotted flaps, and have APU. Low by-pass turbofan",B727,B727-100,Passenger,407,3,,"FAA TCDS No. A3WE,
727 Airport Planning Manual, 727 100/200 Brochure ",Single,Medium Range,Variant,Commercial,,,,,0,Training,1963,131,,Turbofan,III,0.915298723,Wingspan,JT8D_9,"JT8D_1, JT8D_1A, JT8D_7",3,3148400,2400,,0,77200,76700,64700,56100,39800,23360,35374.76,0.518904824,0.731421121,0.057695437,0.304563233,12445,,,,40230.24,0.906526036,32.92,40.59,9.68,,,,,No Wingtip Device,4.58978,,,,,,1,168142.7771,193497.6403,60585,,,29069,,Pratt & Whitney,1967,,"dual, axial 13-stage compresor/ four-stage turbine ",,64499,56047.59,20195,1.91,1.03,15.9,,0.8,9144,1475.08,1.08,1.08,1.358,3.138,0.56,0.8,2,0,,4,0,7,0,1,0,3,12250,,8600,,,,144.7,,540,,Roux / JT8D TCDS,1.237129501,Training,0.257164669,C,,0.9,,,12801.6,0,,12.17190546,,,,,,12,,,,0,0,0,0,0,0,,,
B721_27_C,Boeing,N/A,N/A,727_100 with large cargo door on upper deck. Higher OEW and payload weight than baseline,B727,B727-100,Passenger,164,3,,"FAA TCDS No. A3WE,
727 Airport Planning Manual, 727 100/200 Brochure ",Single,Medium Range,Variant,Commercial,,,,,0,Training,1966,106,,Turbofan,III,0.915298723,Wingspan,JT8D_7," JT8D_1A, JT8D_7, JT8D_9",3,3518800,2200,,0,73100,72600,62400,56100,41400,23360,37038.72,0.570247934,0.772727273,0.060072727,0.321763085,10070,,,,37791.28,0.92107809,32.92,40.59,9.68,,,,,No Wingtip Device,4.58978,,,,,,1,168142.7771,186825.3078,56982,,,29069,,Pratt & Whitney,1961,,"dual, axial 13-stage compressor/ four-stage turbine ",,62275,56047.59,18994,1.93,1.07,15.8,,0.8,9144,1453.76,1.08,1.08,1.358,3.138,0.58,0.8,2,0,,4,0,7,0,1,0,3,12250,,8600,,,,142.9,,535,,Roux / JT8D TCDS ,1.236529242,Training,0.2623192,C,,0.9,,,12801.6,0,,12.24975072,,,,,,12,,,,0,0,0,0,0,0,,,
B721_29_C,Boeing,N/A,N/A,727_100 with large cargo door on upper deck. Higher OEW and payload weight than baseline,B727,B727-100,Cargo,164,3,,"FAA TCDS No. A3WE,
727 Airport Planning Manual, 727 100/200 Brochure ",,Medium Range,Variant,N/A,,,,,0,Training,1966,,,Turbofan,III,0.915298723,Wingspan,JT8D_9,"JT8D_1, JT8D_1A, JT8D_7",3,3889200,2400,,0,77200,76700,64700,59900,41400,23360,36974.76,0.539765319,0.780964798,0.057695437,0.304563233,,,,,,,32.92,40.59,9.68,,,,,No Wingtip Device,4.58978,,,,,,1,168142.7771,193497.6403,60585,,,29069,,Pratt & Whitney,1967,,"dual, axial 13-stage compresor/ four-stage turbine ",,64499,56047.59,20195,1.91,1.03,15.9,,0.8,9144,1475.08,1.08,1.08,1.358,3.138,0.56,0.8,2,0,,4,0,7,0,1,0,3,12250,,8600,,,,144.7,,540,,Roux / JT8D TCDS,1.237129501,Training,0.257164669,C,,0.9,,,12801.6,0,,12.17190546,,,,,,12,,,,0,0,0,0,0,0,,,
B722_27,Boeing,N/A,N/A,extended body version of 727_100,B727,B727-200,Passenger,1245,3,,"FAA TCDS No. A3WE,
727 Airport Planning Manual, 727 100/200 Brochure ",Single,Short Range,Variant,Commercial,,,,,0,Training,1967,134,,Turbofan,III,0.915298723,Wingspan,JT8D_7,JT8D_9A,3,2778000,2550,,0,78500,78100,68100,61700,44330,24600,39968.72,0.567605634,0.790012804,0.055842254,0.314980794,12730,,,,41691.28,0.873293408,32.92,46.68,9.61,,,,,No Wingtip Device,4.58978,,,,,,1,168142.7771,186825.3078,56982,,,30620,,Pratt & Whitney,1961,,"dual, axial 13-stage compressor/ four-stage turbine ",,62275,56047.59,18994,1.93,1.07,15.8,,0.8,9144,1453.76,1.08,1.08,1.358,3.138,0.58,0.8,2,0,,4,0,7,0,1,0,3,12250,,8600,,,,142.9,,535,,Roux / JT8D TCDS ,1.236529242,Training,0.243846016,C,,0.9,,,12801.6,0,,13.17776214,,,,,,12,,,,0,0,0,0,0,0,,,
B722_29,Boeing,N/A,N/A,extended body version of 727_100,B727,B727-200,Passenger,1245,3,,"FAA TCDS No. A3WE,
727 Airport Planning Manual, 727 100/200 Brochure ",Single,Short Range,Variant,Commercial,,,,,0,Training,1967,189,,Turbofan,III,0.915298723,Wingspan,JT8D_9,"JT8D_7, JT8D_9A",3,2407600,2900,,0,84400,83900,70100,62700,44310,24600,39884.76,0.528128725,0.747318236,0.052744219,0.293206198,17955,,,,46980.24,0.785857203,32.92,46.68,9.61,,,,,No Wingtip Device,4.58978,,,,,,1,168142.7771,193497.6403,60585,,,30620,,Pratt & Whitney,1967,,"dual, axial 13-stage compresor/ four-stage turbine ",,64499,56047.59,20195,1.91,1.03,15.9,,0.8,9144,1475.08,1.08,1.08,1.358,3.138,0.56,0.8,2,0,,4,0,7,0,1,0,3,12250,,8600,,,,144.7,,540,,Roux / JT8D TCDS,1.237129501,Training,0.23509571,C,,0.9,,,12801.6,0,,13.31450936,,,,,,12,,,,0,0,0,0,0,0,,,
B722_215,Boeing,N/A,N/A,extended body version of 727_100,B727,B727-200,Passenger,1245,3,,"FAA TCDS No. A3WE,
727 Airport Planning Manual, 727 100/200 Brochure ",Single,Short Range,Variant,Commercial,,,,,0,Training,1967,155,,Turbofan,III,0.915298723,Wingspan,JT8D_15,"JT8D_17, JT8D_17R",3,2963200,2500,,0,86700,86500,70100,63600,44390,24600,39744.32,0.513179191,0.735260116,0.053707283,0.284393064,14725,,,,43970.68,0.967219975,32.92,46.68,9.61,,,,,No Wingtip Device,4.58978,,,,,,1,183489.1416,206842.3051,65655,,,30620,,Pratt & Whitney,1971,,"dual, axial 13-stage compressor/ four-stage turbine ",,68947.4,61163.05,21885,,1.03,16.5,,0.8,9144,1548.56,1.08,1.08,1.358,3.138,0.63,0.81,2,0,,6,0,7,0,1,0,3,12250,,8800,,,,146.1,,580,,Roux / JT8D TCDS,1.205495508,Training,0.243755405,C,,0.9,,,12801.6,0,,12.66708312,,,,,,12,,,,0,0,0,0,0,0,,,
B722_217,Boeing,N/A,N/A,extended body version of 727_100,B727,B727-200,Passenger,1245,3,,"FAA TCDS No. A3WE,
727 Airport Planning Manual, 727 100/200 Brochure ",Single,Medium Range,Variant,Commercial,,,,,0,Training,1967,189,,Turbofan,III,0.915298723,Wingspan,JT8D_17,"JT8D_15, JT8D_17R",3,3333600,2600,,0,89800,89400,70100,63600,44510,24500,39842.54,0.49787472,0.711409396,0.052208725,0.274049217,17955,,,,47122.46,0.897184485,32.92,46.68,9.61,,,,,No Wingtip Device,4.58978,,,,,,1,202838.9057,213514.6375,68592,,,30510,,Pratt & Whitney,1974,,"dual, axial 13-stage compresor/ four-stage turbine ",,71171.55,67612.97,22864,,1.01,16.9,,0.8,9144,1555.82,1.08,1.08,1.358,3.138,0.6,0.81,2,0,,6,0,7,0,1,0,3,12250,,8800,,,,147,,610,,Roux / JT8D TCDS,1.20742208,Training,0.243456362,C,,0.88,,,12801.6,0,,12.53119163,,,,,,12,,,,0,0,0,0,0,0,,,
B731_27,Boeing,N/A,"""Original"" generation","Popular, single_body, twinjet, short range aircraft ",B737,B737-100,Passenger,30,2,,"FAA TCDS No. A16WE,
737 Airport Characteristics Planning Manual(D6_58325_6) ",Single,Short Range,Baseline,Commercial,,,,,0,Training,1967,124,,Turbofan,III,0.818751823,TailHeight,JT8D_7,"JT8D_7,  _7A, _7B
JT8D_9, _9A
JT8D_15 ",2,2037200,1700,,0,44361,44361,43998,40687,26581,10758,23673.48,0.599197493,0.917179505,0.065542256,0.242510313,11780,,,,25445.52,0.743371721,28.35,27.61,11.23,,,,,No Wingtip Device,3.4163,,,,,,1,112095.1847,124550.2052,37988,"JP_1, JP_4 and JP_5 ",,13399,,Pratt & Whitney,1961,,"dual, axial 13-stage compressor/ four-stage turbine ",,62275,56047.59,18994,1.93,1.07,15.8,,0.8,9144,1453.76,1.08,1.08,1.358,3.138,0.58,0.8,2,0,,4,0,7,0,1,0,3,12250,,8600,,,,142.9,,535,,Roux / JT8D TCDS ,1.236529242,Training,0.286202954,C,,,,,10668,0,,11.22750396,,,,,,12,,,,0,0,0,0,0,0,,,
B732_27,Boeing,N/A,"""Original"" generation","Popular, single_body, twinjet, short range aircraft ",B737,B737-200,Passenger,991,2,,"FAA TCDS No. A16WE,
737 Airport Characteristics Planning Manual(D6_58325_6) ",Single,Short Range,Baseline,Commercial,,,,,0,Training,1967,136,103,Turbofan,III,0.818751823,TailHeight,JT8D_9,"JT8D_7, _7A, _7B
JT8D_9A,
JT8D_15, _15A 
 JT8D_17, _17A",2,1296400,1700,,0,45722,45359,43091,38555,27624,10515,24673.84,0.609008135,0.849996693,0.065040235,0.23181728,12920,,,,26385.16,0.719110288,28.35,30.53,11.23,1.61,36,5.95,98.02,No Wingtip Device,3.4163,0.270588235,8.199576617,,,,1,112095.1847,124550.2052,40390,"JP_1, JP_4 and JP_5",,13096,,Pratt & Whitney,1967,,"dual, axial 13-stage compresor/ four-stage turbine ",,64499,56047.59,20195,1.91,1.03,15.9,,0.8,9144,1475.08,1.08,1.08,1.358,3.138,0.56,0.8,2,0,,4,0,7,0,1,0,3,12250,,8600,,,,144.7,,540,,Roux / JT8D TCDS,1.237129501,Training,0.279905846,C,,,,,10668,0,,10.79736883,,,16.50142918,16.50142918,462.7524995,12,,,,0,0,0,0,0,0,,,
B732_27_C,Boeing,N/A,"""Original"" generation","Popular, single_body, twinjet, short range aircraft ",B737,B737-200,Passenger,104,2,,"FAA TCDS No. A16WE,
737 Airport Characteristics Planning Manual(D6_58325_6) ",Single,Short Range,Variant,Commercial,,,,,0,Validation,1968,136,,Turbofan,III,0.818751823,TailHeight,JT8D_9,"JT8D_7A, JT8D_7B, JT8D_9, JT8D_15, JT8D15A, JT8D_17, and JT8D_17A",2,2685400,1700,,0,49895,49442,44452,39916,27714,12764,24763.84,0.560535577,0.807329801,0.059669107,0.258161078,12920,,,,28634.16,0.726678904,28.35,30.53,11.23,1.61,36,5.95,98.02,No Wingtip Device,3.4163,0.270588235,8.199576617,,,,1,112095.1847,124550.2052,40390,"JP_1, JP_4 and JP_6",,15897,,Pratt & Whitney,1967,,"dual, axial 13-stage compresor/ four-stage turbine ",,64499,56047.59,20195,1.91,1.03,15.9,,0.8,9144,1475.08,1.08,1.08,1.358,3.138,0.56,0.8,2,0,,4,0,7,0,1,0,3,12250,,8600,,,,144.7,,540,,Roux / JT8D TCDS,1.237129501,Training,0.25679077,C,,,,,10668,0,,11.76929628,,,16.50142918,16.50142918,504.4072638,12,,,,0,0,0,0,0,0,,,
B733_13B,Boeing,N/A,"""Classic"" generation","Popular, single_body, twinjet, short range aircraft ",B737,B737-300,Passenger,1113,2,,"FAA TCDS No. A16WE,
737 Airport Characteristics Planning Manual(D6_58325_6) ",Single,Short Range,Baseline,Commercial,,,,,0,Training,1984,149,,Turbofan,III,0.807086614,TailHeight,CFM56_3B1,"CFM 56_3C_1,
CFM56_3B2 ",2,3028020,1981,,0,56699,56472,51710,47627,31479,16141,27547,0.557426689,0.843373707,0.069627426,0.285823063,14155,,,,34228,0.649877293,28.88,33.4,11.07,1.56,36,5.8,102.46,No Wingtip Device,3.4163,0.268965517,8.140292797,,,,1,182377.0862,196611.3954,41368.46,Jet A ,0.785,20102,,CFM International,1984,,"turbofan, dual spool, high bypass",,88964.432,,20684.23,,6,22.6,27.5,0.8,10668,1966,1.524,2.018,1.817,2.364,0.38,0.67,1,0,,3,0,9,0,1,0,4,15183,,5490,0.952380952,,0.943396226,297.103,,895,,https://web.archive.org/web/20080927015655/http://www.cfm56.com/products/cfm56-3/9674,1.271048691,Validation,0.354900417,C,,0.82,,,11277.6,0,,13.12478306,,,16.20620903,16.20620903,551.1614289,12,,,,0,0,0,0,0,0,,,
B734_13B,Boeing,N/A,"""Classic"" generation","Popular, single_body, twinjet, short range aircraft ",B737,B737-400,Passenger,486,2,,"FAA TCDS No. A16WE,
737 Airport Characteristics Planning Manual(D6_58325_6) ",Single,Short Range,Baseline,Commercial,,,,,0,Validation,1988,189,,Turbofan,III,0.807086614,TailHeight,CFM56_3B2,CFM56_3C ,2,3531764,2240,,0,63049,62823,54885,51256,33189,16141,29257,0.528293778,0.815879535,0.062588542,0.256928195,17955,,,,38028,0.652019565,28.88,36.4,11.07,1.57,36,5.95,102.5,No Wingtip Device,3.4163,0.263865546,8.137116098,,,,1,194476.249,209066.4159,44838.08,Jet A ,0.785,20102,,CFM International,1984,,"turbofan, dual spool, high bypass",,97860.875,91180,22419.04,,5.9,24.3,28.8,0.8,10668,1966,1.524,2.018,1.817,2.364,0.39,0.67,1,0,,3,0,9,0,1,0,4,15183,,5490,0.952380952,,0.943396226,309.804,,895,,https://web.archive.org/web/20080927015655/http://www.cfm56.com/products/cfm56-3/9674 ,1.278159634,Training,0.33923183,C,,0.82,,,11277.6,0,,13.47100454,,,16.20361529,16.20361529,612.9073171,12,,,,0,0,0,0,0,0,,,
B735_13B,Boeing,N/A,"""Classic"" generation",shortened fuselage version of 737_300,B737,B737-500,Passenger,389,2,,"FAA TCDS No. A16WE,
737 Airport Characteristics Planning Manual(D6_58325_6) ",Single,Short Range,Variant,Commercial,,,,,0,Training,1990,149,,Turbofan,III,0.807086614,TailHeight,CFM56_3B1,CFM56_3B1,2,2620580,1792,,0,52617,52390,498965,46493,31311,16141,27379,0.597652224,0.887440351,0.075052491,0.308093148,14155,,,,34228,0.530618207,28.88,31.01,11.07,1.57,36,5.95,102.04,No Wingtip Device,3.4163,0.263865546,8.17379851,,,,1,168142.7771,178818.5089,41368.46,Jet A ,0.785,20102,,CFM International,1984,,"turbofan, dual spool, high bypass",,88964.432,,20684.23,,6,22.6,27.5,0.8,10668,1966,1.524,2.018,1.817,2.364,0.38,0.67,1,0,,3,0,9,0,1,0,4,15183,,5490,0.952380952,,0.943396226,297.103,,895,,https://web.archive.org/web/20080927015655/http://www.cfm56.com/products/cfm56-3/9674,1.271048691,Validation,0.347932553,C,,0.82,,,11277.6,0,,12.17607636,,,16.23351839,16.23351839,513.4261074,12,,,,0,0,0,0,0,0,,,
B736_17B,Boeing,N/A,"""Next Generation""","same fudelage as 737_500 with new wing, stabilizer, and tail section.",B737,B737-600,Passenger,69,2,,"FAA TCDS No. A16WE,
737 Airport Characteristics Planning Manual(D6_58325_6) ",Single,Medium Range,Baseline,Commercial,,,,,0,Training,1998,130,,Turbofan,III,0.954223942,Wingspan,CFM56_7B20,"CFM56-7B20/2*
CFM56-7B20/3
CFM56-7B20E 
CFM56-7B22 
CFM56-7B22/2*
CFM56-7B22/3
CFM56-7B22E",2,3704000,1300,,0,56472,56245,54658,51483,36378,20894,31606,0.646777491,0.915334696,0.084843097,0.37148191,12350,,,,38016,0.479508628,34.32,31.24,12.7,1.09,35,6.16,112,Blended,3.957574,0.176948052,10.51662857,,,,1,172590.9987,183266.7305,48486,Jet A,0.785,26022,,CFM International,1994,,"turbofan, dual spool, high bypass",,91630,86300,24243,,5.6,22.7,32.3,0.8,10668,2386,1.549,2.118,1.829,2.508,0.36,0.63,1,0,,3,0,9,0,1,0,4,15183,,5382,0.952380952,,0.961538462,,,925,,"EASA TCDS E.004,
Roux",1.271480434,Training,0.332147283,C,,0.82,,,12496.8,0,,11.15310736,,,17.85725783,19.17824745,502.1875,12,,,,0,0,0,0,0,0,,,
B737_17B,Boeing,N/A,"""Next Generation""","Popular, single_body, twinjet, short range aircraft ",B737,B737-700,Passenger,1128,2,,"FAA TCDS No. A16WE,
737 Airport Characteristics Planning Manual(D6_58325_6) ",Single,Long Range,Baseline,Commercial,,,,,0,Validation,1997,148,,Turbofan,III,0.954223942,Wingspan,CFM56_7B24,"CFM56-7B24/2* 
CFM56-7B24/3 
CFM56-7B24E 
CFM56-7B24/B1** 
CFM56-7B24/3B1** 
CFM56-7B24E/B1** 
CFM56-7B22 ",2,7222800,1700,,0,60555,60328,58060,54658,37648,20894,32876,0.624055165,0.906013791,0.079100915,0.346340008,14060,,,,39726,0.518602427,34.32,33.63,12.67,1.38,35,6.4,120,Blended,3.957574,0.215625,9.81552,,,,1,202838.9057,215293.9262,48752,Jet A,0.785,26022,,CFM International,1994,,"turbofan, dual spool, high bypass",,107650,101420,24376,,5.3,26,32.8,0.8,10668,2386,1.549,2.118,1.829,2.508,0.37,0.63,1,0,,3,0,9,0,1,0,4,15183,,5382,0.952380952,,0.961538462,,,925,,"EASA TCDS E.004,
Roux",1.28482537,Training,0.363784208,C,,0.82,,,12496.8,0,,11.89747524,,,17.37529166,18.66985704,502.7333333,12,,,,0,0,0,0,0,0,,,
B737_17B_W,Boeing,N/A,"""Next Generation""","Popular, single_body, twinjet, short range aircraft , WITH WINGLETS",B737,B737-700,Passenger,1128,2,,"FAA TCDS No. A16WE,
737 Airport Characteristics Planning Manual(D6_58325_6) ",Single,Long Range,Variant,Commercial,,,,,0,Training,2001,148,,Turbofan,III,0.995095422,Wingspan,CFM56_7B24,,2,6389400,1600,,0,69626,69400,58060,54658,37648,20894,32876,0.542478386,0.787579251,0.068760807,0.301066282,14060,,,,39726,0.746966722,35.79,33.63,12.57,1.15,35,6.4,121.6,Scimitar,3.957574,0.1796875,10.5339153,,,,1,202840,215300,48752,Jet A,0.785,26022,,CFM International,1994,,"turbofan, dual spool, high bypass",,107650,101420,24376,,5.3,26,32.8,0.8,10668,2386,1.549,2.118,1.829,2.508,0.37,0.63,1,0,,3,0,9,0,1,0,4,15183,,5382,0.952380952,,0.961538462,,,925,,"EASA TCDS E.004,
Roux",1.28482537,Training,0.31623909,C,,0.82,,,12496.8,0,,13.68659298,,,17.86884462,19.19048242,570.7236842,12,,,,0,0,0,0,0,0,,,
B737_17B_C,Boeing,N/A,"""Next Generation""",Convertible to cargo version of B700,B737,B737-700,Mixed Pax and Cargo,22,2,,"FAA TCDS No. A16WE,
737 Airport Characteristics Planning Manual(D6_58325_6) ",Single,Long Range,Variant,Commercial,,,,,0,Training,2000,148,,Turbofan,III,0.954223942,Wingspan,CFM56_7B24,,2,6296800,1600,,0,70307,70080,58604,55202,37648,20894,32876,0.537214612,0.787699772,0.068093607,0.298144977,14060,,,,39726,0.764083975,34.32,33.63,12.67,,,,,Blended,3.957574,,,,,,1,202840,215300,48752,Jet A,0.785,26022,,CFM International,1994,,"turbofan, dual spool, high bypass",,107650,101420,24376,,5.3,26,32.8,0.8,10668,2386,1.549,2.118,1.829,2.508,0.37,0.63,1,0,,3,0,9,0,1,0,4,15183,,5382,0.952380952,,0.961538462,,,925,,"EASA TCDS E.004,
Roux",1.28482537,Training,0.31317056,C,,0.82,,,12496.8,0,,13.82069793,,,,,,12,,,,0,0,0,0,0,0,,,
B738_17B,Boeing,N/A,"""Next Generation""","Popular, single_body, twinjet, short range aircraft ",B737,B737-800,Passenger,4989,2,,"FAA TCDS No. A16WE,
737 Airport Characteristics Planning Manual(D6_58325_6) ",Single,Long Range,Baseline,Commercial,,,,,0,Training,1998,184,,Turbofan,III,0.954223942,Wingspan,CFM56_7B24,"CFM56_7B24/2* 
CFM56_7B24/3 
CFM56_7B24E
CFM56_7B24/3B1** 
CFM56_7B24E/B1** 
CFM56_7B22

for more check out 
https://web.archive.org/web/20180418031822/http://rgl.faa.gov/Regulatory_and_Guidance_Library/rgMakeModel.nsf/0/8fcf1d1d82007a9e8625823d00778f99/$FILE/A16WE_Rev_61.pdf",2,6111600,1800,,0,70760,70534,65317,61689,41413,20894,36641,0.587135282,0.874599484,0.067655315,0.296225934,17480,,,,43146,0.63477495,34.32,39.47,12.62,1.66,36,6.8,128.7,Blended,3.957574,0.244117647,9.152,,,,1,202838.9057,215293.9262,48752,Jet A,0.785,26022,,CFM International,1994,,"turbofan, dual spool, high bypass",,107650,101420,24376,,5.3,26,32.8,0.8,10668,2386,1.549,2.118,1.829,2.508,0.37,0.63,1,0,,3,0,9,0,1,0,4,15183,,5382,0.952380952,,0.961538462,,,925,,"EASA TCDS E.004,
Roux",1.28482537,Training,0.311146025,C,,0.82,,,12496.8,0,,13.9102327,,,16.8954111,18.16481606,548.049728,12,,,,0,0,0,0,0,0,,,
B738_17B_W,Boeing,N/A,"""Next Generation""","Popular, single_body, twinjet, short range aircraft  WITH WINGLETS",B737,B737-800,Passenger,,2,,"FAA TCDS No. A16WE,
737 Airport Characteristics Planning Manual(D6_58325_6) ",Single,Long Range,Variant,Commercial,,,,,0,Validation,,184,160,Turbofan,III,0.995095422,Wingspan,CFM56_7B24,"CFM56_7B24/2* 
CFM56_7B24/3 
CFM56_7B24E
CFM56_7B24/3B1** 
CFM56_7B24E/B1** 
CFM56_7B22

for more check out 
https://web.archive.org/web/20180418031822/http://rgl.faa.gov/Regulatory_and_Guidance_Library/rgMakeModel.nsf/0/8fcf1d1d82007a9e8625823d00778f99/$FILE/A16WE_Rev_61.pdf",2,9260000,2300,,0,79333,79016,66361,62732,41413,20894,36641,0.524109041,0.793915156,0.060392832,0.264427458,17480,,,,43146,0.831363278,35.79,39.47,12.55,1.2,35,6.4,120.7,Blended,3.957574,0.1875,10.61246147,,,,1,202838.9057,215293.9262,48752,Jet A,0.785,26022,,CFM International,1994,,"turbofan, dual spool, high bypass",,107650,101420,24376,,5.3,26,32.8,0.8,10668,2386,1.549,2.118,1.829,2.508,0.37,0.63,1,0,,3,0,9,0,1,0,4,15183,,5382,0.952380952,,0.961538462,,,925,,"EASA TCDS E.004,
Roux",1.28482537,Training,0.277745947,C,,0.82,,,12496.8,0,,15.58299468,,,17.92132102,19.24590161,654.6478873,12,,,,0,0,0,0,0,0,,,
B739_17B,Boeing,N/A,"""Next Generation""","Popular, single_body, twinjet, short range aircraft ",B737,B737-900,Passenger,52,2,,"FAA TCDS No. A16WE,
737 Airport Characteristics Planning Manual(D6_58325_6) ",Single,Long Range,Baseline,Commercial,,,,,0,Training,2001,189,,Turbofan,III,0.954223942,Wingspan,CFM56_7B24,"CFM56_7B24/3 
CFM56_7B24E
CFM56_7B24/3B1** 
CFM56_7B24E/B1** 
CFM56_7B26
CFM56_7B26/3

for more check out 
https://web.archive.org/web/20180418031822/http://rgl.faa.gov/Regulatory_and_Guidance_Library/rgMakeModel.nsf/0/8fcf1d1d82007a9e8625823d00778f99/$FILE/A16WE_Rev_61.pdf ",2,5185600,2400,,0,74616,74389,66361,62732,42901,20894,38129,0.576711611,0.843296724,0.064149269,0.280874861,17955,,,,43621,0.705348341,34.32,42.11,12.55,1.65,35,6.4,122.5,Blended,3.957574,0.2578125,9.615203265,,,,1,202838.9057,215293.9262,48752,Jet A,0.785,26022,,CFM International,1994,,"turbofan, dual spool, high bypass",,107650,101420,24376,,5.3,26,32.8,0.8,10668,2386,1.549,2.118,1.829,2.508,0.37,0.63,1,0,,3,0,9,0,1,0,4,15183,,5382,0.952380952,,0.961538462,,,925,,"EASA TCDS E.004,
Roux",1.28482537,Training,0.29502176,C,,0.82,,,12496.8,0,,14.67048941,,,17.2330029,18.51998097,607.2571429,12,,,,0,0,0,0,0,0,,,
B739_17B_W,Boeing,N/A,"""Next Generation""","Popular, single_body, twinjet, short range aircraft ",B737,B737-900,Passenger,52,2,,"FAA TCDS No. A16WE,
737 Airport Characteristics Planning Manual(D6_58325_6) ",Single,Long Range,Variant,Commercial,,,,,0,Training,,189,,Turbofan,III,0.954223942,Wingspan,CFM56_7B24,"CFM56_7B24/3 
CFM56_7B24E
CFM56_7B24/3B1** 
CFM56_7B24E/B1** 
CFM56_7B26
CFM56_7B26/3

for more check out 
https://web.archive.org/web/20180418031822/http://rgl.faa.gov/Regulatory_and_Guidance_Library/rgMakeModel.nsf/0/8fcf1d1d82007a9e8625823d00778f99/$FILE/A16WE_Rev_61.pdf",2,5000000,2750,,0,79243,79016,66814,63639,42901,20894,38129,0.54294067,0.805393844,0.060392832,0.264427458,17955,,,,43621,0.811421105,34.32,42.11,12.55,1.15,35,6.4,121.5,Blended,3.957574,0.1796875,9.694340741,,,,1,202838.9057,215293.9262,48752,Jet A,0.785,26022,,CFM International,1994,,"turbofan, dual spool, high bypass",,107650,101420,24376,,5.3,26,32.8,0.8,10668,2386,1.549,2.118,1.829,2.508,0.37,0.63,1,0,,3,0,9,0,1,0,4,15183,,5382,0.952380952,,0.961538462,,,925,,"EASA TCDS E.004,
Roux",1.28482537,Training,0.277745947,C,,0.82,,,12496.8,0,,15.58299468,,,17.28947296,18.57944987,650.3374486,12,,,,0,0,0,0,0,0,,,
B739_17B_ER,Boeing,N/A,"""Next Generation""","Popular, single_body, twinjet, short range aircraft ",B737,B737-900,Passenger,505,2,,"FAA TCDS No. A16WE,
737 Airport Characteristics Planning Manual(D6_58325_6) ",Single,Extended Range,Variant,Commercial,,,,,0,Training,2007,215,,Turbofan,III,0.954223942,Wingspan,CFM56_7B24,"CFM56_7B24/3 
CFM56_7B24E
CFM56_7B24/3B1** 
CFM56_7B24E/B1** 
CFM56_7B26
CFM56_7B26/B1",2,8704400,2000,,0,74616,74389,66361,62732,44677,23817,39905,0.600586108,0.843296724,0.064149269,0.320168304,20425,,,,49014,0.517709226,34.32,42.11,12.55,1.15,35,6.4,121.5,Blended,3.957574,0.1796875,9.694340741,,,,1,202838.9057,215293.9262,48752,Jet A,0.785,26022,,CFM International,1994,,"turbofan, dual spool, high bypass",,107650,101420,24376,,5.3,26,32.8,0.8,10668,2386,1.549,2.118,1.829,2.508,0.37,0.63,1,0,,3,0,9,0,1,0,4,15183,,5382,0.952380952,,0.961538462,,,925,,"EASA TCDS E.004,
Roux",1.28482537,Training,0.29502176,C,,0.82,,,12496.8,0,,14.67048941,,,17.28947296,18.57944987,612.255144,12,,,,0,0,0,0,0,0,,,
B73BBJ1_17B,Boeing,737_700_ER,N/A,"Corporate version of B737_700, utilizes 700 fuselage and 800 wings  and undercarriage",B737,B737-BBJ,Passenger,122,,,"FAA TCDS No. A16WE,
737 Airport Characteristics Planning Manual(D6_58325_6) ",Single,Extended Range,Baseline,Business,,,,,0,Training,,50,19,Turbofan,III,0.995095422,Wingspan,CFM56_7B26,,2,10186000,1900,,0,77791,77564,60781,57152,41887,25460,37115,0.540031458,0.736836677,0.061523387,0.328245062,4750,,,,34982,1.217254588,35.79,33.63,12.57,1.15,35,6.4,121,Blended,3.957574,0.1796875,10.58614959,,,,1,230417.8797,233976.457,48752,Jet A,,31646,,CFM International,1994,,"turbofan, dual spool, high bypass",,116990,115210,24376,,5.1,27.9,32.8,0.8,10668,2386,1.549,2.118,1.829,2.508,0.38,,1,0,,3,0,9,0,1,0,4,15183,,5382,0.952380952,,0.961538462,,,925,,"EASA TCDS E.004,
Roux",1.291815001,Validation,0.307498467,C,,0.82,,,12496.8,0,,15.29664118,,,17.9037732,19.22736844,641.0247934,12,,,,0,0,0,0,0,0,,,
B73MAX8_1LE8,Boeing,N/A,MAX,,B737,B737-MAX,Passenger,"1,196",,,"FAA TCDS No. A16WE,
737 Airport Characteristics Planning Manual(D6_58325_6) ",Single,Long Range,Baseline,Commercial,,,,,0,Training,2017,189,,Turbofan,III,0.998709907,Wingspan,LEAP_1B28,,2,6482000,2450,,0,82871,82644,69308,65952,45000,20730,40488,0.544504138,0.798025265,0.054595615,0.250834906,17955,,,,43197,0.913188416,35.92,39.52,11.86,1.66,36,6.8,,Scimitar,3.957574,0.244117647,,,,,1,255238.9563,260817.0262,,Jet A,0.802837,25817,,,2016,,"turbofan, dual spool, high bypass",,130410,127620,,,9,40,,,,2256,1.7526,2.421,2.256,3.147,0.306,0.5355,1,0,,3,0,10,0,2,0,5,20171,,4586,0.85106383,,0.958772771,,,1013,,"LEAP Overview Brochure, 
TCDS E00088EN",1.301466089,Training,0.321703364,C,,0.82,,,12496.8,0,,,,,,,,12,,,,0,0,0,0,0,0,,,
B73MAX9_1LE8,Boeing,N/A,MAX,,B737,B737-MAX,Passenger,"1,196",,,"FAA TCDS No. A16WE,
737 Airport Characteristics Planning Manual(D6_58325_6) ",Single,Long Range,Variant,Commercial,,,,,0,Training,2018,220, ,Turbofan,III,0.998709907,Wingspan,LEAP_1B28,,2,5926400,3200,,0,88541,88314,74343,70987,47000,20730,42488,0.532191951,0.803802342,0.051090427,0.23473062,20900,,,,46142,0.91396125,35.92,42.11,11.89,,,,,Scimitar,3.957574,,,,,,1,255238.9563,260817.0262,,Jet A,0.802837,25817,,,2016,,"turbofan, dual spool, high bypass",,130410,127620,,,9,40,,,,2256,1.7526,2.421,2.256,3.147,0.306,0.5355,1,0,,3,0,10,0,2,0,5,20171,,4586,0.85106383,,0.958772771,,,1013,,"LEAP Overview Brochure, 
TCDS E00088EN",1.301466089,Training,0.301049129,C,,0.82,,,12496.8,0,,,,,,,,12,,,,0,0,0,0,0,0,,,
B741_23A,Boeing,N/A,N/A," large, long_range, double aisle_body (frist double aisle) airliner",B747,B747-100,Passenger,167,3,,"FAA TCDS No.A20WE, 
747 Airplane Characteristics Airport Planning Manual  from May 1984 (D6_58326), FAA TCDS No.E20EA",Double,Long Range,Baseline,Commercial,,,,,0,Training,1969,480,385,Turbofan,V,0.914342483,Wingspan,JT9D_3A,"JT9D_3AW, JT9D_7, JT9D_7A, JT9D_7F, JT9D_7J",4,7408000,,,0,323400,322100,255800,238780,162500,143475,146691.4,0.504501708,0.741322571,0.049079789,0.4454362,45600,,,,204883.6,0.572112165,59.64,69.8,18.34,4.064,42,14.99,551,No Wingtip Device,8.32612,0.271114076,6.455407623,,,,1,647661.0672,773990.561,181488,,,178700,,Pratt & Whitney,1970,,"turbofan, dual axial 15 stage compressor",,193497.64,161915.27,45372,1.51,5.2,21.5,,0.85,10668,3952.15,2.428,2.43,2.43,3.93,0.35,0.62,1,0,,3,0,11,0,3,0,4,7850,,3650,,,,684.5,,816,,Roux / JT9D TCDS,1.226956684,Training,0.244949147,C,,0.92,,,13746.48,0,,17.06361834,,,16.13281827,16.13281827,584.5735027,12,,,,0,0,0,0,0,0,,,
B741B_352,Boeing,N/A,N/A," large, long_range, double aisle_body (frist double aisle) airliner",B747,B747-100,Passenger,9,3,,"FAA TCDS No.A20WE, 
747 Airplane Characteristics Airport Planning Manual  from May 1984 (D6_58326), FAA TCDS No.E12EU",Double,Long Range,Variant,Commercial,,,,,0,Training,1979,480,452,Turbofan,V,0.914342483,Wingspan,RB211_524B2_19,"RB211_524C2, RB211_524B2_19, RB211_524C2_19, RB211_524D4_19, RB211_524D4_39, JT9D_7A, JT9D_7F",4,9815000,,,0,341500,340100,265300,247170,171840,146085,151600,0.505263158,0.726756836,0.059511908,0.429535431,45600,,,,211925,0.604813023,59.64,69.8,18.34,4.064,42,14.99,551,No Wingtip Device,8.32612,0.271114076,6.455407623,,,,1,796765.4557,873986.583,,,,181950,,Rolls Royce,1978,,triple spool medium bypass turbofan,,218496.64,199191.36,,,5,28,,,,5060,2.154,2.413,2.733,4.582,0.378,,1,0,,0,7,6,0,1,1,3,10611,7000,39000,102,103,98.3,686.3,,732,,"Roux
EASA E062
UK CAA TCDS 1043",1.268727726,Training,0.261956468,C,,0.92,,,13746.48,0,,,,,16.13281827,16.13281827,617.2413793,12,,,,0,0,0,0,0,0,,,
B741B_445_SR,Boeing,N/A,N/A,a 747-100 series airplane with certain modifications to improve the fatigue life.,B747,B747-100,Passenger,29,3,,"FAA TCDS No.A20WE, 
747 Airplane Characteristics Airport Planning Manual  from May 1984 (D6_58326), FAA TCDS No.E23EA",Double,Short Range,Variant,Commercial,,,,,0,Training,1973,550,,Turbofan,,,,CF6_45A2,"RB211_524B2, RB211_524C2, CF6_45A, CF6_45A2, CF6_45B2, CF6_50E2_F, ",4,2963000,,,0,260320,258960,255800,215420,164510,147215,148095.4,0.635271857,0.831865925,0.063386623,0.56848548,52250,,,,215879.6,0.199557531,,,,4.064,42,14.99,551,No Wingtip Device,8.32612,0.271114076,,,,,1,769542.3394,811355.6226,200168,,,183360,,General Electric,1978,,"turbofan, two_spool, high_bypass",,202838.9,192385.58,50042,,4.64,26.3,,0.8,10668,4103.65,2.195,2.3876,2.667,4.6482,,0.63,1,0,,3,0,14,0,2,0,4,10761,,4102,0.913242009,,0.836820084,631.9,,910,,"Roux, FAA TCDS E23EA",1.199185671,Training,0.319381353,C,,0.92,,,13746.48,0,,12.43845259,,,,,469.9818512,12,,,,0,0,0,0,0,0,,,
B741B_27A_SR,Boeing,N/A,N/A,a 747-100 series airplane with certain modifications to improve the fatigue life.,B747,B747-100,Passenger,29,3,,"FAA TCDS No.A20WE, 
747 Airplane Characteristics Airport Planning Manual  from May 1984 (D6_58326), FAA TCDS No.E20EA",Double,Short Range,Variant,Commercial,,,,,0,Training,1979,624,,Turbofan,,,,JT9D_7A,"RB211_524B2, RB211_524C2, CF6_45A, CF6_45A2, CF6_45B2, CF6_50E2_F, JT9D_7F, JT9D_7J",4,3333000,,,0,273500,272100,255800,219950,162890,147215,146778.4,0.598640206,0.808342521,0.059212054,0.541032709,59280,,,,222606.6,0.222335726,,,,4.064,42,14.99,551,No Wingtip Device,8.32612,0.271114076,,,,,1,713138.8894,821141.7102,192696,,,183360,,Pratt & Whitney,1972,,"turbofan, dual axial 15 stage compressor",,205285.43,178284.72,48174,,5.1,22.5,,0.85,10668,4027.9,2.428,2.43,2.43,3.93,0.36,0.62,1,0,,3,0,11,0,2,0,4,8000,,3750,,,,695.8,,880,,Roux / JT9D TCDS,1.230681015,Training,0.307624247,C,,0.92,,,13746.48,0,,13.57638549,,,,,493.8294011,12,,,,0,0,0,0,0,0,,,
B742B_27A,Boeing,N/A,N/A,"extended-range passenger version of the basic 747-100 series aircraft. Identical exterior gemetry to 747-100. Increased structural strength, gross weight, fuel capacity",B747,B747-200,Passenger,225,3,,"FAA TCDS No.A20WE, 
747 Airplane Characteristics Airport Planning Manual  from May 1984 (D6_58326), FAA TCDS No.E20EA",Double,Extended Range,Variant,Commercial,,,,,0,Training,1970,480,452,Turbofan,V,0.914342483,Wingspan,JT9D_7AW,"JT9D_7FW, JT9D_7J, JT9D_7Q",4,9815000,,,0,352800,351500,255800,238780,172860,159250,156748.4,0.491778094,0.679317212,0.0458367,0.453058321,45600,,,,220961.6,0.590774144,59.64,69.8,18.34,4.064,42,14.99,551,No Wingtip Device,8.32612,0.271114076,6.455407623,,,,1,713138.8894,821141.7102,192696,,,198370,,Pratt & Whitney,1972,,"turbofan, dual axial 15 stage compressor",,212046.72,178284.72,48174,,5.1,22.5,,0.85,10668,4027.9,2.428,2.43,2.43,3.93,0.36,0.63,1,0,,3,0,11,0,2,0,4,8000,,3750,,,,695.8,,880,,Roux / JT9D TCDS,1.230681015,Training,0.238135299,C,,0.92,,,13746.48,0,,17.53803564,,,16.13281827,16.13281827,637.9310345,12,,,,0,0,0,0,0,0,,,
B742B_27J,Boeing,N/A,N/A,"extended-range passenger version of the basic 747-100 series aircraft. Identical exterior gemetry to 747-100. Increased structural strength, gross weight, fuel capacity",B747,B747-200,Passenger,225,3,,"FAA TCDS No.A20WE, 
747 Airplane Characteristics Airport Planning Manual  from May 1984 (D6_58326), FAA TCDS No.E20EA",Double,Extended Range,Variant,Commercial,,,,,0,Training,1970,480,452,Turbofan,V,0.914342483,Wingspan,JT9D_7J,,4,9630000,,,0,357400,356000,255800,238780,172570,159250,156458.4,0.484747191,0.670730337,0.045257303,0.447331461,45600,,,,220961.6,0.611139673,59.64,69.8,18.34,4.064,42,14.99,551,No Wingtip Device,8.32612,0.271114076,6.455407623,,,,1,715274.0357,865623.9263,196612,,,198370,,Pratt & Whitney,1976,,"turbofan, dual axial 15 stage compressor",,216405.98,178818.51,49153,,5.1,23.5,,0.85,10668,4027.9,2.428,2.43,2.43,3.93,,0.63,1,0,,3,0,11,0,2,0,4,8000,,3750,,,,721.2,,925,,Roux / JT9D TCDS,1.234253945,Training,0.24786217,C,,0.92,,,13746.48,0,,17.40877834,,,16.13281827,16.13281827,646.0980036,12,,,,0,0,0,0,0,0,,,
B742B_450,Boeing,N/A,N/A,"extended-range passenger version of the basic 747-100 series aircraft. Identical exterior gemetry to 747-100. Increased structural strength, gross weight, fuel capacity",B747,B747-200,Passenger,225,3,,"FAA TCDS No.A20WE, 
747 Airplane Characteristics Airport Planning Manual  from May 1984 (D6_58326), FAA TCDS No.E23EA",Double,Extended Range,Variant,Commercial,,,,,0,Training,1970,480,452,Turbofan,V,0.914342483,Wingspan,CF6_50E2,"JT9D_7J, JT9D_7Q, RB211_524D4, RB211_524B2, RB211_524C2",4,9815000,,,0,364200,362800,265300,238780,173160,158110,156745.4,0.477287762,0.658158765,0.045244212,0.435804851,45600,,,,220124.6,0.648157453,59.64,69.8,18.34,4.064,42,14.99,551,No Wingtip Device,8.32612,0.271114076,6.455407623,,,,1,823810.6432,921671.5187,205596,,,198370,,General Electric,1976,,high bypass turbofan: coaxial front fan driven by multi-stage low pressure turbine,,230417.88,205952.66,51399,,4.31,30.4,,0.8,10668,4103.65,2.195,2.39,2.67,4.65,0.37,0.63,1,0,,3,0,14,0,2,0,4,10761,,4102,0.836820084,,0.913242009,699.5,,910,,Roux /  CF6 E23EA_Rev_21 TCDS,1.208876307,Training,0.25896429,C,,0.92,,,13746.48,0,,16.96605756,,,16.13281827,16.13281827,658.4392015,12,,,,0,0,0,0,0,0,,,
B742B_352,Boeing,N/A,N/A,"extended-range passenger version of the basic 747-100 series aircraft. Identical exterior gemetry to 747-100. Increased structural strength, gross weight, fuel capacity",B747,B747-200,Passenger,225,3,,"FAA TCDS No.A20WE, 
747 Airplane Characteristics Airport Planning Manual  from May 1984 (D6_58326), FAA TCDS No.E12EU",Double,Extended Range,Variant,Commercial,,,,,0,Training,1970,480,452,Turbofan,V,0.914342483,Wingspan,RB211_524D4_19," JT9D_7Q,  JT9D_7R4G2, RB211_524D4, RB211_524B2, RB211_524C2, CF6_50E2",4,10186000,3400,,0,373200,371900,285700,238780,175970,159250,155658,0.473164829,0.642054316,0.054616832,0.428206507,45600,,,,225162,0.651699665,59.64,69.8,18.34,4.064,42,14.99,551,No Wingtip Device,8.32612,0.271114076,6.455407623,,,,1,841959.3873,924874.2382,199812,,,198370,,Rolls Royce,1981,,triple spool medium bypass turbofan,,237801.93,210089.51,49953,,5,29.5,,0.85,10668,5078,2.179,2.413,2.733,4.821,0.397,0.62,1,0,,0,7,6,0,1,1,3,10611,7000,3900,95.2,103,103.7,702.2,,722,,"Roux
EASA E062
UK CAA TCDS 1043",1.273465802,Validation,0.253505565,C,,0.92,,,13746.48,0,,17.89505057,,,16.13281827,16.13281827,674.9546279,12,,,,0,0,0,0,0,0,,,
B742B_27R,Boeing,N/A,N/A,"extended-range passenger version of the basic 747-100 series aircraft. Identical exterior gemetry to 747-100. Increased structural strength, gross weight, fuel capacity",B747,B747-200,Passenger,225,3,,"FAA TCDS No.A20WE, 
747 Airplane Characteristics Airport Planning Manual  from May 1984 (D6_58326), FAA TCDS No.E3NE",Double,Extended Range,Variant,Commercial,,,,,0,Training,1970,480,,Turbofan,V,0.914342483,Wingspan,JT9D_7R4G2," JT9D_7Q,  JT9D_7R4G2, RB211_524D4, RB211_524B2, RB211_524C2, CF6_50E2",4,12038000,,,0,379100,377800,285700,238780,170600,159250,153962.24,0.451561673,0.632027528,0.044038539,0.421519322,45600,,,,221487.76,0.705737599,59.64,69.8,18.34,4.064,42,14.99,551,No Wingtip Device,8.32612,0.271114076,6.455407623,,,,1,893202.9004,974160.5338,217960,,,198370,,Pratt & Whitney,1982,,"turbofan, dual axial 16 stage compressor",,243540.13,223300.72,54490,,4.8,26.3,,0.85,10668,4159.44,2.372,2.44,2.44,3.92,0.36,0.799,1,0,,4,0,11,0,2,0,4,8080,,3825,,,,768.8,,620,,Roux / JT9D E3NE TCDS,1.226725051,Training,0.262844909,C,,0.92,,,13746.48,0,,16.66531293,,,16.13281827,16.13281827,685.6624319,12,,,,0,0,0,0,0,0,,,
B742_27F_M,Boeing,B747_200B_Combi,N/A,Same as 747_200B but has main_deck side cargo door installed . Can either be passenger or passenger/cargo plane. CANNOT be all_cargo,B747,B747-200,Passenger,78,3,,"FAA TCDS No.A20WE, 
747 Airplane Characteristics Airport Planning Manual  from May 1984 (D6_58326), FAA TCDS No.E20EA",Double,Extended Range,Variant,Commercial,,,,,0,Training,,480,452,Turbofan,V,0.914342483,Wingspan,JT9D_7F,,4,9260000,,,0,352800,351500,265300,247170,175550,159250,159438.4,0.49943101,0.703186344,0.0458367,0.453058321,45600,,,,220961.6,0.590774144,59.64,69.8,18.34,4.064,42,14.99,551,No Wingtip Device,8.32612,0.271114076,6.455407623,,,,1,715274.0357,831817.442,196612,,,198370,,Pratt & Whitney ,1974,,"turbofan, dual axial 15 stage compressor",,207954.36,178818.51,49153,,5.1,22.8,,0.85,10668,4027.9,2.428,2.4,2.4,3.93,0.37,0.63,1,0,,3,0,11,0,2,0,4,8000,,3750,,,,709.9,,910,,Roux / JT9D TCDS,1.231768205,Training,0.241231316,C,,0.92,,,13746.48,0,,17.18872356,,,16.13281827,16.13281827,637.9310345,12,,,,0,0,0,0,0,0,,,
B742_27A_M,Boeing,B747_200B_Combi,N/A,Same as 747_200B but has main_deck side cargo door installed . Can either be passenger or passenger/cargo plane. CANNOT be all_cargo,B747,B747-200,Passenger,78,3,,"FAA TCDS No.A20WE, 
747 Airplane Characteristics Airport Planning Manual  from May 1984 (D6_58326)",Double,Extended Range,Variant,Commercial,,,,,0,Training,,480,452,Turbofan,V,0.914342483,Wingspan,JT9D_7AW,JT9D_7J,4,9260000,,,0,357400,356000,285700,247170,175770,159250,159658.4,0.493735955,0.694297753,0.045257303,0.447331461,45600,,,,220961.6,0.611139673,59.64,69.8,18.34,4.064,42,14.99,551,No Wingtip Device,8.32612,0.271114076,6.455407623,,,,1,713138.8894,848186.8976,192696,,,198370,,Pratt & Whitney,1972,,"turbofan, dual axial 15 stage compressor",,212046.72,178284.72,48174,,5.1,22.5,,0.85,10668,4027.9,2.428,2.43,2.43,3.93,0.36,0.63,1,0,,3,0,11,0,2,0,4,8000,,3750,,,,695.8,,880,,Roux / JT9D TCDS,1.230681015,Training,0.242869263,C,,0.92,,,13746.48,0,,17.76256241,,,16.13281827,16.13281827,646.0980036,12,,,,0,0,0,0,0,0,,,
B742_450_M,Boeing,B747_200B_Combi,N/A,Same as 747_200B but has main_deck side cargo door installed . Can either be passenger or passenger/cargo plane. CANNOT be all_cargo,B747,B747-200,Mixed Pax and Cargo,78,3,,"FAA TCDS No.A20WE, 
747 Airplane Characteristics Airport Planning Manual  from May 1984 (D6_58326), FAA TCDS No.E23EA",Double,Extended Range,Variant,Commercial,,,,,0,Training,,344,,Turbofan,V,0.914342483,Wingspan,CF6_50E2,,4,11112000,,,0,364200,362800,285700,247170,175020,158110,158605.4,0.482414553,0.681284454,0.045244212,0.435804851,32680,,,,207204.6,0.750926379,59.64,69.8,18.31,4.064,42,14.99,551,No Wingtip Device,8.32612,0.271114076,6.455407623,,,,1,823810.6432,921671.5187,205596,,,196950,,General Electric,1976,,high bypass turbofan: coaxial front fan driven by multi-stage low pressure turbine,,230417.88,205952.66,51399,,4.31,30.4,,0.8,10668,4103.65,2.195,2.39,2.67,4.65,0.37,0.63,1,0,,3,0,14,0,2,0,4,10761,,4102,0.836820084,,0.913242009,699.5,,910,,Roux /  CF6 E23EA_Rev_21 TCDS,1.208876307,Training,0.25896429,C,,0.92,,,13746.48,0,,16.96605756,,,16.13281827,16.13281827,658.4392015,12,,,,0,0,0,0,0,0,,,
B742_352_M,Boeing,B747_200B_Combi,N/A,Same as 747_200B but has main_deck side cargo door installed . Can either be passenger or passenger/cargo plane. CANNOT be all_cargo,B747,B747-200,Mixed Pax and Cargo,78,3,,"FAA TCDS No.A20WE, 
747 Airplane Characteristics Airport Planning Manual  from May 1984 (D6_58326), FAA TCDS No.E12EU",Double,Extended Range,Variant,Commercial,,,,,0,Training,,344,,Turbofan,V,0.914342483,Wingspan,RB211_524D4_19,,4,11112000,,,0,373200,371900,285700,247170,177600,159250,157288,0.477547728,0.664614144,0.054616832,0.428206507,32680,,,,212242,0.752245079,59.64,69.8,18.31,4.064,42,14.99,551,No Wingtip Device,8.32612,0.271114076,6.455407623,,,,1,841959.3873,924874.2382,199812,,,198370,,Rolls Royce,1981,,triple spool medium bypass turbofan,,237801.93,210089.51,49953,,5,29.5,,0.85,10668,5078,2.179,2.413,2.733,4.821,0.397,0.62,1,0,,0,7,6,0,1,1,3,10611,7000,3900,95.2,103,103.7,702.2,,722,,"Roux
EASA E062
UK CAA TCDS 1043",1.273465802,Validation,0.253505565,C,,0.92,,,13746.48,0,,17.89505057,,,16.13281827,16.13281827,674.9546279,12,,,,0,0,0,0,0,0,,,
B742_27R_M,Boeing,B747_200B_Combi,N/A,Same as 747_200B but has main_deck side cargo door installed . Can either be passenger or passenger/cargo plane. CANNOT be all_cargo,B747,B747-200,Mixed Pax and Cargo,78,3,,"FAA TCDS No.A20WE, 
747 Airplane Characteristics Airport Planning Manual  from May 1984 (D6_58326), FAA TCDS No.E3NE",Double,Extended Range,Variant,Commercial,,,,,0,Training,,266,,Turbofan,V,0.914342483,Wingspan,JT9D_7R4G2,,4,11482400,,,0,379100,377800,285700,247170,170580,159250,153942.24,0.451508735,0.654235045,0.044038539,0.421519322,25270,,,,201157.76,0.878127893,59.64,69.8,18.31,4.064,42,14.99,551,No Wingtip Device,8.32612,0.271114076,6.455407623,,,,1,893202.9004,974160.5338,217960,,,198370,,Pratt & Whitney,1982,,"turbofan, dual axial 16 stage compressor",,243540.13,223300.72,54490,,4.8,26.3,,0.85,10668,4159.44,2.372,2.44,2.44,3.92,0.36,0.799,1,0,,4,0,11,0,2,0,4,8080,,3825,,,,768.8,,620,,Roux / JT9D E3NE TCDS,1.226725051,Training,0.262844909,C,,0.92,,,13746.48,0,,16.66531293,,,16.13281827,16.13281827,685.6624319,12,,,,0,0,0,0,0,0,,,
B742_27A_C,Boeing,B747_200C,N/A,"same as 200B but is convertible to all_passenger, all_cargo, or passenger/cargo",B747,B747-200,Passenger,13,3,,"FAA TCDS No.A20WE, 
747 Airplane Characteristics Airport Planning Manual  from May 1984 (D6_58326)",Double,Extended Range,Variant,Commercial,,,,,0,Training,1973,480,452,Turbofan,V,0.914342483,Wingspan,JT9D_7AW,"CF6-50E, CF6_50E1, RB211_524B2_19, RB211_524C2_19, JT9D_3A, JT9D_7R4G2",4,9260000,,,0,352800,362800,285700,267570,177200,159250,161088.4,0.488423374,0.737513782,0.044409041,0.438947078,45600,,,,220961.6,0.641914251,59.64,68.6,18.34,4.064,42,14.99,551,No Wingtip Device,8.32612,0.271114076,6.455407623,,,,1,713138.8894,848186.8976,192696,,,198370,,Pratt & Whitney,1972,,"turbofan, dual axial 15 stage compressor",,212046.72,178284.72,48174,,5.1,22.5,,0.85,10668,4027.9,2.428,2.43,2.43,3.93,0.36,0.63,1,0,,3,0,11,0,2,0,4,8000,,3750,,,,695.8,,880,,Roux / JT9D TCDS,1.230681015,Training,0.238317137,C,,0.92,,,13746.48,0,,18.10184731,,,16.13281827,16.13281827,658.4392015,12,,,,0,0,0,0,0,0,,,
B742_27F_C,Boeing,B747_200C,N/A,"same as 200B but is convertible to all_passenger, all_cargo, or passenger/cargo",B747,B747-200,Cargo,13,3,,"FAA TCDS No.A20WE, 
747 Airplane Characteristics Airport Planning Manual  from May 1984 (D6_58326)",,Extended Range,Variant,N/A,,,,,0,Training,1973,0,,Turbofan,V,0.914342483,Wingspan,JT9D_7FW,"CF6-50E, CF6_50E1, RB211_524B2_19, RB211_524C2_19, JT9D_3A, JT9D_7R4G2",4,11482400,,,29970,357400,356000,285700,267570,164030,159250,147918.4,0.460758427,0.751601124,0.045257303,0.447331461,29970,,,,205331.6,0.73378087,59.64,68.6,18.34,4.064,42,14.99,551,No Wingtip Device,8.32612,0.271114076,6.455407623,,,,1,715274.0357,865623.9263,,,,198370,,Pratt & Whitney ,1974,,"turbofan, dual axial 15 stage compressor ",,216405.98,178185.1,,,5.1,,,,,4027.9,2.428,2.43,2.43,3.93,,,1,0,,3,0,11,0,2,0,4,8000,,3750,,,,,,910,,Roux / JT9D TCDS,,Training,0.24786217,C,,0.92,,,13746.48,0,,,,,16.13281827,16.13281827,646.0980036,12,,,,0,0,0,0,0,0,,,
B742_450_C,Boeing,B747_200C,N/A,"same as 200B but is convertible to all_passenger, all_cargo, or passenger/cargo",B747,B747-200,Cargo,13,3,,"FAA TCDS No.A20WE, 
747 Airplane Characteristics Airport Planning Manual  from May 1984 (D6_58326), FAA TCDS No.E23EA",,Extended Range,Variant,N/A,,,,,0,Training,1973,0,,Turbofan,V,0.914342483,Wingspan,CF6_50E2,"CF6-50E, CF6_50E1, RB211_524B2_19, RB211_524C2_19, JT9D_3A, JT9D_7R4G2",4,10741600,,,53280,373200,371900,285700,267570,166720,158110,150305.4,0.448292552,0.719467599,0.044137134,0.425141167,53280,,,,227804.6,0.632539466,59.64,68.6,18.31,4.064,42,14.99,551,No Wingtip Device,8.32612,0.271114076,6.455407623,,,,1,823810.6432,921671.5187,205596,,,196950,,General Electric,1976,,high bypass turbofan: coaxial front fan driven by multi-stage low pressure turbine,,230417.88,205952.66,51399,,4.31,30.4,,0.8,10668,4103.65,2.195,2.39,2.67,4.65,0.37,0.63,1,0,,3,0,14,0,2,0,4,10761,,4102,0.836820084,,0.913242009,699.5,,910,,Roux /  CF6 E23EA_Rev_21 TCDS,1.208876307,Training,0.252627708,C,,0.92,,,13746.48,0,,17.39161193,,,16.13281827,16.13281827,674.9546279,12,,,,0,0,0,0,0,0,,,
B742_27Q_C,Boeing,B747_200C,N/A,"same as 200B but is convertible to all_passenger, all_cargo, or passenger/cargo",B747,B747-200,Cargo,13,3,,"FAA TCDS No.A20WE, 
747 Airplane Characteristics Airport Planning Manual  from May 1984 (D6_58326),  FAA TCDS No.E3NE",,Extended Range,Variant,N/A,,,,,0,Training,1973,0,,Turbofan,V,0.914342483,Wingspan,JT9D_7Q,"CF6-50E, CF6_50E1, RB211_524B2_19, RB211_524C2_19, JT9D_3A, JT9D_7R4G2",4,10926800,,,36360,379100,377800,285700,267570,178640,159250,162029.44,0.472842774,0.708231869,0.043966543,0.421519322,36360,,,,212220.56,0.780223368,59.64,68.6,18.31,4.064,42,14.99,551,No Wingtip Device,8.32612,0.271114076,6.455407623,,,,1,799256.4598,923450.8073,212624,,,198370,,Pratt & Whitney,1978,,"turbofan, dual axial 16 stage compressor",,230862.7,199814.11,53156,,4.9,24.5,,0.85,10668,4152.64,2.38,2.47,2.47,3.92,,0.63,1,0,,3,0,11,0,2,0,4,8080,,3810,,,,743.9,,650,,,1.237687692,Training,0.249162571,C,,0.92,,,13746.48,0,,17.08354469,,,16.13281827,16.13281827,685.6624319,12,,,,0,0,0,0,0,0,,,
B742_27A_F,Boeing,B747_200F,N/A,"same as 200B with redesigned interior for friegth handling, increased strength of main deck floor and keel beam and center wing section",B747,B747-200,Cargo,73,3,,"FAA TCDS No.A20WE, 
747 Airplane Characteristics Airport Planning Manual  from May 1984 (D6_58326),  FAA TCDS No.E20EA",,Extended Range,Variant,N/A,,,,,0,Training,1972,0,,Turbofan,V,0.914342483,Wingspan,JT9D_7AW,"CF6-50E, CF6_50E1, RB211_524B2_19, RB211_524C2_19, JT9D_3A, JT9D_7R4G2",4,11482400,,,34820,352800,351500,285700,267570,155180,159250,139068.4,0.441479374,0.761223329,0.0458367,0.453058321,34820,,,,210181.6,0.672363328,59.64,68.6,18.31,4.064,42,14.99,551,No Wingtip Device,8.32612,0.271114076,6.455407623,,,,1,713138.8894,848186.8976,192696,,,198370,,Pratt & Whitney,1972,,"turbofan, dual axial 15 stage compressor",,212046.72,178284.72,48174,,5.1,22.5,,0.85,10668,4027.9,2.428,2.43,2.43,3.93,0.36,0.63,1,0,,3,0,11,0,2,0,4,8000,,3750,,,,695.8,,880,,Roux / JT9D TCDS,1.230681015,Training,0.245978542,C,,0.92,,,13746.48,0,,17.53803564,,,16.13281827,16.13281827,637.9310345,12,,,,0,0,0,0,0,0,,,
B742_27F_F,Boeing,B747_200F,N/A,"same as 200B with redesigned interior for friegth handling, increased strength of main deck floor and keel beam and center wing section",B747,B747-200,Cargo,73,3,,"FAA TCDS No.A20WE, 
747 Airplane Characteristics Airport Planning Manual  from May 1984 (D6_58326),  FAA TCDS No.E20EA",,Extended Range,Variant,N/A,,,,,0,Validation,1972,0,,Turbofan,V,0.914342483,Wingspan,JT9D_7FW,"CF6-50E, CF6_50E1, RB211_524B2_19, RB211_524C2_19, JT9D_3A, JT9D_7R4G2",4,11482400,,,38820,357400,356000,285700,267570,155180,159250,139068.4,0.435898876,0.751601124,0.045257303,0.447331461,38820,,,,214181.6,0.662140912,59.64,68.6,18.31,4.064,42,14.99,551,No Wingtip Device,8.32612,0.271114076,6.455407623,,,,1,715274.0357,865623.9263,,,,198370,,Pratt & Whitney ,1974,,"turbofan, dual axial 15 stage compressor ",,216405.98,178185.1,,,5.1,,,,,4027.9,2.428,2.43,2.43,3.93,,,1,0,,3,0,11,0,2,0,4,8000,,3750,,,,,,910,,Roux / JT9D TCDS,,Training,0.24786217,C,,0.92,,,13746.48,0,,,,,16.13281827,16.13281827,646.0980036,12,,,,0,0,0,0,0,0,,,
B742_352_F,Boeing,B747_200F,N/A,"same as 200B with redesigned interior for friegth handling, increased strength of main deck floor and keel beam and center wing section",B747,B747-200,Cargo,73,3,,"FAA TCDS No.A20WE, 
747 Airplane Characteristics Airport Planning Manual  from May 1984 (D6_58326),  FAA TCDS No.E12EU",,Extended Range,Variant,N/A,,,,,0,Training,1972,0,,Turbofan,V,0.914342483,Wingspan,RB211_524D4_19,"CF6-50E, CF6_50E1, RB211_524B2_19, RB211_524C2_19, JT9D_3A, JT9D_7R4G2",4,11482400,,,40400,364200,362800,285700,267570,159600,159250,139288,0.439911797,0.737513782,0.05598677,0.438947078,40400,,,,219962,0.649375801,59.64,68.6,18.31,4.064,42,14.99,551,No Wingtip Device,8.32612,0.271114076,6.455407623,,,,1,841959.3873,924874.2382,199812,,,198370,,Rolls Royce,1981,,triple spool medium bypass turbofan,,237801.93,210089.51,49953,,5,29.5,,0.85,10668,5078,2.179,2.413,2.733,4.821,0.397,0.62,1,0,,0,7,6,0,1,1,3,10611,7000,3900,95.2,103,103.7,702.2,,722,,"Roux
EASA E062
UK CAA TCDS 1043",1.273465802,Validation,0.259864166,C,,0.92,,,13746.48,0,,17.4571776,,,16.13281827,16.13281827,658.4392015,12,,,,0,0,0,0,0,0,,,
B742_450_F,Boeing,B747_200F,N/A,"same as 200B with redesigned interior for friegth handling, increased strength of main deck floor and keel beam and center wing section",B747,B747-200,Cargo,73,3,,"FAA TCDS No.A20WE, 
747 Airplane Characteristics Airport Planning Manual  from May 1984 (D6_58326),  FAA TCDS No.E23EA",,Extended Range,Variant,N/A,,,,,0,Training,1972,0,,Turbofan,V,0.914342483,Wingspan,CF6_50E2,"CF6-50E, CF6_50E1, RB211_524B2_19, RB211_524C2_19, JT9D_3A, JT9D_7R4G2",4,10741600,,,55120,373200,371900,285700,267570,157880,158110,141465.4,0.424522721,0.719467599,0.044137134,0.425141167,55120,,,,229644.6,0.619458938,59.64,68.6,18.31,4.064,42,14.99,551,No Wingtip Device,8.32612,0.271114076,6.455407623,,,,1,823810.6432,921671.5187,205596,,,196950,,General Electric,1976,,high bypass turbofan: coaxial front fan driven by multi-stage low pressure turbine,,230417.88,205952.66,51399,,4.31,30.4,,0.8,10668,4103.65,2.195,2.39,2.67,4.65,0.37,0.63,1,0,,3,0,14,0,2,0,4,10761,,4102,0.836820084,,0.913242009,699.5,,910,,Roux /  CF6 E23EA_Rev_21 TCDS,1.208876307,Training,0.252627708,C,,0.92,,,13746.48,0,,17.39161193,,,16.13281827,16.13281827,674.9546279,12,,,,0,0,0,0,0,0,,,
B742_27Q_F,Boeing,B747_200F,N/A,"same as 200B with redesigned interior for friegth handling, increased strength of main deck floor and keel beam and center wing section",B747,B747-200,Cargo,73,3,,"FAA TCDS No.A20WE, 
747 Airplane Characteristics Airport Planning Manual  from May 1984 (D6_58326),  FAA TCDS No.E3NE",,Extended Range,Variant,N/A,,,,,0,Training,1972,,,Turbofan,V,0.914342483,Wingspan,JT9D_7Q,"CF6-50E, CF6_50E1, RB211_524B2_19, RB211_524C2_19, JT9D_3A, JT9D_7R4G2",4,10926800,,,0,379100,377800,285700,267570,156610,159250,139999.44,0.414531498,0.708231869,0.043966543,0.421519322,,,,,,,59.64,68.6,18.31,4.064,42,14.99,551,No Wingtip Device,8.32612,0.271114076,6.455407623,,,,1,799256.4598,923450.8073,212624,,,198370,,Pratt & Whitney,1978,,"turbofan, dual axial 16 stage compressor",,230862.7,199814.11,53156,,4.9,24.5,,0.85,10668,4152.64,2.38,2.47,2.47,3.92,,0.63,1,0,,3,0,11,0,2,0,4,8080,,3810,,,,743.9,,650,,,1.237687692,Training,0.249162571,C,,0.92,,,13746.48,0,,17.08354469,,,16.13281827,16.13281827,685.6624319,12,,,,0,0,0,0,0,0,,,
B743_352,Boeing,B747_300,N/A,basically a 747-200 series airplane with a stretched upper deck.,B747,B747-300,Passenger,56,3,,"FAA TCDS No.A20WE, 
747 Airplane Characteristics Airport Planning Manual  from May 1984 (D6_58326),  FAA TCDS No.E12EU",Double,,Variant,Commercial,,,,,0,Training,1983,608,,Turbofan,V,0.914342483,Wingspan,RB211_524B2_19,,4,,,,0,323400,322100,255800,243310,177010,148300,156770,0.549549829,0.755386526,0.062837628,0.46041602,57760,,,,226300,0.42333186,59.64,68.6,18.34,4.064,42,14.99,551,No Wingtip Device,8.32612,0.271114076,6.455407623,,,,1,796765.4557,873986.583,,,,183350,,Rolls Royce,1978,,triple spool medium bypass turbofan,,218496.64,199191.36,,,5,28,,,,5060,2.154,2.413,2.733,4.582,0.378,,1,0,,0,7,6,0,1,1,3,10611,7000,39000,102,103,98.3,686.3,,732,,"Roux
EASA E062
UK CAA TCDS 1043",1.268727726,Training,0.276595451,C,,0.92,,,13746.48,0,,,,,16.13281827,16.13281827,584.5735027,12,,,,0,0,0,0,0,0,,,
B743_450,Boeing,B747_300,N/A,basically a 747-200 series airplane with a stretched upper deck.,B747,B747-300,Passenger,56,3,,"FAA TCDS No.A20WE, 
747 Airplane Characteristics Airport Planning Manual  from May 1984 (D6_58326),  FAA TCDS No.E23EA",Double,Extended Range,Variant,Commercial,,,,,0,Training,1983,608,452,Turbofan,V,0.914342483,Wingspan,CF6_50E2,,4,7778400,,,0,334700,333300,255800,238780,174260,147160,157845.4,0.522832283,0.716411641,0.049248725,0.441524152,57760,,,,221334.6,0.505864876,59.64,68.6,18.34,4.064,42,14.99,551,No Wingtip Device,8.32612,0.271114076,6.455407623,,,,1,823810.6432,921671.5187,205596,,,181950,,General Electric,1976,,high bypass turbofan: coaxial front fan driven by multi-stage low pressure turbine,,230417.88,205952.66,51399,,4.31,30.4,,0.8,10668,4103.65,2.195,2.39,2.67,4.65,0.37,0.63,1,0,,3,0,14,0,2,0,4,10761,,4102,0.836820084,,0.913242009,699.5,,910,,Roux /  CF6 E23EA_Rev_21 TCDS,1.208876307,Training,0.281884922,C,,0.92,,,13746.48,0,,15.58651319,,,16.13281827,16.13281827,604.9001815,12,,,,0,0,0,0,0,0,,,
B743_27A,Boeing,B747_300,N/A,basically a 747-200 series airplane with a stretched upper deck.,B747,B747-300,Passenger,56,3,,"FAA TCDS No.A20WE, 
747 Airplane Characteristics Airport Planning Manual  from May 1984 (D6_58326),  FAA TCDS No.E20EA",Double,,Variant,Commercial,,,,,0,Training,1983,608,,Turbofan,V,0.914342483,Wingspan,JT9D_7A,,4,,,,0,341500,340100,255800,238780,173030,148300,156918.4,0.508762129,0.702087621,0.047373126,0.436048221,57760,,,,222171.6,0.530798716,59.64,68.6,18.34,4.064,42,14.99,551,No Wingtip Device,8.32612,0.271114076,6.455407623,,,,1,713138.8894,821141.7102,192696,,,183350,,Pratt & Whitney,1972,,"turbofan, dual axial 15 stage compressor",,205285.43,178284.72,48174,,5.1,22.5,,0.85,10668,4027.9,2.428,2.43,2.43,3.93,0.36,0.62,1,0,,3,0,11,0,2,0,4,8000,,3750,,,,695.8,,880,,Roux / JT9D TCDS,1.230681015,Training,0.246117488,C,,0.92,,,13746.48,0,,16.96923449,,,16.13281827,16.13281827,617.2413793,12,,,,0,0,0,0,0,0,,,
B743_450_SR,Boeing,B747_300SR,N/A,"basically a 747-200 series airplane with a stretched upper deck, short range. Experimental for Japan market between 1987 to 1988",B747,B747-300,Passenger,4,3,,"FAA TCDS No.A20WE, 
747 Airplane Characteristics Airport Planning Manual  from May 1984 (D6_58326),  FAA TCDS No.E23EA",Double,Short Range,Variant,Commercial,,,,,0,Validation,,624,,Turbofan,V,0.914342483,Wingspan,CF6_50E2,JT9D_7A,4,,,,0,237200,235800,233560,219950,166300,147160,149885.4,0.705258694,0.932782019,0.069612383,0.62408821,59280,,,,222854.6,0.058088996,59.64,68.6,18.34,4.064,42,14.99,551,No Wingtip Device,8.32612,0.271114076,6.455407623,,,,1,823810.6432,921671.5187,205596,,,181950,,General Electric,1976,,high bypass turbofan: coaxial front fan driven by multi-stage low pressure turbine,,230417.88,205952.66,51399,,4.31,30.4,,0.8,10668,4103.65,2.195,2.39,2.67,4.65,0.37,0.63,1,0,,3,0,14,0,2,0,4,10761,,4102,0.836820084,,0.913242009,699.5,,910,,Roux /  CF6 E23EA_Rev_21 TCDS,1.208876307,Training,0.398440392,C,,0.92,,,13746.48,0,,11.02700213,,,16.13281827,16.13281827,427.9491833,12,,,,0,0,0,0,0,0,,,
B743_27A_SR,Boeing,B747_300SR,N/A,"basically a 747-200 series airplane with a stretched upper deck, short range. Experimental for Japan market between 1987 to 1988",B747,B747-300,Passenger,4,3,,"FAA TCDS No.A20WE, 
747 Airplane Characteristics Airport Planning Manual  from May 1984 (D6_58326), FAA TCDS No.E20EA",Double,Short Range,Variant,Commercial,,,,,0,Training,,624,,Turbofan,V,0.914342483,Wingspan,JT9D_7A,CF6_50E2,4,,,,0,273500,272100,242630,244490,164640,148300,148528.4,0.605071665,0.898529952,0.059212054,0.545020213,59280,,,,223691.6,0.216406874,59.64,68.6,18.34,4.064,42,14.99,551,No Wingtip Device,8.32612,0.271114076,6.455407623,,,,1,713138.8894,821141.7102,192696,,,183350,,Pratt & Whitney,1972,,"turbofan, dual axial 15 stage compressor",,205285.43,178284.72,48174,,5.1,22.5,,0.85,10668,4027.9,2.428,2.43,2.43,3.93,0.36,0.62,1,0,,3,0,11,0,2,0,4,8000,,3750,,,,695.8,,880,,Roux / JT9D TCDS,1.230681015,Training,0.307624247,C,,0.92,,,13746.48,0,,13.57638549,,,16.13281827,16.13281827,493.8294011,12,,,,0,0,0,0,0,0,,,
B74SP_27A,Boeing,N/A,747_SpecialPerformance,"long-range derivative of 747-100. Overall airplan length shorter, higher height, vertial and horizontal tail extended",B747,B747-SP,Passenger,45,3,,"FAA TCDS No.A20WE, 
747 Airplane Characteristics Airport Planning Manual  from May 1984 (D6_58326), FAA TCDS No.E20EA",Double,Long Range,Variant,Commercial,,,,,0,Training,1976,331,,Turbofan,V,0.986240356,TailHeight,JT9D_7A,"JT9D_7A, JT9D_7J, RB211_524B2, CF6_45A, CF6_45B2, CF6_50E2_F",4,11112000,,,0,318800,315600,204100,185940,147970,148130,131858.4,0.468852978,0.589163498,0.051050697,0.469359949,31445,,,,195686.6,0.612782889,59.64,56.31,19.84,,,,,,,,,,,,1,713138.8894,821141.7102,192696,,,184630,,Pratt & Whitney,1972,,"turbofan, dual axial 15 stage compressor",,205285.43,178284.72,48174,,5.1,22.5,,0.85,10668,4027.9,2.428,2.43,2.43,3.93,0.36,0.62,1,0,,3,0,11,0,2,0,4,8000,,3750,,,,695.8,,880,,Roux / JT9D TCDS,1.230681015,Training,0.265223567,C,,0.92,,,13746.48,0,,15.74681095,,,,,,12,,,,0,0,0,0,0,0,,,
B74SP_352,Boeing,N/A,747_SpecialPerformance,"long-range derivative of 747-100. Overall airplan length shorter, higher height, vertial and horizontal tail extended",B747,B747-SP,Passenger,45,3,,"FAA TCDS No.A20WE, 
747 Airplane Characteristics Airport Planning Manual  from May 1984 (D6_58326), FAA TCDS No.E12EU",Double,Long Range,Variant,Commercial,,,,,0,Training,1976,331,,Turbofan,V,0.986240356,TailHeight,RB211_524C2_19,"JT9D_7A, JT9D_7J, RB211_524B2, CF6_45A, CF6_45B2, CF6_50E2_F",4,10186000,,,0,306660,303900,204100,185940,152780,153020,132460,0.502731162,0.611846002,0.0668641,0.503520895,31445,,,,204785,0.48399541,59.64,56.31,19.84,,,,,,,,,,,,1,820607.9236,900320.0549,204440,,,190610,,Rolls Royce,1979,,triple spool medium bypass turbofan,,224635.19,205151.98,51110,,5,29,,0.85,10668,5080,2.154,2.413,2.733,4.582,0.392,0.64,1,0,,0,7,6,0,1,1,3,10611,7000,3900,94.4,102.5,103,694.9,,732,,"Roux
EASA E062
UK CAA TCDS 1043",1.27191181,Training,0.301993237,C,,0.92,,,13746.48,0,,14.29200457,,,,,,12,,,,0,0,0,0,0,0,,,
B74SP_445,Boeing,N/A,747_SpecialPerformance,"long-range derivative of 747-100. Overall airplan length shorter, higher height, vertial and horizontal tail extended",B747,B747-SP,Passenger,45,3,,"FAA TCDS No.A20WE, 
747 Airplane Characteristics Airport Planning Manual  from May 1984 (D6_58326), FAA TCDS No.E23EA",Double,Long Range,Variant,Commercial,,,,,0,Training,1976,331,,Turbofan,V,0.986240356,TailHeight,CF6_45A2,"JT9D_7A, JT9D_7J, RB211_524B2, CF6_45A, CF6_45B2, CF6_50E2_F",4,,,,0,315600,312900,204100,185940,150260,151870,133845.4,0.480217322,0.594247363,0.052459572,0.485362736,31445,,,,199729.6,0.566618068,59.64,56.31,19.84,,,,,,,,,,,,1,769542.3394,811355.6226,200168,,,189170,,General Electric,1978,,"turbofan, two_spool, high_bypass",,202838.9,192385.58,50042,,4.64,26.3,,0.8,10668,4103.65,2.195,2.3876,2.667,4.6482,,0.63,1,0,,3,0,14,0,2,0,4,10761,,4102,0.913242009,,0.836820084,631.9,,910,,"Roux, FAA TCDS E23EA",1.199185671,Training,0.26432405,C,,0.92,,,13746.48,0,,15.02931655,,,,,,12,,,,0,0,0,0,0,0,,,
B744_480_W,Boeing,B747_400,N/A,externally similar to 747-300 with wing extensions and Canteds. Additional fuel tank in horizontal stabilizer and forward section of the cargo bay,B747,B747-400,Passenger,442,2,,"FAA TCDS No.A20WE, 
747_400 Airplane Characteristics Airport Planning Manual  from May 2011 (D6_58326_1), FAA TCDS No.E13NE",Double,,Variant,Commercial,,,,,0,Training,1989,660,420,Turbofan,V,0.987931415,Wingspan,CF6_80C2B1,"RB211_524G2, PW_4056",4,11260000,2815,,0,364235,362874,260362,242672,178756,163396,161211.2,0.492611761,0.668750034,0.048349565,0.450283018,62700,,,,243640.8,0.489381089,64.44,70.67,18.8,,,,,Canted,8.32612,,,,,,1,881637.5242,996045.7841,228104,,,203501,,General Electric,1987,,"turbofan, two_spool, high_bypass",,249011,220409,57026,,5.19,29.3,,0.8,10668,4386.2,2.362,2.6695,2.6916,4.2738,0.33,0.58,1,0,,4,0,14,0,2,0,5,11055,,3854,0.881057269,,0.85106383,802.4,,925,,"Roux, EASA TCDS IM.E.240",1.194547872,Training,0.279804337,C,,0.92,0.85,,13746.48,0,12.09350649,15.29506298,,,,,,12,,,,0,0,0,0,0,0,,,
B744_240_W,Boeing,B747_400,N/A,externally similar to 747-300 with wing extensions and Canteds. Additional fuel tank in horizontal stabilizer and forward section of the cargo bay,B747,B747-400,Passenger,442,2,,"FAA TCDS No.A20WE, 
747_400 Airplane Characteristics Airport Planning Manual  from May 2011 (D6_58326_1), FAA TCDS No.E24NE",Double,,Variant,Commercial,,,,,0,Training,1989,660,420,Turbofan,V,0.987931415,Wingspan,PW_4056,"RB211_524G2, CF6_80C2B1",4,11250000,2815,,0,364235,362874,260362,242672,179015,164064,161923.64,0.493325507,0.668750034,0.047099985,0.452123878,62700,,,,243855.36,0.488070633,64.44,70.67,18.8,,,,,Canted,8.32612,,,,,,1,853524.7635,1009746.307,,,,204333,,Pratt & Whitney,1997,PW_4000_94,"dual spool turbofan. Successor to the JT series. -94 refers to a 94"" diameter fan",,252440,220320,,1.7,4.85,28.4,,,,4272.84,2.3876,2.48,2.48,3.9,0.32,,1,0,,4,0,11,0,2,0,4,10450,,4012,100,,100,,,629,,"Roux
EASA E050
PW Factsheet",1.232629043,Training,0.283653021,C,,0.92,0.85,,13746.48,0,,,,,,,,12,,,,0,0,0,0,0,0,,,
B744_352_W,Boeing,B747_400,N/A,externally similar to 747-300 with wing extensions and Canteds. Additional fuel tank in horizontal stabilizer and forward section of the cargo bay,B747,B747-400,Passenger,442,2,,"FAA TCDS No.A20WE, 
747_400 Airplane Characteristics Airport Planning Manual  from May 2011 (D6_58326_1), FAA TCDS No.E30NE",Double,,Variant,Commercial,,,,,0,Validation,1989,660,420,Turbofan,V,0.987931415,Wingspan,RB211_524G2_19," PW_4056, CF6_80C2B1",4,11030000,2830,,0,364235,362874,260362,242672,179752,164064,156652,0.495356515,0.668750034,0.06365846,0.452123878,62700,,,,249864,0.452286044,64.44,70.67,18.8,,,,,Canted,8.32612,,,,,,1,840358.0276,1011881.453,210188,,,204333,,Rolls Royce,1989,,triple spool medium bypass turbofan,,252970.36,210089.51,52547,,4.3,32.9,,0.85,10668,5775,2.192,2.921,2.921,4.759,0.3651,0.57,1,0,,0,7,6,0,1,1,3,10611,7000,3900,105,109.8,101.5,727.6,,733,,"Roux
EASA E062
UK CAA TCDS 1046",1.283426894,Validation,0.284252816,C,,0.92,0.85,,13746.48,0,11.57732887,16.59878321,,,,,,12,,,,0,0,0,0,0,0,,,
B744_480_CW,Boeing,B747_400_Combi,N/A,747_400 with main deck cargo door installed on the left side of aft. Main deck can have passenger and cargo mixed,B747,B747-400,Mixed Pax and Cargo,61,,,"FAA TCDS No.A20WE, 
747_400 Airplane Characteristics Airport Planning Manual  from May 2011 (D6_58326_1), FAA TCDS No.E13NE",Double,,Variant,Commercial,,,,,0,Training,,345,,Turbofan,V,0.987931415,Wingspan,CF6_80C2B1,"RB211_524G2, PW_4056, ",4,10741600,,,0,364235,362874,260362,247208,184661,163396,167116.2,0.508884627,0.681250241,0.048349565,0.450283018,32775,,,,213715.8,0.697927809,64.44,70.67,18.8,,,,,Canted,8.32612,,,,,,1,881637.5242,996045.7841,228104,,,203501,,General Electric,1987,,"turbofan, two_spool, high_bypass",,249011,220409,57026,,5.19,29.3,,0.8,10668,4386.2,2.362,2.6695,2.6916,4.2738,0.33,0.58,1,0,,4,0,14,0,2,0,5,11055,,3854,0.881057269,,0.85106383,802.4,,925,,"Roux, EASA TCDS IM.E.240",1.194547872,Training,0.279804337,C,,0.92,0.85,,13746.48,0,11.53673262,15.29506298,,,,,,12,,,,0,0,0,0,0,0,,,
B744_240_CW,Boeing,B747_400_Combi,N/A,747_400 with main deck cargo door installed on the left side of aft. Main deck can have passenger and cargo mixed,B747,B747-400,Mixed Pax and Cargo,61,,,"FAA TCDS No.A20WE, 
747_400 Airplane Characteristics Airport Planning Manual  from May 2011 (D6_58326_1), FAA TCDS No.E24NE",Double,,Variant,Commercial,,,,,0,Validation,,345,,Turbofan,V,0.987931415,Wingspan,PW_4056,"RB211_524G2, CF6_80C2B1",4,10741600,,,0,364235,362874,260362,247208,184830,164064,167738.64,0.509350353,0.681250241,0.047099985,0.452123878,32775,,,,213930.36,0.696224884,64.44,70.67,18.8,,,,,Canted,8.32612,,,,,,1,853524.7635,1009746.307,,,,204333,,Pratt & Whitney,1997,PW_4000_94,"dual spool turbofan. Successor to the JT series. -94 refers to a 94"" diameter fan",,252440,220320,,1.7,4.85,28.4,,,,4272.84,2.3876,2.48,2.48,3.9,0.32,,1,0,,4,0,11,0,2,0,4,10450,,4012,100,,100,,,629,,"Roux
EASA E050
PW Factsheet",1.232629043,Training,0.283653021,C,,0.92,0.85,,13746.48,0,,,,,,,,12,,,,0,0,0,0,0,0,,,
B744_352_CW,Boeing,B747_400_Combi,N/A,747_400 with main deck cargo door installed on the left side of aft. Main deck can have passenger and cargo mixed,B747,B747-400,Mixed Pax and Cargo,61,,,"FAA TCDS No.A20WE, 
747_400 Airplane Characteristics Airport Planning Manual  from May 2011 (D6_58326_1), FAA TCDS No.E30NE",Double,,Variant,Commercial,,,,,0,Training,,345,,Turbofan,V,0.987931415,Wingspan,RB211_524G2_19," PW_4056, CF6_80C2B1",4,10741600,,,0,364235,362874,260362,247208,186020,164064,162920,0.512629728,0.681250241,0.06365846,0.452123878,32775,,,,219939,0.649884741,64.44,70.67,18.8,,,,,Canted,8.32612,,,,,,1,840358.0276,1011881.453,210188,,,204333,,Rolls Royce,1989,,triple spool medium bypass turbofan,,252970.36,210089.51,52547,,4.3,32.9,,0.85,10668,5775,2.192,2.921,2.921,4.759,0.3651,0.57,1,0,,0,7,6,0,1,1,3,10611,7000,3900,105,109.8,101.5,727.6,,733,,"Roux
EASA E062
UK CAA TCDS 1046",1.283426894,Validation,0.284252816,C,,0.92,0.85,,13746.48,0,11.27461793,16.59878321,,,,,,12,,,,0,0,0,0,0,0,,,
B744_480_FW,Boeing,B747_400F,N/A,a 747_400 series with strengthened wings and 747_200F fuselage,B747,B747-400,Cargo,126,2,,"FAA TCDS No.A20WE, 
747_400 Airplane Characteristics Airport Planning Manual  from May 2011 (D6_58326_1), FAA TCDS No.E13NE",,,Variant,N/A,,,,,0,Training,1993,,,Turbofan,V,0.995290308,Wingspan,CF6_80C2B1,"RB211_524G2, CF6_80C2B1F, CF6_80C2B5F, PW_4056, RB211_524H2, RB211_524G3",4,13334400,,,0,397801,396894,302093,288031,165087,173425,147542.2,0.415947331,0.725712659,0.044205254,0.436955459,,,,,,,64.92,70.67,18.78,,,,,Canted,8.32612,,,,,,1,881637.5242,996045.7841,228104,,,215991,,General Electric,1987,,"turbofan, two_spool, high_bypass",,249011,220409,57026,,5.19,29.3,,0.8,10668,4386.2,2.362,2.6695,2.6916,4.2738,0.33,0.58,1,0,,4,0,14,0,2,0,5,11055,,3854,0.881057269,,0.85106383,802.4,,925,,"Roux, EASA TCDS IM.E.240",1.194547872,Training,0.255820746,C,,0.92,0.85,,13746.48,0,14.91873682,16.72899884,,,,,,12,,,,0,0,0,0,0,0,,,
B744_240_FW,Boeing,B747_400F,N/A,a 747_400 series with strengthened wings and 747_200F fuselage,B747,B747-400,Cargo,126,2,,"FAA TCDS No.A20WE, 
747_400 Airplane Characteristics Airport Planning Manual  from May 2011 (D6_58326_1), FAA TCDS No.E24NE",,,Variant,N/A,,,,,0,Training,1993,,,Turbofan,V,0.995290308,Wingspan,PW_4056,"RB211_524G2, CF6_80C2B1F, CF6_80C2B5F, RB211_524H2, RB211_524G3",4,5870000,,,0,364235,362874,295743,276692,165346,164064,148254.64,0.455656784,0.762501585,0.047099985,0.452123878,,,,,,,64.92,70.67,18.78,,,,,Canted,8.32612,,,,,,1,853524.7635,1009746.307,,,,204333,,Pratt & Whitney,1997,PW_4000_94,"dual spool turbofan. Successor to the JT series. -94 refers to a 94"" diameter fan",,252440,220320,,1.7,4.85,28.4,,,,4272.84,2.3876,2.48,2.48,3.9,0.32,,1,0,,4,0,11,0,2,0,4,10450,,4012,100,,100,,,629,,"Roux
EASA E050
PW Factsheet",1.232629043,Training,0.283653021,C,,0.92,0.85,,13746.48,0,,,,,,,,12,,,,0,0,0,0,0,0,,,
B744_352_FW,Boeing,B747_400F,N/A,a 747_400 series with strengthened wings and 747_200F fuselage,B747,B747-400,Cargo,126,2,,"FAA TCDS No.A20WE, 
747_400 Airplane Characteristics Airport Planning Manual  from May 2011 (D6_58326_1), FAA TCDS No.E30NE",,,Variant,N/A,,,,,0,Training,1993,,,Turbofan,V,0.995290308,Wingspan,RB211_524G2_19,"CF6_80C2B1F, CF6_80C2B5F, PW_4056, RB211_524H2, RB211_524G3",4,4270000,,,0,369220,367860,302090,288030,164520,164064,141420,0.447235361,0.782988093,0.062795629,0.445995759,,,,,,,64.92,70.67,18.78,,,,,Canted,8.32612,,,,,,1,840358.0276,1011881.453,210188,,,204333,,Rolls Royce,1989,,triple spool medium bypass turbofan,,252970.36,210089.51,52547,,4.3,32.9,,0.85,10668,5775,2.192,2.921,2.921,4.759,0.3651,0.57,1,0,,0,7,6,0,1,1,3,10611,7000,3900,105,109.8,101.5,727.6,,733,,"Roux
EASA E062
UK CAA TCDS 1046",1.283426894,Validation,0.280400034,C,,0.92,0.85,,13746.48,0,4.566297795,16.82685558,,,,,,12,,,,0,0,0,0,0,0,,,
B744_480F_ERW,Boeing,B747_400ER,N/A,similar to 747_400 with increased gross weight capability. Carry additional fuel for longer range cruise,B747,B747-400,Passenger,6,,,"FAA TCDS No.A20WE, 
747_400 Airplane Characteristics Airport Planning Manual  from May 2011 (D6_58326_1), Boeing Aeromagazine No.21, FAA TCDS No.E13NE",Double,Extended Range,Variant,Commercial,,,,,0,Validation,2002,500,,Turbofan,V,0.995290308,Wingspan,CF6_80C2B5_F,"RB211_524H8_T, PW_4062, CF6_80C2B5_F",4,13880000,3320,,0,414130,412770,295743,251744,184567,192191,166804.2,0.447142476,0.609889285,0.043033166,0.465612811,47500,,,,257453.8,0.603277947,64.92,70.67,19.06,,,,,Canted,8.32612,,,,,,1,886263.6746,1068106.974,,,,239363,,General Electric,2002,,"turbofan, two_spool, high_bypass",,231352,218586,,,,31.4,,,,4440.7,,2.8301,2.6916,4.2738,0.32,,1,0,,4,0,14,0,2,0,5,11055,,3854,0.888888889,,0.85106383,,,925,,"Roux, EASA TCDS IM.E.240",1.198907759,Training,0.263777421,C,,0.92,0.85,,13746.48,0,,,,,,,,12,,,,0,0,0,0,0,0,,,
B744_240_ERW,Boeing,B747_400ER,N/A,similar to 747_400 with increased gross weight capability. Carry additional fuel for longer range cruise,B747,B747-400,Passenger,6,,,"FAA TCDS No.A20WE, 
747_400 Airplane Characteristics Airport Planning Manual  from May 2011 (D6_58326_1), Boeing Aeromagazine No.21, FAA TCDS No.E24NE",Double,Extended Range,Variant,Commercial,,,,,0,Training,2002,500,,Turbofan,V,0.995290308,Wingspan,PW_4062,"RB211_524H8_T, PW_4062, CF6_80C2B5_F",4,14000000,3260,,0,414130,412770,295743,251744,184567,192860,167475.64,0.447142476,0.609889285,0.041406498,0.467233568,47500,,,,257451.36,0.603293142,64.92,70.67,19.06,,,,,Canted,8.32612,,,,,,1,894092.5447,1103158.961,,,,240196,,Pratt & Whitney,1998,PW_4000_94,"dual spool turbofan. Successor to the JT series. -94 refers to a 94"" diameter fan",,275790,223520,,1.8,4.85,32.3,,,,4272.84,2.3876,2.48,2.48,3.9,,,1,0,,4,0,11,0,2,0,4,10450,,4044,100,,100,,,629,,"Roux
EASA E050
PW Factsheet",1.242582285,Training,0.272433785,C,,0.92,0.85,,13746.48,0,,,,,,,,12,,,,0,0,0,0,0,0,,,
B744_352T_ERW,Boeing,B747_400ER,N/A,similar to 747_400 with increased gross weight capability. Carry additional fuel for longer range cruise,B747,B747-400,Passenger,40,,,"FAA TCDS No.A20WE, 
747_400 Airplane Characteristics Airport Planning Manual  from May 2011 (D6_58326_1), Boeing Aeromagazine No.21, FAA TCDS No.E30NE",Double,Extended Range,Variant,Commercial,,,,,0,Training,2002,500,,Turbofan,V,0.995290308,Wingspan,RB211_524H2_T_19,"RB211_524H8_T, PW_4062, CF6_80C2B5_F",4,14816000,,,0,414130,412770,295743,251744,184567,192860,161755,0.447142476,0.609889285,0.055265644,0.467233568,47500,,,,263172,0.568441932,64.92,70.67,19.06,,,,,Canted,8.32612,,,,,,1,840358.0276,1058676.744,,,,240196,,Rolls Royce,1997,,triple spool medium bypass turbofan,,264446.77,210089.51,,,4.3,32.8,,,,5703,2.192,2.921,2.921,4.759,0.3651,,1,0,,0,7,6,0,1,1,3,10611,7000,3900,105,109.8,101.5,,,733,,"Roux
EASA E062
UK CAA TCDS 1048",1.283147857,Training,0.261448552,C,,0.92,0.85,,13746.48,0,,,,,,,,12,,,,0,0,0,0,0,0,,,
B744_180F_ERFW,Boeing,B747_400ERF,N/A,similar to 747_400_F with increased gross weight capability,B747,B747-400,Cargo,40,,,"FAA TCDS No.A20WE, 
747_400 Airplane Characteristics Airport Planning Manual  from May 2011 (D6_58326_1), Boeing Aeromagazine No.21, FAA TCDS No.E13NE",,Extended Range,Variant,N/A,,,,,0,Training,2002,,,Turbofan,V,0.995290308,Wingspan,CF6_80C2B5_F,"RB211_524H8_T, PW_4062, CF6_80C2B5_F",4,9220000,,,0,414130,412770,302093,277145,164382,163396,146619.2,0.398241151,0.671427187,0.043033166,0.395852412,,,,,,,64.92,70.67,18.87,,,,,Canted,8.32612,,,,,,1,886263.6746,1068106.974,,,3340,203501,,General Electric,2002,,"turbofan, two_spool, high_bypass",,231352,218586,,,,31.4,,,,4440.7,,2.8301,2.6916,4.2738,0.32,,1,0,,4,0,14,0,2,0,5,11055,,3854,0.888888889,,0.85106383,,,925,,"Roux, EASA TCDS IM.E.240",1.198907759,Training,0.263777421,C,,0.92,0.85,,13746.48,0,,,,,,,,12,,,,0,0,0,0,0,0,,,
B744_240_ERFW,Boeing,B747_400ERF,N/A,similar to 747_400_F with increased gross weight capability,B747,B747-400,Cargo,40,,,"FAA TCDS No.A20WE, 
747_400 Airplane Characteristics Airport Planning Manual  from May 2011 (D6_58326_1), Boeing Aeromagazine No.21, FAA TCDS No.E24NE",,Extended Range,Variant,N/A,,,,,0,Training,2002,,,Turbofan,V,0.995290308,Wingspan,PW_4062,"RB211_524H8_T, PW_4062, CF6_80C2B5_F",4,9230000,,,0,414130,412770,302093,277145,164382,164064,147290.64,0.398241151,0.671427187,0.041406498,0.397470746,,,,,,,64.92,70.67,18.87,,,,,Canted,8.32612,,,,,,1,894092.5447,1103158.961,,,3290,20433,,Pratt & Whitney,1998,PW_4000_94,"dual spool turbofan. Successor to the JT series. -94 refers to a 94"" diameter fan",,275790,223520,,1.8,4.85,32.3,,,,4272.84,2.3876,2.48,2.48,3.9,,,1,0,,4,0,11,0,2,0,4,10450,,4044,100,,100,,,629,,"Roux
EASA E050
PW Factsheet",1.242582285,Training,0.272433785,C,,0.92,0.85,,13746.48,0,,,,,,,,12,,,,0,0,0,0,0,0,,,
B744_352T_ERFW,Boeing,B747_400ERF,N/A,similar to 747_400_F with increased gross weight capability,B747,B747-400,Cargo,40,,,"FAA TCDS No.A20WE, 
747_400 Airplane Characteristics Airport Planning Manual  from May 2011 (D6_58326_1), Boeing Aeromagazine No.21, FAA TCDS No.E30NE",,Extended Range,Variant,N/A,,,,,0,Validation,2002,,,Turbofan,V,0.995290308,Wingspan,RB211_524H2_T_19,"RB211_524H8_T, PW_4062, CF6_80C2B5_F",4,11667600,,,0,414130,412770,302093,277145,164382,164064,141570,0.398241151,0.671427187,0.055265644,0.397470746,,,,,,,64.92,70.67,18.87,,,,,Canted,8.32612,,,,,,1,840358.0276,1058676.744,,,,204333,,Rolls Royce,1997,,triple spool medium bypass turbofan,,264446.77,210089.51,,,4.3,32.8,,,,5703,2.192,2.921,2.921,4.759,0.3651,,1,0,,0,7,6,0,1,1,3,10611,7000,3900,105,109.8,101.5,,,733,,"Roux
EASA E062
UK CAA TCDS 1048",1.283147857,Training,0.261448552,C,,0.92,0.85,,13746.48,0,,,,,,,,12,,,,0,0,0,0,0,0,,,
B744_480_D,Boeing,B747_400D,747_400Domestic,a 747_400 with strengthened wings and without 6 ft wing tip extension and Canted. Wing tip equivalent in planform to 747_300,B747,B747-400,Passenger,19,2,,"FAA TCDS No.A20WE, 
747_400 Airplane Characteristics Airport Planning Manual  from May 2011 (D6_58326_1), FAA TCDS No.E13NE",Double,Short Range,Variant,Commercial,,,,,0,Training,1991,660,,Turbofan,V,0.914189173,Wingspan,CF6_80C2B1,,4,2000000,,,0,273517,272156,260362,242672,181723,163396,164178.2,0.66771631,0.891665074,0.064465968,0.600376255,62700,,,,243640.8,0.117037869,59.63,70.67,18.34,,,,,No Wingtip Device,8.32612,,,,,,1,881637.5242,996045.7841,228104,,,203501,,General Electric,1987,,"turbofan, two_spool, high_bypass",,249011,220409,57026,,5.19,29.3,,0.8,10668,4386.2,2.362,2.6695,2.6916,4.2738,0.33,0.58,1,0,,4,0,14,0,2,0,5,11055,,3854,0.881057269,,0.85106383,802.4,,925,,"Roux, EASA TCDS IM.E.240",1.194547872,Training,0.373071764,C,,0.92,0.84,,13746.48,0,1.417949998,11.47131831,,,,,,12,,,,0,0,0,0,0,0,,,
B748_42BW,Boeing,B747_8,747-8I Intercontinental,"higher gross weight, longer fuselage, and increased wingspan than 747-400. Has next gen advanced alloys, Raked wingtips, improved aerodynamic efficiency. ",B747,B747-800,Passenger,48,2,,"FAA TCDS No.A20WE, 
747_8 Airplane Characteristics Airport Planning Manual  from December 2012 (D6_58326_3), FAA TCDS No.E00078NE",Double,,Variant,Commercial,,,,,0,Validation,2011,605,515,Turbofan,VI,0.856524614,Wingspan,GEnx_2B67,"Genx_2B67B, GEnx-2B67_P",4,14816000,,,0,449056,447696,312072,295289,220128,193280,197675.2,0.49169079,0.659574801,0.050151889,0.431721525,57475,,,,273207.8,0.638664782,68.4,76.25,18.97,,,,,Raked,,,,,,,1,1040883.858,1199240.547,,,,238610,,General Electric,2011,,"double spool, axial flow, high bypass ratio turbofan",,299400,260200,,,8,44.7,52.4,,,5613.2,2.65938,3.2004,3.2334,4.699,,,1,0,,4,0,10,0,2,0,7,11377,N/A,2835,118,N/A,106,1041.902,,1030,,"EASA E.102, Genx Infographic",1.288310367,Training,0.273057483,C,,0.9,0.855,,13136.88,0,,,,,,,,12,,,,0,0,0,0,0,0,,,
B748_42B_FW,Boeing,B747_8F,747-8F Freighter,similar to the 747-8 with 747-400F nose cargo door.,B747,B747-800,Cargo,107,12,,"FAA TCDS No.A20WE, 
747_8 Airplane Characteristics Airport Planning Manual  from December 2012 (D6_58326_3), FAA TCDS No.E00078NE",,,Variant,N/A,,,,,0,Training,2011,0,,Turbofan,VI,0.856524614,Wingspan,GEnx_2B67,"Genx_2B67B, GEnx-2B67_P",4,13890000,,,57475,449056,447696,346091,329762,197131,181536,174678.2,0.440323344,0.736575712,0.050151889,0.405489439,57475,,,,261463.8,0.712267626,68.4,76.25,18.97,,,,,Raked,,,,,,,1,1040883.858,1199240.547,,,,226118,,General Electric,2011,,"double spool, axial flow, high bypass ratio turbofan",,299400,260200,,,8,44.7,52.4,,,5613.2,2.65938,3.2004,3.2334,4.699,,,1,0,,4,0,10,0,2,0,7,11377,N/A,2835,118,N/A,106,1041.902,,1030,,"EASA E.102, Genx Infographic",1.288310367,Training,0.273057483,C,,0.9,0.845,,12832.08,0,,,,,,,,12,,,,0,0,0,0,0,0,,,
B752_353,Boeing,N/A,N/A,,B757,B757-200,Passenger,913,2,,"FAA TCDS A2NM,
757 Airport Planning Manual,
757 200/300 Brochure",Single,Medium Range,Baseline,Commercial,,,,,0,Training,1982,224,,Turbofan,IV,0.73764217,TailHeight,RB211_535C_37," RB211_535E4_37, 
RB211_535E4B_37",2,4200000,1700,,0,100250,99800,89800,83450,60800,34260,53832,0.609218437,0.836172345,0.069819639,0.343286573,21280,,,,62508,0.596595636,38.05,47.32,13.49,,,,,No Wingtip Device,5.07238,,,,,,1,298030.8482,326677.3954,,,,42680,,Rolls Royce,1981,,triple spool meduum bypas turbofan,,163400,149100,,,4.46,21.2,,,,3484,1.859,2.216,2.413,4.5735,0.381,,1,0,,0,6,6,0,1,1,3,10611,7000,4500,93,99.3,108.5,518,,795,,"Roux
EASA E061
UK TCDS 1049",1.264811587,Training,0.333671824,C,,0.86,0.8,,12801.6,0,,,,,,,,12,,,,0,0,0,0,0,0,,,
B752_220,Boeing,N/A,N/A,,B757,B757-200,Passenger,913,2,,"FAA TCDS A2NM,
757 Airport Planning Manual,
757 200/300 Brochure",Single,Medium Range,Variant,Commercial,,,,,0,Validation,1982,224,,Turbofan,IV,0.73764217,TailHeight,PW_2037,PW_2040 ,2,4550000,1700,,0,100250,99800,89800,83450,58250,34260,51627.552,0.583667335,0.836172345,0.066357194,0.343286573,21280,,,,62162.448,0.605470878,38.05,47.32,13.49,,,,,No Wingtip Device,5.07238,,,,,,1,308172.7935,333883.5144,57826,,,42680,,Pratt & Whitney,1983,JT10D,"double spool, axial flow high bypass turbofan",,166941.76,154086.4,28913,1.63,5.8,27.4,30.8,0.85,10668,3311.224,1.994,2.15392,2.15392,3.72872,0.33,0.58,1,0,,4,0,12,0,2,0,5,12250,,4575,,,,548.8,151.9,660,1678,"FAA TCDS E17NE
Roux",1.214992403,Training,0.341032232,C,,0.86,0.8,,12801.6,0,7.388170978,16.59341244,,,,,,12,,,,0,0,0,0,0,0,,,
B752_220_PF,Boeing,N/A,N/A,,B757,B757-200,Cargo,80,2,,"FAA TCDS A2NM,
757 Airport Planning Manual,
757 200F Brochure",,Long Range,Variant,N/A,,,,,0,Validation,1987,0,,Turbofan,IV,0.73764217,TailHeight,PW_2037,"PW_2040, RB211_535_E4_37, RB211_535_E4_B_37",2,7037000,2500,,29300,113850,113400,92250,90700,51700,34260,45077.552,0.455908289,0.799823633,0.058399012,0.302116402,29300,,,,70182.448,0.615788609,38.05,47.32,13.49,,,,,No Wingtip Device,5.07238,,,,,,1,308172.7935,333883.5144,57826,,,42680,,Pratt & Whitney,1983,JT10D,"double spool, axial flow high bypass turbofan",,166941.76,154086.4,28913,1.63,5.8,27.4,30.8,0.85,10668,3311.224,1.994,2.15392,2.15392,3.72872,0.33,0.58,1,0,,4,0,12,0,2,0,5,12250,,4575,,,,548.8,151.9,660,1678,"FAA TCDS E17NE
Roux",1.214992403,Training,0.300132423,C,,0.86,0.8,,12801.6,0,13.35804411,18.85463899,,,,,,12,,,,0,0,0,0,0,0,,,
B753_220,Boeing,N/A,N/A,,B757,B757-300,Passenger,55,2,,"FAA TCDS A2NM,
757 Airport Planning Manual,
757 200/300 Brochure",Single,Long Range,Baseline,Commercial,,,,,0,Training,1999,279,243,Turbofan,IV,0.741469816,TailHeight,PW_2043,PW_2040,2,6295000,2635,,0,122930,122470,101610,95260,64330,34930,57707.552,0.525271495,0.77782314,0.054074043,0.285212705,26505,,,,68057.448,0.799509144,38.06,54.43,13.56,,,,,No Wingtip Device,5.07238,,,,,,1,308172.7935,363864.5281,,,,43495,,Pratt & Whitney,1995,JT10D,"double spool, axial flow high bypass turbofan",,191273.53,162004.23,,1.63,6,31.9,,,,3311.224,1.994,2.15392,2.15392,3.72872,0.35,,1,0,,4,0,12,0,2,0,5,12360,,4575,,,,,,625,,"FAA TCDS E17NE
Roux
PW2000 fact sheet",1.225909119,Training,0.302859356,C,,0.86,0.8,,12801.6,0,,,,,,,,12,,,,0,0,0,0,0,0,,,
B753_353,Boeing,N/A,N/A,,B757,B757-300,Passenger,55,2,,"FAA TCDS A2NM,
757 Airport Planning Manual,
757 200/300 Brochure",Single,Long Range,Variant,Commercial,,,,,0,Training,1999,279,243,Turbofan,IV,0.741469816,TailHeight,RB211_535E4B_37,RB211_535E4,2,5910000,2605,,0,122930,122470,101610,95260,64580,34930,57682,0.527312811,0.77782314,0.056323998,0.285212705,26505,,,,68333,0.792252645,38.06,54.43,13.56,,,,,No Wingtip Device,5.07238,,,,,,1,313199.2839,378454.695,,,,43495,,Rolls Royce,1989,,triple spool meduum bypas turbofan,,189300,156600,,,4.4,25,,,,3449,1.882,2.276,2.416,5.0359,0.381,,1,0,,0,6,6,0,1,1,3,10611,7000,4500,95.8,98,108.4,522.1,,795,,"Roux
EASA E061
UK TCDS 1049",1.280954922,Training,0.31500335,C,,0.86,0.8,,12801.6,0,,,,,,,,12,,,,0,0,0,0,0,0,,,
B762_27R,Boeing,N/A,N/A,,B767,B767-200,Passenger,128,2,," Airport Planning (D6-58328), TCDS no. A1NM",Double,Short Range,Baseline,Commercial,,,,,0,Training,1982,255,216,Turbofan,IV,0.912687449,Wingspan,JT9D_7R4D,"JT9D_7R4E, PW_4052,  CF6_80A2, CF6_80A, CF6_80C2_B2",2,3704000,1500,,0,128820,127913,116573,109769,78975,36894,70869.3,0.617411835,0.858153589,0.063368852,0.288430418,24225,,,,69224.7,0.847794212,47.57,48.51,15.6,,,,,No Wingtip Device,6.0325,,,,,,1,407457.1,427029.28,99640,Jet A,,45955,,Pratt & Whitney,1979,,"turbofan, dual axial 16 compressor",,213514.64,203728.55,49820,,4.9,23.4,,0.85,10668,4052.85,2.372,2.44,2.44,3.92,0.34,0.61,1,0,,4,0,11,0,2,0,4,8000,,3770,,,,718.9,,600,,Roux / JT9D E3NE TCDS,1.21780006,Validation,0.340309413,C,,0.86,0.8,,13136.88,0,7.816873473,12.34267474,,,,,,12,,,,0,0,0,0,0,0,,,
B762_180,Boeing,N/A,N/A,,B767,B767-200,Passenger,128,2,," Airport Planning (D6-58328), TCDS no. A1NM",Double,Long Range,Variant,Commercial,,,,,0,Training,1982,255,216,Turbofan,IV,0.912687449,Wingspan,CF6_80A2,"JT9D_7R4D, JT9D_7R4E, PW_4052,   CF6_80A, CF6_80C2_B2",2,7223000,1800,,0,143789,142882,123377,113398,80127,50753,72180,0.560791422,0.793647905,0.055619322,0.355209194,24225,,,,82925,0.723026831,47.57,48.51,15.6,,,,,No Wingtip Device,6.0325,,,,,,1,406746,432988,98260,Jet A,,63217,,General Electric,1993,,"turbofan, two_spool, high_bypass",,216494,203373,49130,1.7,4.59,28.4,,0.8,10668,3973.5,2.195,2.4,2.6822,4.2393,0.35,0.62,1,0,,3,0,14,0,2,0,4,10859,,4016,0.904977376,,0.854700855,662.2,,895,,"Roux, EASA TCDS IM.E.240",1.204314479,Training,0.308908126,C,,0.86,0.8,,13136.88,0,12.01392666,13.98070524,,,,,,12,,,,0,0,0,0,0,0,,,
B762_27R_ER,Boeing,N/A,N/A,,B767,B767-200,Passenger,121,2,," Airport Planning (D6-58328), TCDS no. A1NM",Double,Extended Range,Variant,Commercial,,,,,0,Training,,255,216,Turbofan,IV,0.912687449,Wingspan,JT9D_7R4D,"JT9D_7R4E, PW_4052,   CF6_80A, CF6_80C2_B2,  CF6_80C2_B4, PW_4056, RB211_524G, RB211_524H",2,7778000,2200,,0,152861,151954,126099,114759,82159,50752,74053.3,0.540683365,0.755221975,0.053343117,0.333995815,24225,,,,83082.7,0.828948746,47.57,48.51,15.6,,,,,No Wingtip Device,6.0325,,,,,,1,407457.1,427029.28,99640,Jet A,,63216,,Pratt & Whitney,1979,,"turbofan, dual axial 16 compressor",,213514.64,203728.55,49820,,4.9,23.4,,0.85,10668,4052.85,2.372,2.44,2.44,3.92,0.34,0.61,1,0,,4,0,11,0,2,0,4,8000,,3770,,,,718.9,,600,,Roux / JT9D E3NE TCDS,1.21780006,Validation,0.28646826,C,,0.86,0.8,,13136.88,0,13.74206562,14.6624565,,,,,,12,,,,0,0,0,0,0,0,,,
B762_352_ER,Boeing,N/A,N/A,,B767,B767-200,Passenger,121,2,," Airport Planning (D6-58328), TCDS no. A1NM",Double,Extended Range,Variant,Commercial,,,,,0,Training,,255,216,Turbofan,IV,0.912687449,Wingspan,RB211_524H_36,"JT9D_7R4D, JT9D_7R4E, PW_4052,   CF6_80A, CF6_80C2_B2,  CF6_80C2_B4, PW_4056, RB211_524G",2,12223000,2900,,0,179623,179169,136078,117934,82377,73363,70827,0.459772617,0.658227707,0.064464277,0.409462574,24225,,,,109138,0.641673844,47.57,48.51,15.6,,,,,No Wingtip Device,6.0325,,,,,,1,420179.02,528893.54,,Jet A,,91380,,Rolls Royce,1989,,,,264446.77,210089.51,,,4.3,32.9,,0.85,10668,5775,2.192,2.921,2.921,4.759,0.3651,0.57,1,0,,0,7,6,0,1,1,3,10611,7000,3900,97.1,105,109.8,727.6,,733,1548,"Roux
EASA E062
UK CAA 1048",1.283426894,Training,0.300909837,C,,0.86,0.8,,13136.88,0,15.57192576,,,,,,,12,,,,0,0,0,0,0,0,,,
B763_27R,Boeing,N/A,N/A,,B767,B767-300,Passenger,104,2,," Airport Planning (D6-58328), TCDS no. A1NM",Double,Long Range,Baseline,Commercial,,,,,0,Training,1986,290,269,Turbofan,IV,0.912687449,Wingspan,JT9D_7R4D," JT9D_7R4E, PW_4052,   CF6_80A, CF6_80A2, CF6_80C2_B2",2,7408000,2750,,0,157397,156490,136078,126099,84541,50753,76435.3,0.540232603,0.805795898,0.05179692,0.324321043,27550,,,,86408.7,0.81104449,47.57,54.94,15.39,,,,,No Wingtip Device,6.0325,,,,,,1,407457.1,427029.28,99640,Jet A,,63216,,Pratt & Whitney,1979,,"turbofan, dual axial 16 compressor",,213514.64,203728.55,49820,,4.9,23.4,,0.85,10668,4052.85,2.372,2.44,2.44,3.92,0.34,0.61,1,0,,4,0,11,0,2,0,4,8000,,3770,,,,718.9,,600,,Roux / JT9D E3NE TCDS,1.21780006,Validation,0.278164726,C,,0.86,0.8,,13136.88,0,13.56984322,15.10014753,,,,,,12,,,,0,0,0,0,0,0,,,
B763_4804_ER,Boeing,N/A,N/A,,B767,B767-300,Passenger,583,2,," Airport Planning (D6-58328), TCDS no. A1NM",Double,Extended Range,Variant,Commercial,,,,,0,Training,,290,269,Turbofan,IV,0.912687449,Wingspan,CF6_80C2_B6F,"      PW_4056, PW_4060 , RB211_524G, RB211_524H, 
CF6_80C2_B8F, 
CF6_80C2_B7F1,  CF6_80C2_B4, PW_4062",2,8590000,2285,,0,172819,172365,136078,126099,87924,73364,79042.6,0.510103559,0.731581237,0.051526702,0.425631654,27550,,,,109795.4,0.569874512,47.57,54.94,15.39,,,,,No Wingtip Device,6.0325,,,,,,1,499714,534054,,Jet A,,91380,,General Electric,1989,,"turbofan, two_spool, high_bypass",,267027,249857,,,5.06,31.4,,,,4440.7,2.362,2.8301,2.6916,4.2738,0.32,,1,0,,4,0,14,0,2,0,5,11055,,3854,0.888888889,,0.85106383,,,925,,"Roux, EASA TCDS IM.E.240",1.198907759,Training,0.315839964,C,,0.86,0.8,,13136.88,0,,,,,,,,12,,,,0,0,0,0,0,0,,,
B763_4806_ER,Boeing,N/A,N/A,,B767,B767-300,Passenger,583,2,," Airport Planning (D6-58328), TCDS no. A1NM",Double,Extended Range,Variant,Commercial,,,,,0,Training,,290,269,Turbofan,IV,0.912687449,Wingspan,CF6_80C2_B7F,"       CF6_80C2_B4, PW_4056, PW_4060, RB211_524G, RB211_524H, 
CF6_80C2_B8F, 
CF6_80C2_B6, PW_4062",2,10600000,2710,,0,187334,186880,145150,133810,90011,73364,81129.6,0.481651327,0.716020976,0.047524615,0.392572774,27550,,,,109795.4,0.70207495,47.57,54.94,15.39,,,,,No Wingtip Device,6.0325,,,,,,1,499714,534054,,Jet A,,91380,,General Electric,2000,CF6_80C2_B7F1,"turbofan, two_spool, high_bypass",,267027,249857,,,,31.4,,,,4440.7,2.362,2.8301,2.6916,4.2738,0.32,,1,0,,4,0,14,0,2,0,5,11055,,3854,0.888888889,,0.85106383,,,925,,"Roux, EASA TCDS IM.E.240",1.198907759,Training,0.291308622,C,,0.86,0.8,,13136.88,0,,,,,,,,12,,,,0,0,0,0,0,0,,,
B763_480_F,Boeing,N/A,N/A,,B767,B767-300,Cargo,280,2,," Airport Planning (D6-58328), TCDS no. A1NM",,Extended Range,Variant,N/A,,,,,0,Training,1995,0,0,Turbofan,IV,0.912687449,Wingspan,CF6_80C2_B6F,"CF6_80C2_B4, PW_4056, PW_4060, RB211_524G, RB211_524H, 
CF6_80C2_B8F, 
CF6_80C2_B7F1,  PW_4062, CF6_80C2_B7F",2,10186000,2800,,42225,185519,185066,147871,140160,85275,73364,76393.6,0.460781559,0.757351431,0.047990447,0.396420736,42225,,,,124470.4,0.48682739,47.57,54.94,15.44,,,,,No Wingtip Device,6.0325,,,,,,1,499714,534054,,Jet A,,24140,,General Electric,1989,,"turbofan, two_spool, high_bypass",,267027,249857,,,5.06,31.4,,,,4440.7,2.362,2.8301,2.6916,4.2738,0.32,,1,0,,4,0,14,0,2,0,5,11055,,3854,0.888888889,,0.85106383,,,925,,"Roux, EASA TCDS IM.E.240",1.198907759,Training,0.294164003,C,,0.86,0.8,,13136.88,0,,,,,,,,12,,,,0,0,0,0,0,0,,,
B763_240_F,Boeing,N/A,N/A,,B767,B767-300,Cargo,280,2,," Airport Planning (D6-58328), TCDS no. A1NM",,Extended Range,Variant,N/A,,,,,0,Training,1995,0,0,Turbofan,IV,0.912687449,Wingspan,PW_4062,"CF6_80C2_B4, PW_4056, PW_4060, RB211_524G, RB211_524H, 
CF6_80C2_B8F, 
CF6_80C2_B7F1,  PW_4063",2,11112000,2800,,28679,185519,185066,147871,140160,85321,73364,76775.32,0.461030119,0.757351431,0.046176391,0.396420736,28679,,,,110588.68,0.673462419,47.57,54.94,15.44,,,,,No Wingtip Device,6.0325,,,,,,1,447040,551580,,Jet A,,24140,,Pratt & Whitney,1998,PW_4000_94,"dual spool turbofan. Successor to the JT series. -94 refers to a 94"" diameter fan",,275790,223520,,1.8,4.85,32.3,,,,4272.84,2.3876,2.48,2.48,3.9,,,1,0,,4,0,11,0,2,0,4,10450,,4044,100,,100,,,629,,"Roux
EASA E050
PW Factsheet",1.242582285,Training,0.303817555,C,,0.86,0.8,,13136.88,0,,,,,,,,12,,,,0,0,0,0,0,0,,,
B763_352_F,Boeing,N/A,N/A,,B767,B767-300,Cargo,280,2,," Airport Planning (D6-58328), TCDS no. A1NM",,Extended Range,Variant,N/A,,,,,0,Validation,1995,,0,Turbofan,IV,0.912687449,Wingspan,RB211_524H_36,"CF6_80C2_B4, PW_4056, PW_4060, RB211_524G, RB211_524H, 
CF6_80C2_B8F, 
CF6_80C2_B7F1,  PW_4064",2,11112000,2800,,0,185519,185066,147871,140160,86183,73364,74633,0.465687917,0.757351431,0.062410167,0.396420736,,,,,,,47.57,54.94,15.44,,,,,No Wingtip Device,6.0325,,,,,,1,420179.02,528893.54,,Jet A,,24140,,Rolls Royce,1989,,,,264446.77,210089.51,,,4.3,32.9,,0.85,10668,5775,2.192,2.921,2.921,4.759,0.3651,0.57,1,0,,0,7,6,0,1,1,3,10611,7000,3900,97.1,105,109.8,727.6,,733,1548,"Roux
EASA E062
UK CAA 1048",1.283426894,Training,0.291321553,C,,0.86,0.8,,13136.88,0,14.76903284,,,,,,,12,,,,0,0,0,0,0,0,,,
B764_480_ER,Boeing,N/A,N/A,,B767,B767-400,Passenger,38,2,," Airport Planning (D6-58328), TCDS no. A1NM",Double,Extended Range,Baseline,Commercial,,,,,0,Training,2000,409,,Turbofan,IV,0.996147411,Wingspan,CF6_80C2_B8F,CF6_80C2_B7F1,2,10185000,3290,,0,204570,204116,158757,149685,103147,73363,94265.6,0.505335202,0.733333007,0.043511533,0.359418174,38855,,,,121099.4,0.685524453,51.92,61.37,16.68,,,,,Raked,6.0325,,,,,,1,499713.22,534053.48,,Jet A,,91370,,General Electric,2000,,"turbofan, two_spool, high_bypass",,267026.74,249856.61,,,,31.4,,,,4440.7,2.362,2.8301,2.6916,4.2738,,,1,0,,4,0,14,0,2,0,5,11055,,3854,0.888888889,,0.85106383,,,925,,"Roux, EASA TCDS IM.E.240",1.198907759,Training,0.266709628,C,,0.86,0.8,,13136.88,0,,,,,,,,12,,,,0,0,0,0,0,0,,,
B764_240_ER,Boeing,N/A,N/A,,B767,B767-400,Passenger,38,2,," Airport Planning (D6-58328), TCDS no. A1NM",Double,Extended Range,Variant,Commercial,,,,,0,Validation,2000,409,,Turbofan,IV,0.996147411,Wingspan,PW_4062,,2,10080000,3320,,0,204570,204116,158757,149685,103872,73363,95326.32,0.508887103,0.733333007,0.041866782,0.359418174,38855,,,,120763.68,0.690210169,51.92,61.37,16.68,,,,,Raked,6.0325,,,,,,1,447040,551580,,Jet A,,91370,,Pratt & Whitney,1998,PW_4000_94,"dual spool turbofan. Successor to the JT series. -94 refers to a 94"" diameter fan",,275790,223520,,1.8,4.85,32.3,,,,4272.84,2.3876,2.48,2.48,3.9,,,1,0,,4,0,11,0,2,0,4,10450,,4044,100,,100,,,629,,"Roux
EASA E050
PW Factsheet",1.242582285,Training,0.275462481,C,,0.86,0.8,,13136.88,0,,,,,,,,12,,,,0,0,0,0,0,0,,,
B772_4903,Boeing,N/A,N/A,,B777,B777-200,Passenger,88,,,"TCDS NO. T00001SE, Airport Planning (D6-58329), 777 Performance Summary",Double,,Baseline,Commercial,,,,,0,Training,1995,440,375,Turbofan,V,0.934119508,Wingspan,GE90_76B,,2,9500000,2500,,0,243500,229500,200050,190470,135550,94240,119766,0.590631808,0.829934641,0.068775599,0.410631808,41800,,,,151824,0.511618716,60.93,63.73,18.42,,,,,No Wingtip Device,7.074154,,,,,,1,671060,721240,,Jet A,,117300,,Pratt & Whitney,1995,,twin spool turbofan,,360620,335530,,1.65,8.4,39.3,,0.83,10668,7892,,3.871,3.952,4.897,0.32,0.52,1,0,,3,0,10,0,2,0,6,9332,,2261.5,1.134804972,,1.056820694,,,925,,"Roux
EASA E002",1.299825887,Training,0.320352493,C,,0.87,0.84,,13136.88,0,10.47601816,,,,,,,12,,,,0,0,0,0,0,0,,,
B772_4904_H,Boeing,N/A,N/A,,B777,B777-200,Passenger,422,,,"TCDS NO. T00001SE, Airport Planning (D6-58329), 777 Performance Summary",Double,Extended Range,Variant,Commercial,,,,,0,Validation,1995,440,375,Turbofan,V,0.934119508,Wingspan,GE90_76B,,2,12000000,3000,,0,287800,286900,208700,195000,138100,137460,122316,0.481352388,0.679679331,0.055015685,0.479121645,41800,,,,195044,0.470950145,60.93,63.73,18.42,,,,,No Wingtip Device,7.074154,,,,,,1,671060,721240,,Jet A,,171100,,Pratt & Whitney,1995,,twin spool turbofan,,360620,335530,,1.65,8.4,39.3,,0.83,10668,7892,,3.871,3.952,4.897,0.32,0.52,1,0,,3,0,10,0,2,0,6,9332,,2261.5,1.134804972,,1.056820694,,,925,,"Roux
EASA E002",1.299825887,Training,0.256259662,C,,0.87,0.84,,13136.88,0,10.7265492,,,,,,,12,,,,0,0,0,0,0,0,,,
B772_240,Boeing,N/A,N/A,,B777,B777-200,Passenger,88,,,"TCDS NO. T00001SE, Airport Planning (D6-58329), 777 Performance Summary",Double,,Variant,Commercial,,,,,0,Training,1995,440,375,Turbofan,V,0.934119508,Wingspan,PW_4077,PW_4073,2,9565000,2575,,0,243500,242630,201800,190470,134800,117300,121106.0464,0.555578453,0.785022462,0.056439655,0.48345217,41800,,,,172793.9536,0.404157929,60.93,63.73,18.42,,,,,No Wingtip Device,7.074154,,,,,,1,631558.5,711359.6,,Jet A,,94240,,Pratt & Whitney,1994,PW_4000_112,"dual spool turbofan. -112 refers to a 112"" fan diameter",,355679.8,315779.25,,1.7,6.2,31.5,,,,6846.9768,2.845,3.0226,3.0226,4.8367442,,,1,0,,6,0,11,0,2,0,7,10850,,2990,100,,100,1156.7,,605,,"Roux
FAA E46NE
GTEngines Weekly 2008",1.211265856,Training,0.298865436,C,,0.87,0.84,,13136.88,0,,,,,,,,12,,,,0,0,0,0,0,0,,,
B772_240_H,Boeing,N/A,N/A,,B777,B777-200,Passenger,422,,,"TCDS NO. T00001SE, Airport Planning (D6-58329), 777 Performance Summary",Double,Extended Range,Variant,Commercial,,,,,0,Training,1995,440,375,Turbofan,V,0.934119508,Wingspan,PW_4084,PW_4082,2,10675000,1600,,0,287800,286900,206350,195000,137050,137460,123356.0464,0.477692576,0.679679331,0.047730755,0.479121645,41800,,,,192953.9536,0.486883242,60.93,63.73,18.42,,,,,No Wingtip Device,7.074154,,,,,,1,631558.5,771855.42,,Jet A,,171100,,Pratt & Whitney,1994,PW_4000_112,"dual spool turbofan. -112 refers to a 112"" fan diameter",,385927.71,315779.25,,1.7,6.41,36.3,,,,6846.9768,2.845,3.0226,3.0226,4.8367442,0.334,,1,0,,6,0,11,0,2,0,7,10850,,2990,100,,100,1156.7,,605,1634,"Roux
FAA E46NE
GTEngines Weekly 2008",1.220847671,Training,0.274243538,C,,0.87,0.84,,13136.88,0,,,,,,,,12,,,,0,0,0,0,0,0,,,
B772_3TR0,Boeing,N/A,N/A,,B777,B777-200,Passenger,88,,,"TCDS NO. T00001SE, Airport Planning (D6-58329), 777 Performance Summary",Double,,Variant,Commercial,,,,,0,Training,1995,440,375,Turbofan,V,0.934119508,Wingspan,RB_Trent_877,RB_Trent_870,2,9700000,2500,,0,243500,242630,201800,190470,133350,94240,121194,0.549602275,0.785022462,0.050100977,0.388410337,41800,,,,148196,0.637223677,60.93,63.73,18.42,,,,,No Wingtip Device,7.074154,,,,,,1,624600,702000,,Jet A,,133350,,Rolls Royce,1995,RB_Trent_877_17,triple shaft high bypass ratio turbofan,,351000,312300,,,6,34.7,,,,6078,2.794,3.048,3.048,4.568,,0.575,1,0,,0,8,6,0,1,1,5,10611,7000,3300,98.8,102.8,98.5,1169.4,,850,,"Roux
EASA E047
Janes",1.266743346,Training,0.294933162,C,,0.87,0.84,,13136.88,0,12.71823851,,,,,,,12,,,,0,0,0,0,0,0,,,
B772_3TR2_H,Boeing,N/A,N/A,,B777,B777-200,Passenger,88,,,"TCDS NO. T00001SE, Airport Planning (D6-58329), 777 Performance Summary",Double,Extended Range,Variant,Commercial,,,,,0,Training,1995,440,375,Turbofan,V,0.934119508,Wingspan,RB_Trent_884,RB_Trent_882,2,10785000,2560,,0,287800,286900,206350,195000,135600,137460,123444,0.47263855,0.679679331,0.042370164,0.479121645,41800,,,,191416,0.498829774,60.93,63.73,18.42,,,,,No Wingtip Device,7.074154,,,,,,1,624600,760000,,Jet A,,171100,,Rolls Royce,1995,RB_Trent_884_17,triple shaft high bypass ratio turbofan,,380000,312300,,,6,37.5,,,,6078,2.794,3.048,3.048,4.568,,0.575,1,0,,0,8,6,0,1,1,5,10611,7000,3300,98.8,102.8,98.5,1207,,850,,"Roux
EASA E047
Janes",1.273313718,Training,0.270031256,C,,0.87,0.84,,13136.88,0,10.66015289,,,,,,,12,,,,0,0,0,0,0,0,,,
B773_490B,Boeing,N/A,N/A,,B777,B777-300,Passenger,60,2,,"TCDS NO. T00001SE, Airport Planning (D6-58329), 777 Performance Summary",Double,,Baseline,Commercial,,,,,0,Validation,1998,451,,Turbofan,V,0.934119508,Wingspan,GE90_94B,"GE_90_92B, GE_90_98B",2,11165000,3595,,0,300280,299370,237680,224530,160530,135880,144746,0.536226075,0.750008351,0.052724054,0.453886495,42845,,,,194509,0.53910616,60.93,73.86,18.42,,,,,No Wingtip Device,7.074154,,,,,,1,805840,865620,,Jet A,,169210,,General Electric,2000,,"dual spool, axial flow, high bypass ratio turbofan",,432810,402920,,1.65,8.4,40,,,,7892,3.2512,3.871,3.952,7.283,,,1,0,,3,0,10,0,2,0,6,9332,,2261,117,,109,,,1015,,"TCDS E00049EN
GE90 infographic(s)
EASA E002
Roux",1.301466089,Training,0.29474741,C,,0.89,0.84,,13136.88,0,,,,,,,,12,,,,0,0,0,0,0,0,,,
B773_240,Boeing,N/A,N/A,,B777,B777-300,Passenger,60,2,,"TCDS NO. T00001SE, Airport Planning (D6-58329), 777 Performance Summary",Double,,Variant,Commercial,,,,,0,Training,1998,451,,Turbofan,V,0.934119508,Wingspan,PW_4098,PW_4090,2,10675000,3290,,0,300280,299370,237680,224530,159570,135880,144819.1762,0.533019341,0.750008351,0.049272886,0.453886495,42845,,,,193475.8238,0.547325108,60.93,73.86,18.42,,,,,No Wingtip Device,7.074154,,,,,,1,687872.98,881103.74,124550,Jet A,,169210,,Pratt & Whitney,1998,PW_4000_112,"dual spool turbofan. -112 refers to a 112"" fan diameter",,440551.87,343936.49,62275,1.75,5.8,42.8,,0.83,10668,7375.4119,2.845,3.0344364,3.0344364,4.8367442,,0.58,1,0,,7,0,11,0,2,0,7,10850,,3155,0.994009217,,100,1270.1,,617,,"Roux
FAA E46NE
GTEngines Weekly 2008",1.218612031,Training,0.300019691,C,,0.89,0.84,,13136.88,0,11.47556058,23.10962318,,,,,,12,,,,0,0,0,0,0,0,,,
B773_3TR0,Boeing,N/A,N/A,,B777,B777-300,Passenger,60,2,,"TCDS NO. T00001SE, Airport Planning (D6-58329), 777 Performance Summary",Double,,Variant,Commercial,,,,,0,Training,1998,451,,Turbofan,V,0.934119508,Wingspan,RB_Trent_892,RB_Trent_898,2,11120000,3730,,0,300280,299370,237680,224530,157800,135880,145644,0.527106925,0.750008351,0.040605271,0.453886495,42845,,,,190881,0.568359344,60.93,73.86,18.42,,,,,No Wingtip Device,7.074154,,,,,,1,686600,813600,,Jet A,,169210,,Rolls Royce,1996,RB_Trent_892_17,triple shaft high bypass ratio turbofan,,406800,343300,,,6,39.6,,0.83,10668,6078,2.794,3.048,3.048,4.568,,0.575,1,0,,0,8,6,0,1,1,5,10611,7000,3300,98.8,102.8,98.5,1199.7,,850,,"Roux
EASA E047
Janes",1.277947499,Training,0.277034372,C,,0.89,0.84,,13136.88,0,11.85088175,,,,,,,12,,,,0,0,0,0,0,0,,,
B772_411_LR,Boeing,N/A,N/A,,B777,B777-200,Passenger,61,2,,"TCDS NO. T00001SE, Airport Planning (D6-58329-2), 777 Performance Summary",Double,Long Range,Variant,Commercial,,,,,0,Training,2006,301,,Turbofan,V,0.993450585,Wingspan,GE90_110B1,"GE90_110B1,
GE90_115B1",2,16045000,2955,,0,348358,347452,223168,209106,145150,145538,127628,0.417755546,0.601827015,0.050429987,0.418872247,28595,,,,191655,0.812903394,64.8,63.73,18.48,,,,,Raked,7.074154,,,,,,1,978600,985370,,Jet A,,181283,,General Electric,2003,,"Dual spool, axial flow, high bypass ratio turbofan",,492685,489300,,,9,42,,,,8761,,3.769,3.926,7.281,,,1,0,,4,0,9,0,2,0,6,9332,,2355,121,,110.5,,,1050,,"TCDS E00049EN
GE90 infographic(s)
EASA E002
Roux",1.306009626,Training,0.289091627,C,,0.89,0.84,,13136.88,0,,,,,,,,12,,,,0,0,0,0,0,0,,,
B773_411_ER,Boeing,N/A,N/A,,B777,B777-300,Passenger,837,2,10,"TCDS NO. T00001SE, Airport Planning (D6-58329-2), 777 Performance Summary",Double,Extended Range,Variant,Commercial,,,,,0,Training,2004,370,,Turbofan,V,0.993450585,Wingspan,GE90_115B,,2,14685000,3215,,0,352442,351535,251290,237683,167829,145538,150307,0.477417611,0.676128977,0.049844254,0.41400714,35150,,,,198210,0.773548257,64.8,73.86,18.24,,,,,Raked,7.074154,,,,,,1,978600,1027900,,Jet A,,181283,,General Electric,2003,,"dual spool, axial flow, high bypass ratio turbofan",,513950,489300,,,9,42,,,,8761,3.429,3.769,3.926,7.281,,,1,0,,4,0,9,0,2,0,6,9332,,2355,121,,110.5,,,1050,,"TCDS E00049EN
GE90 infographic(s)
EASA E002
Roux",1.306009626,Training,0.298066582,C,,0.89,0.84,,13136.88,0,,,,,,,,12,,,,0,0,0,0,0,0,,,
B77F_411,Boeing,N/A,N/A,,B777,777-F,Cargo,318,2,,"TCDS NO. T00001SE, Airport Planning (D6-58329-2), 777 Performance Summary",,Long Range,Baseline,N/A,,,,,0,Training,2009,,,Turbofan,V,0.993450585,Wingspan,GE90_110B1,GE90_115B,2,15186000,3108,,0,348722,347815,260816,248115,144379,145538,126857,0.415102856,0.713353363,0.050377356,0.418435088,,,,,,,64.8,63.73,18.58,,,,,Raked,7.074154,,,,,,1,978600,985370,,Jet A,,181283,,General Electric,2003,,"Dual spool, axial flow, high bypass ratio turbofan",,492685,489300,,,9,42,,,,8761,,3.769,3.926,7.281,,,1,0,,4,0,9,0,2,0,6,9332,,2355,121,,110.5,,,1050,,"TCDS E00049EN
GE90 infographic(s)
EASA E002
Roux",1.306009626,Training,0.288789914,C,,0.89,,,13136.88,0,,,,,,,,12,,,,0,0,0,0,0,0,,,
B788_3TRA_W,Boeing,N/A,Dreamliner,"mid-long haul, double aisle-body, Raked wingtips, twin-engine jetliner. 80 percent composite by volume. ",B787,B787-800,Passenger,329,2,,"TCDS NO. T00021SE, Airport Planning (D6-58333), TCDS NO. E00076EN, https://www.boeing.com/commercial/787/by-design/#/all-model-performance-summary",Double,Long Range,Baseline,Commercial,,,,,0,Training,2011,381,242,Turbofan,V,0.921701376,Wingspan,RB211_Trent_1000A,"GEnx_1B67, GEnx_1B64,  GEnx_1B70, RB211_Trent_1000C, RB211_Trent_1000E, RB211_Trent_1000G, RB211_Trent_1000H",2,13620000,3048,,0,228383,227930,172365,161025,118000,101343,106128,0.517702803,0.706466898,0.052086167,0.444623349,36195,,,,149410,0.525533766,60.12,55.91,16.59,,,,,Raked,6.27126,,,,,,1,575795.5988,615580.4929,,Jet A,0.802837,126206,,Rolls Royce,2007,,triple spool high bypass turbofan,,307800,287900,,,10,50,,,,5936,2.8448,3.798,3.798,4.771,,0.5062,1,0,,0,8,6,0,1,1,6,13391,8937,2683,97.8,99.5,101.4,,,762,1820,"EASA E036
Trent 1000 Infographic
GTEnginesWeekly 2008",1.297970037,Training,0.27530516,C,,0.9,0.85,,13136.88,0,12.98924794,,,,,,,12,,,,0,0,0,0,0,0,,,
B789_3TR2_W,Boeing,N/A,Dreamliner,"mid-long haul, double aisle-body, Raked wingtips, twin-engine jetliner. 80 percent composite by volume. ",B787,B787-900,Passenger,592,2,,"TCDS NO. T00021SE, Airport Planning (D6-58333), TCDS NO. E00076EN, https://www.boeing.com/commercial/787/by-design/#/all-model-performance-summary",Double,Long Range,Baseline,Commercial,,,,,0,Training,2014,420,290,Turbofan,V,0.921701376,Wingspan,RB211_Trent_1000A2,"GEnx_1B67P2, GEnx_1B64P2,  GEnx_1B70P1, RB211_Trent_1000D2, RB211_Trent_1000J2, RB211_Trent_1000K2, RB211_Trent_1000AE3",2,14140000,3018,,0,255372,254692,192776,181436,126000,101522,114106,0.494715185,0.712374162,0.046699543,0.398606945,39900,,,,153316,0.661222573,60.12,62,16.81,,,,,Raked,6.27126,,,,,,1,575795.5988,615580.4929,,Jet A,0.802837,126429,,Rolls Royce,2013,,triple spool high bypass turbofan,,307800,287900,,,10,50,,,,5947,2.8448,3.798,3.798,4.771,,0.5062,1,0,,0,8,6,0,1,1,6,13391,8937,2683,99.5,100.8,101.5,,,748.5,1820,"EASA E036
Trent 1000 Infographic
GTEnginesWeekly 2008",1.297970037,Training,0.246377213,C,,0.9,0.85,,13136.88,0,15.59614949,,,,,,,12,,,,0,0,0,0,0,0,,,
B7810_3TR3_W,Boeing,N/A,Dreamliner,"mid-long haul, double aisle-body, Raked wingtips, twin-engine jetliner. 80 percent composite by volume. ",B787,B787-1000,Passenger,84,2,,"TCDS NO. T00021SE, Airport Planning (D6-58333), TCDS NO. E00076EN, https://www.boeing.com/commercial/787/by-design/#/all-model-performance-summary",Double,Long Range,Baseline,Commercial,,,,,0,Training,2018,440,330,Turbofan,V,0.921701376,Wingspan,RB211_Trent_1000J3,"GEnx_1B74P2, GEnx_1B75P2, GEnx_1B76P2, GEnx_1B76AP2, RB211_Trent_1000K3",2,11910000,3018,,0,254692,254011,201848,192776,135000,101522,122772,0.531473046,0.758927763,0.048139647,0.399675605,41800,,,,155550,0.632986178,60.12,67.48,16.89,,,,,Raked,6.27126,,,,,,1,638924.7599,695070.2132,,Jet A,0.802837,126429,,Rolls Royce,2016,,triple spool high bypass turbofan,,347500,319500,,,10,50,,,,6114,2.8448,3.798,3.798,4.771,,0.5062,1,0,,0,8,6,0,1,1,6,13391,8937,2683,99.5,100.8,101.5,,,766,1810,"EASA E036
Trent 1000 Infographic
GTEnginesWeekly 2008",1.297970037,Training,0.278937655,C,,0.9,0.85,,12527.28,0,13.09071601,,,,,,,12,,,,0,0,0,0,0,0,,,
CRJ_100,Bombardier,Canadair CRJ100/440 (Canadair Regional Jet),N/A,"Turbofan-powered regional airliner, single aisle fuselage, increased range (compared to Challenger 600s)",CRJ,CRJ-100,Passenger,226,2,,TCDS NO. A21EA-1,Single,Extended Range,Variant,Commercial,,,,,0,Training,1993,50,,Turbofan,II,0.88185654,Wingspan,CF34_3A1,CF34_3B1,2,2592800,,,0,21636,21523,20276,19142,13835,,12360.8,0.642800725,0.889374158,0.068494169,,4750,,,,,,21.2344,26.7716,6.2,,,,,Canted,2.525522,,,,,,1,,,,,,8081,,General Electric,1995,,,,,,,,,,,,,737.1,,1.26,1.26,,,,1,,,,,,,2,,4,,,,,,,,,,,,,Training,,C,,0.85,0.8,,12496.8,0,,,,,,,,12,,,,0,0,0,0,0,0,,,
CRJ_100_ER,Bombardier,Canadair CRJ100/440 (Canadair Regional Jet),N/A,"Turbofan-powered regional airliner, single aisle fuselage, increased range (compared to Challenger 600s)",CRJ,CRJ-200,Passenger,,2,,"Airport Planning Manual, CSP A−020, Revision 8",Single,Extended Range,Variant,Commercial,,,,,0,Training,,50,,Turbofan,II,0.88185654,Wingspan,CF34_3A1,,2,4389240,,,0,23247,23133,21319,19958,13835,,12360.8,0.598063373,0.862750184,0.063727143,,4750,,,,,,21.2344,26.7716,6.2,,,,,Canted,,,,,,,1,,,,,,8081,,General Electric,1995,,,,,,,,,,,,,737.1,,1.26,1.26,,,,1,,,,,,,2,,4,,,,,,,,,,,,,Training,,C,,0.85,0.8,,12496.8,0,,,,,,,,12,,,,0,0,0,0,0,0,,,
CRJ_100_LR,Bombardier,Canadair CRJ100/440 (Canadair Regional Jet),N/A,"Turbofan-powered regional airliner, single aisle fuselage, increased range (compared to Challenger 600s)",CRJ,CRJ-200,Passenger,,2,,"Airport Planning Manual, CSP A−020, Revision 8",,Long Range,Variant,Commercial,,,,,0,Training,,50,,Turbofan,II,0.88185654,Wingspan,CF34_3A1,,2,,,,0,24154,24041,21319,19958,13835,,12360.8,0.57547523,0.830165135,0.061320245,,4750,,,,,,21.2344,26.7716,6.18,,,,,Canted,,,,,,,1,,,,,,8081,,General Electric,1995,,,,,,,,,,,,,737.1,,1.26,1.26,,,,1,,,,,,,2,,4,,,,,,,,,,,,,Training,,C,,0.85,0.8,,12496.8,0,,,,,,,,12,,,,0,0,0,0,0,0,,,
CRJ_200,Bombardier,Canadair CRJ200 (Canadair Regional Jet),N/A,"Turbofan-powered regional airliner, single aisle fuselage, increased range (compared to Challenger 600s)",CRJ,CRJ-200,Passenger,709,2,,"Airport Planning Manual, CSP A−020, Revision 8",Single,,Variant,Commercial,,,,,0,Training,,50,,Turbofan,II,0.88185654,Wingspan,CF34_3A1,CF34_3B1,2,2666880,,,0,21636,21523,20276,19142,13835,,12360.8,0.642800725,0.889374158,0.068494169,,4750,,,,,,21.2344,26.7716,6.2,,,,,Canted,,,,,,,1,,,,,,5300,,General Electric,1995,,,,,,,,,,,,,737.1,,1.26,1.26,,,,1,,,,,,,2,,4,,,,,,,,,,,,,Training,,C,,0.85,0.8,,12496.8,0,,,,,,,,12,,,,0,0,0,0,0,0,,,
CRJ_200_ER,Bombardier,Canadair CRJ200 (Canadair Regional Jet) ,N/A,"Turbofan-powered regional airliner, single aisle fuselage, increased range (compared to Challenger 600s)",CRJ,CRJ-200,Passenger,,2,,"Airport Planning Manual, CSP A−020, Revision 8",Single,Extended Range,Variant,Commercial,,,,,0,Training,,50,,Turbofan,II,0.88185654,Wingspan,CF34_3B1,,2,4481840,,,0,23247,23133,21319,19958,13835,,12320,0.598063373,0.862750184,0.065490857,,4750,,,,,,21.2344,26.7716,6.2,,,,,Canted,,,,,,,1,,,,,,8081,,General Electric,1995,,,,,,,,6,,,,,757.5,,1.26,1.26,,,,1,,,,,,,2,,4,,,,,,,,,,,,,Training,,C,,0.85,0.8,,12496.8,0,,,,,,,,12,,,,0,0,0,0,0,0,,,
CRJ_200_LR,Bombardier,Canadair CRJ200 (Canadair Regional Jet) ,N/A,"Turbofan-powered regional airliner, single aisle fuselage, increased range (compared to Challenger 600s)",CRJ,CRJ-200,Passenger,,2,,"Airport Planning Manual, CSP A−020, Revision 8",,Long Range,Variant,Commercial,,,,,0,Training,,50,,Turbofan,II,0.88185654,Wingspan,CF34_3B1,,2,4315160,,,0,24154,24041,21319,19958,13835,,12320,0.57547523,0.830165135,0.063017345,,4750,,,,,,21.2344,26.7716,6.18,,,,,Canted,,,,,,,1,,,,,,8081,,General Electric,1995,,,,,,,,6,,,,,757.5,,1.26,1.26,,,,1,,,,,,,2,,4,,,,,,,,,,,,,Training,,C,,0.85,0.8,,12496.8,0,,,,,,,,12,,,,0,0,0,0,0,0,,,
BD_700_1A11,Bombardier,Global 5000,N/A,"Long range, high altitude, high speed business/corporate aircraft.",Global,Global-5000,Passenger,,2,,"TCDS No. EASA.IM.A.009, FAA TCDS No.T00003NY",,Long Range,Variant,Business,,,,,0,Training,2004,19,,Turbofan,,,,BR700_710A2_020,,2,8889600,,,0,42071,41957,35652,26308,,,,,0.627022904,0.090139905,,1805,,,,,,,,,,,,,Canted,3.9,,,,,,1,128600,131200,,,,,,Rolls-Royce,1997,,,,65600,64300,,,4.2,25.7,,,,1891,,1.82,1.82,4.669,0.39,,1,0,,0,0,10,0,2,0,2,,,,,,,,,,,"ROUX
EASA TCDS E.018",1.343308425,Training,0.318757491,C,,0.842,,,15545,0,,,,,,,,12,,,,0,0,0,0,0,0,,,
BD_100_1A10,Bombardier,Challenger 300,N/A,"Long range, mid-sized business jet",Challenger,Challenger-300,Passenger,,2,,TCDS No. EASA.IM.A.080,,Long Range,Variant,Business,,,,,0,Training,2003,19,,Turbofan,II,0.805674607,Wingspan,AS907_1_1A,AS907_2_1A,2,5741200,,,0,17532,17463,15309,11839,,,,,0.677947661,,,1805,,,,,,19.4,20.9,6.2,,,,48.5,Canted,3.9,,7.76,,,,1,,,,,,7934,28.2,,,,,,,,,,,,,,,,,,,,,,,,,,,,,,,,,,,,,,,,,,,,Training,,C,,0.83,,,13716,0,,,,,15.14325727,16.30999619,360.0618557,12,,,,0,0,0,0,0,0,,,
CL_600_2C10,Bombardier,CRJ700/701/702,N/A,"short-haul, rear-mounted twin-engine, t-tail, regional jetliner",CRJ,CRJ-700,Passenger,,2,,TCDS NO. A21EA-1,,,Variant,Commercial,,,,,0,Training,2001,78,,Turbofan,II,0.96556364,Wingspan,CF34_8C1,CF34_8C5B1,2,4241080,,,0,33112.243,32998.845,30390.689,28258.805,19731.2684,,17277.2684,0.597938152,0.856357397,0.074366239,,7410,,,,,,23.25,32.3,7.51,,,,70.61,Canted,3.382899,,7.655608271,,,,1,118100,122680,,,,10989.05,,General Electric,2000,,"turbofan, two_spool, high_bypass",,61340,59050,,,4.9,27,,,,1227,1.173,1.541,1.541,3.87,0.37,,1,0,,0,0,10,0,2,0,4,17820,,7400,0.978507295,,0.994594595,,,927,,"Roux, EASA TCDS No. IM.E.053",1.349348028,Training,0.378971037,C,,0.85,,,12496.8,0,,,,,15.25256707,16.43061442,467.3395411,12,,,,0,0,0,0,0,0,,,
CL_600_2C11,Bombardier,CRJ550,N/A,"short-haul, rear-mounted twin-engine, t-tail, regional jetliner",CRJ,CRJ-700,Passenger,,2,,TCDS NO. A21EA-1,,,Variant,Commercial,,,,,0,Validation,2019,50,,Turbofan,,,,CF34_8C1,CF34_8C5B1,2,,,,0,29937.096,29483.504,27669.135,26761.95,,,,,0.907692315,0.083232983,,4750,,,,,,,,,,,,,Canted,3.382899,,,,,,1,118100,122680,,,,10989.05,,General Electric,2000,,"turbofan, two_spool, high_bypass",,61340,59050,,,4.9,27,,,,1227,1.173,1.541,1.541,3.87,0.37,,1,0,,0,0,10,0,2,0,4,17820,,7400,0.978507295,,0.994594595,,,927,,"Roux, EASA TCDS No. IM.E.053",1.349348028,Training,0.424156048,C,,0.85,,,12496.8,0,,,,,,,,12,,,,0,0,0,0,0,0,,,
CL_600_2D24,Bombardier,CRJ900,N/A,"short-haul, rear-mounted twin-engine, t-tail, regional jetliner",CRJ,CRJ-900,Passenger,,2,,TCDS NO. A21EA-1,,,Variant,Commercial,,,,,0,Training,2002,90,,Turbofan,,,,CF34_8C5,CF34_8C5A1,2,,,,0,36627.584,36514.186,33339.039,31751.466,21772.4339,,19250.4339,0.596273292,0.869565215,0.069069046,,8550,,,,,,,,,,,,,Canted,3.382899,,,,,,1,121680,129080,,,,10989.05,,General Electric,2002,,"turbofan, two_spool, high_bypass",,64540,60840,,,4.9,,,,,1261,1.173,1.541,1.541,3.85,0.39,,1,0,,0,0,10,0,2,0,4,17820,,7400,0.980359147,,0.994594595,,,960,,"Roux, EASA TCDS No. IM.E.053",,Training,0.360353153,C,,0.85,,,12496.8,0,,,,,,,,12,,,,0,0,0,0,0,0,,,
CL_600_2D15,Bombardier,CRJ705,N/A,"short-haul, rear-mounted twin-engine, t-tail, regional jetliner",CRJ,CRJ-700,Passenger,,2,,TCDS NO. A21EA-1,,,Variant,Commercial,,,,,0,Validation,2002,75,,Turbofan,,,,CF34_8C5,CF34_8C5A1,2,,,,0,36627.584,36514.186,33339.039,31751.466,21772.4339,,19250.4339,0.596273292,0.869565215,0.069069046,,7125,,,,,,,,,,,,,Canted,3.382899,,,,,,1,121680,129080,,,,10989.05,,General Electric,2002,,"turbofan, two_spool, high_bypass",,64540,60840,,,4.9,,,,,1261,1.173,1.541,1.541,3.85,0.39,,1,0,,0,0,10,0,2,0,4,17820,,7400,0.980359147,,0.994594595,,,960,,"Roux, EASA TCDS No. IM.E.053",,Training,0.360353153,C,,0.84,,,12496.8,0,,,,,,,,12,,,,0,0,0,0,0,0,,,
CL_600_2E25,Bombardier,CRJ1000,N/A,"short-haul, rear-mounted twin-engine, t-tail, regional jetliner",CRJ,CRJ-1000,Passenger,,2,,TCDS NO. A21EA-1,,,Variant,Commercial,,,,,0,Training,2010,104,,Turbofan,,,,CF34_8C5,CF34_8C5A1 CF34_8C5A2,2,3555840,,,0,41050.109,40823.313,36967.7782,35153.409,23165.87,,20643.87,0.567466683,0.861111125,0.061778425,,9880,,,,,,,,,,,,,Canted,3.480308,,,,,,1,121680,129080,,,,11113.97,,General Electric,2002,,"turbofan, two_spool, high_bypass",,64540,60840,,,4.9,,,,,1261,1.173,1.541,1.541,3.85,0.39,,1,0,,0,0,10,0,2,0,4,17820,,7400,0.980359147,,0.994594595,,,960,,"Roux, EASA TCDS No. IM.E.053",,Training,0.32231588,C,,0.84,,,12496.8,0,,,,,,,,12,,,,0,0,0,0,0,0,,,
BD_700_2A12,Bombardier,Global 7500,N/A,"Long range, high altitude, high speed business/corporate aircraft.",Global,Global-7500,Passenger,,2,,"TCDS No. EASA.IM.A.009, FAA TCDS No.T00003NY",Single,Long Range,Variant,Business,,,,,0,Training,2018,19,,Turbofan,,,,EP20_19BB1A,,2,,,,0,52208,52095,39735,30617,,,,,0.587714752,,,1805,,,,,,,,,,,,,Blended,4.5,,,,,,1,,,,,,,,,,,,,,,,,,,,,,,,,,,,,,,,,,,,,,,,,,,,,,,,,,,Training,,C,,0.925,,,15544.8,0,,,,,,,,12,,,,0,0,0,0,0,0,,,
CL_600_1A11,Bombardier,Challenger 600,N/A,"low-wing business jet powered by two turbofans mounted in aft fuselage pods, with a supercritical wing and a stand-up cabin",Challenger,Challenger-600,Passenger,,2,,TCDS No. EASA.IM.A.023,,,Variant,Business,,,,,0,Training,1980,19,,Turbofan,,,,ALF_502L,ALF_502L_2,2,,,,0,,18643,,,,,,,,,,1805,,,,,,,,,,,,,No Wingtip Device,2.3531576,,,,,,1,,,,,,,,,,,,,,,,,,,,,,,,,,,,,,,,,,,,,,,,,,,,,,,,,,,Training,,C,,0.79,,,12192,0,,,,,,,,12,,,,0,0,0,0,0,0,,,
CL_600_2A12,Bombardier,Challenger 601,N/A,"low-wing business jet powered by two turbofans mounted in aft fuselage pods, with a supercritical wing and a stand-up cabin",Challenger,Challenger-600,Passenger,,2,,TCDS No. EASA.IM.A.023,,,Variant,Business,,,,,0,Training,1983,19,,Turbofan,,,,CF34_1A,CF34_3A           CF34_3A2,2,,,,0,,19550,,,,,,,,0.07540665,,1805,,,,,,,,,,,,,Blended,2.3531576,,,,,,1,79360,81320,,,,,,General Electric,1984,,"Dual rotor, axial flow, high bypass ratio turbofan with single stage fan, fourteen stage axial compressor,
annular combustion chamber, two stage high pressure turbine, four stage low pressure turbine,
exhaust nozzle, starter, and an integrated hydromechanical-electrical fuel control system",,40660,39680,,,,,,,,737.1,1.118,,1.26,2.621,,,1,0,,0,0,14,0,2,0,4,,,,,,,,,,,,,Validation,0.424015371,C,,0.85,,,12496.8,0,,,,,,,,12,,,,0,0,0,0,0,0,,,
CL_600_2B16_3A,Bombardier,Challenger 601-3A,N/A,"low-wing business jet powered by two turbofans mounted in aft fuselage pods, with a supercritical wing and a stand-up cabin",Challenger,Challenger-600,Passenger,,2,,TCDS No. EASA.IM.A.023,,,Variant,Business,,,,,0,Training,1987,19,,Turbofan,,,,CF34_3A,CF34_3A2,2,,,,0,,19550,,,,,,,,0.07540665,,1805,,,,,,,,,,,,,Blended,2.3531576,,,,,,1,81320,82020,,,,,,General Electric,1988,,"Dual rotor, axial flow, high bypass ratio turbofan with single stage fan, fourteen stage axial compressor,
annular combustion chamber, two stage high pressure turbine, four stage low pressure turbine,
exhaust nozzle, starter, and an integrated hydromechanical-electrical fuel control system",,41010,40660,,,,,,,,737.1,1.118,,1.26,2.621,,,1,0,,0,0,14,0,2,0,4,,,,,,,,,,,,,Training,0.427665282,C,,0.835,,,12496.8,0,,,,,,,,12,,,,0,0,0,0,0,0,,,
CL_600_2B16_3R,Bombardier,Challenger 601-3R,N/A,"low-wing business jet powered by two turbofans mounted in aft fuselage pods, with a supercritical wing and a stand-up cabin",Challenger,Challenger-600,Passenger,,2,,TCDS No. EASA.IM.A.023,,,Variant,Business,,,,,0,Validation,1995,19,,Turbofan,,,,CF34_3A1,,2,,,,0,,20457,,,,,,,,0.072063352,,1805,,,,,,,,,,,,,Blended,2.3531576,,,,,,1,,,,,,,,General Electric,1995,,,,,,,,,,,,,737.1,,1.26,1.26,,,,1,,,,,,,2,,4,,,,,,,,,,,,,Training,,C,,0.835,,,12496.8,0,,,,,,,,12,,,,0,0,0,0,0,0,,,
CL_600_2B16,Bombardier,"Challenger 604,
605, 650",N/A,"low-wing business jet powered by two turbofans mounted in aft fuselage pods, with a supercritical wing and a stand-up cabin",Challenger,Challenger-600,Passenger,,2,,TCDS No. EASA.IM.A.023,,,Variant,Business,,,,,0,Training,1995,19,,Turbofan,,,,CF34_3B,,2,,,,0,,21591,,,,,,,,0.070168126,,1805,,,,,,,,,,,,,Blended,2.3531576,,,,,,1,81320,82020,,,,,,General Electric,1995,,"Dual rotor, axial flow, high bypass ratio turbofan with single stage fan, fourteen stage axial compressor,
annular combustion chamber, two stage high pressure turbine, four stage low pressure turbine,
exhaust nozzle, starter, and an integrated hydromechanical-electrical fuel control system",,41010,40660,,,,,,,,757.5,1.118,,1.26,2.621,,,1,0,,0,0,14,0,2,0,4,,,,,,,,,,,,,Validation,0.387238028,C,,0.85,,,12496.8,0,,,,,,,,12,,,,0,0,0,0,0,0,,,
BD_500_1A10,Bombardier,A220_100,N/A, Five-abreast single-body twinjet airliner,A220,A220-100,Passenger,,2,,"TCDS No. EASA.IM.A.570, FAA TCDS No.T00008NY",,,Baseline,Commercial,,,,,0,Training,2016,133,,Turbofan,III,0.97591085,Wingspan,PW_1524G,,2,,,,0,61235,60781,52390,50349,,,,,0.828367417,0.071634228,,12635,,,,,,35.1,34.9,11.8,,,,,Blended,,,,,,,1,205060,217080,,"Jet A, Jet A1, JP-8",,,,Pratt & Whitney,2016,PW_1500G,dual spool geared turbofan,,108540,102530,,,12,,,,,2177,1.8542,2.006,2.006,3.184,,,1,1,3.0625,3,0,8,0,2,0,3,24470,,10600,100,,100,,,1017,,"EASA E090
1500G Fact Sheet",,Training,0.364068383,C,,0.82,,,12496.8,0,,,,,,,,12,,,,0,0,0,0,0,0,,,
BD_500_1A11,Bombardier,A220_300,N/A, Five-abreast single-body twinjet airliner,A220,A220-300,Passenger,,2,,"TCDS No. EASA.IM.A.570, FAA TCDS No.T00008NY",,,Variant,Commercial,,,,,0,Training,2016,153,,Turbofan,III,0.97591085,Wingspan,PW_1521G_3,PW1524G-3,2,,,,0,68039,67585,58740,55792,,,,,0.825508619,0.064422579,,14535,,,,,,35.1,38.7,11.5,,,,,Blended,,,,,,,1,184700,195460,,"Jet A, Jet A1, JP-8",,,,Pratt & Whitney,2016,PW_1500G,dual spool geared turbofan,,97730,92350,,,12,,,,,2177,1.8542,2.006,2.006,3.184,,,1,1,3.0625,3,0,8,0,2,0,3,24470,,10600,100,,100,,,1017,,"EASA E090
1500G Fact Sheet",,Training,0.294807528,C,,0.82,,,12496.8,0,,,,,,,,12,,,,0,0,0,0,0,0,,,
ERJ_190_300,Embraer,EMBRAER190_E2 E190_E2,N/A,"Medium range, low wing passenger airliner with two high bypass turbofan engines",E-Jet,ERJ-190-300,Passenger,25,2,,EASA TCDS No.EASA.IM.A.071 Airport Planning Manual (APM _ 5824) Embraer website specifications,,Medium Range,Variant,Commercial,,,,,0,Training,2018,114,97,Turbofan,III,0.937541706,Wingspan,PW_1919G,PW_1922G,2,5278000,1615,,0,56600,56400,49050,46700,,13500,,,0.828014184,0.077198582,0.239361702,10830,,,,28684,0.966252963,33.72,36.237,10.69,,,,103,Canted,3.665,,11.03920777,,,,1,180640,200620,,,0.803,16800,,Pratt & Whitney,2018,PW_1500G,dual spool geared turbofan,,100310,90320,,,12,,,,,2177,1.8542,2.006,2.006,3.184,,,1,1,3.0625,3,0,8,0,2,0,3,24470,,10600,100,,100,,,1017,,"EASA E090
1900G Fact Sheet",,Training,0.362598593,C,,0.82,,,12497,0,,,,,17.94134645,19.26266904,547.5728155,12,,,,0,0,0,0,0,0,,,
ERJ_190_400,Embraer,EMBRAER195_E2 E195_E2,N/A,"Medium range, low wing passenger airliner with two high bypass turbofan engines",E-Jet,ERJ-190-400,Passenger,245,2,,EASA TCDS No.EASA.IM.A.071 Airport Planning Manual (APM _ 5824) Embraer website specifications,,Medium Range,Variant,Commercial,,,,,0,Training,2019,146,120,Turbofan,III,0.97657814,Wingspan,PW_1921G,"PW_1923G 
PW_1923G-A",2,4815000,1805,,0,61700,61500,54000,51850,,13690,,,0.843089431,0.070796748,0.222601626,13870,,,,31914,0.927053958,35.124,41.603,10.71,,,,103,Canted,3.665,,11.97762501,,,,1,193980,214480,,,0.803,17060,,Pratt & Whitney,2018,PW_1500G,dual spool geared turbofan,,107240,96990,,,12,,,,,2177,1.8542,2.006,2.006,3.184,,,1,1,3.0625,3,0,8,0,2,0,3,24470,,10600,100,,100,,,1017,,"EASA E090
1900G Fact Sheet",,Training,0.355502515,C,,0.82,,,12497,0,,,,,18.5235362,19.87886309,597.0873786,12,,,,0,0,0,0,0,0,,,
ERJ_170_100_LR,Embraer,Embraer 170LR,N/A,"single_body, short_ to medium_range, twin_engined passenger airliners",E-Jet,ERJ-170-100,Passenger,191,2,,EASA TCDS  No. EASA.IM.A.001    Airport Planning Manual (APM _ 1346)  Embraer website specifications,Single,Medium Range,Variant,Commercial,,,,,0,Validation,2004,80,,Turbofan,III,0.722896926,Wingspan,CF34_8E5,CF_34_8E5A1,2,3889000,1151,,0,37360,37200,32800,29600,20700,9428,17844,0.556451613,0.795698925,0.076774194,0.25344086,7600,,,,19884,0.870850935,26,29.9,9.82,,,,72.72,Canted,3.194,,9.295929593,,,,1,120280,129080,,,0.811,11625,,General Electric,2002,,"turbofan, two_spool",,64540,60140,,,,,,0.8,10668,1428,1.17348,1.592,1.592,3.08,,0.68,1,0,,0,0,10,0,2,0,4,17820,,7400,0.980359147,,0.994594595,,,960,,"EASA TCDS No.IM.E.053, https://www.jet-engine.net/civtfspec.htm",,Training,0.353709732,C,,0.82,0.75,,12497,0,11.36180047,,,,16.13532429,17.34523091,511.5511551,12,,,,0,0,0,0,0,0,,,
ERJ_170_100_STD,Embraer,Embraer 170STD,N/A,"single_body, short_ to medium_range, twin_engined passenger airliners",E-Jet,ERJ-170-100,Passenger,191,2,,EASA TCDS  No. EASA.IM.A.001    Airport Planning Manual (APM _ 1346)  Embraer website specifications,Single,Medium Range,Variant,Commercial,,,,,0,Training,2004,80,,Turbofan,III,0.722896926,Wingspan,CF34_8E5,CF_34_8E5A1,2,3334000,1151,,0,36150,35990,32800,29600,20700,9428,17844,0.575159767,0.822450681,0.079355376,0.261961656,7600,,,,19884,0.809997988,26,29.9,9.82,,,,72.72,Canted,3.194,,9.295929593,,,,1,120280,129080,,,0.811,11625,,General Electric,2002,,"turbofan, two_spool",,64540,60140,,,,,,0.8,10668,1428,1.17348,1.592,1.592,3.08,,0.68,1,0,,0,0,10,0,2,0,4,17820,,7400,0.980359147,,0.994594595,,,960,,"EASA TCDS No.IM.E.053, https://www.jet-engine.net/civtfspec.htm",,Training,0.365601613,C,,0.82,0.75,,12497,0,9.372267992,,,,16.13532429,17.34523091,494.9119912,12,,,,0,0,0,0,0,0,,,
ERJ_170_200_LR,Embraer,Embraer 175LR,N/A,"single_body, short_ to medium_range, twin_engined passenger airliners. ",E-Jet,ERJ-170-200,Passenger,815,2,,"EASA TCDS  No. EASA.IM.A.001    Airport Planning Manual (APM_2259)  Embraer website specifications, FAA TCDS No.A56NM",Single,Medium Range,Variant,Commercial,,,,,0,Validation,2005,88,76,Turbofan,III,0.722896926,Wingspan,CF34_8E5,CF_34_8E5A1,2,3982000,1266,,0,38950,38790,34000,31700,21500,9428,18644,0.554266564,0.817220933,0.073627224,0.243052333,8360,,,,20644,0.878996319,26,31.68,9.86,,,,72.72,Canted,3.194,,9.295929593,,,,1,120280,129080,,,0.811,11625,,General Electric,2002,,"turbofan, two_spool",,64540,60140,,,,,,0.8,10668,1428,1.17348,1.592,1.592,3.08,,0.68,1,0,,0,0,10,0,2,0,4,17820,,7400,0.980359147,,0.994594595,,,960,,"EASA TCDS No.IM.E.053, https://www.jet-engine.net/civtfspec.htm",,Training,0.339211189,C,,0.82,,,12497,0,,,,,16.33176356,17.55640018,533.4158416,12,,,,0,0,0,0,0,0,,,
ERJ_170_200_STD,Embraer,Embraer 175STD,N/A,"single_body, short_ to medium_range, twin_engined passenger airliners",E-Jet,ERJ-170-200,Passenger,815,2,,EASA TCDS  No. EASA.IM.A.001    Airport Planning Manual (APM_2259)  Embraer website specifications,Single,Medium Range,Variant,Commercial,,,,,0,Training,2005,88,,Turbofan,III,0.722896926,Wingspan,CF34_8E5,CF_34_8E5A1,2,3458000,,,0,37660,37500,34000,31700,21500,9428,18644,0.573333333,0.845333333,0.07616,0.251413333,8360,,,,20644,0.816508429,26,31.68,9.86,,,,72.72,Canted,3.194,,9.295929593,,,,1,120280,129080,,,0.811,11625,,General Electric,2002,,"turbofan, two_spool",,64540,60140,,,,,,0.8,10668,1428,1.17348,1.592,1.592,3.08,,0.68,1,0,,0,0,10,0,2,0,4,17820,,7400,0.980359147,,0.994594595,,,960,,"EASA TCDS No.IM.E.053, https://www.jet-engine.net/civtfspec.htm",,Training,0.350880054,C,,0.82,,,12497,0,,,,,16.33176356,17.55640018,515.6765677,12,,,,0,0,0,0,0,0,,,
ERJ_190_100_ECJ,Embraer,Lineage 1000,N/A,"Metallic, single_body,  low winged, monoplane, twin engined. Business jet variant of E190.",E-Jet,ERJ-190-100,Passenger,568,2,,"EASA TCDS No.EASA.IM.A.071 Airport Planning Manual (APM _ 1901) Embraer website, FAA TCDS No.A57NM",Single,,Variant,Business,,,,,0,Training,2007,19,,Turbofan,III,0.798523066,Wingspan,CF34_10E7_B,CF34_10E7_B,2,4370000,,,0,54700,54500,45800,36500,,8519,,,0.669724771,0.076293578,0.156311927,1805,,,,14482,2.763292363,28.72,36.24,10.57,,,,92.53,Canted,3.682,,8.914280774,,,,1,151600,181140,,,,,,General Electric,2008,,"turbofan, two_spool",,90570,75800,,,,,,,,2079,,2.199,1.864,4.519,,,1,0,,3,0,9,0,1,0,4,17160,,5954.4,1.05,,1.062239688,,,960,,"EASA TCDS No.IM.E.021 , https://www.jet-engine.net/civtfspec.htm",,Training,0.338804253,C,,0.82,,,12496.8,0,,,,,16.49248798,17.7359333,588.9981628,12,,,,0,0,0,0,0,0,,,
ERJ_190_100_IGW,Embraer,Embraer 190AR,N/A,"Metallic, single_body, low winged, monoplane, twin engined. ",E-Jet,ERJ-190-100,Passenger,568,2,,EASA TCDS No.EASA.IM.A.071 Airport Planning Manual (APM _ 1901) Embraer website specifications,Single,,Variant,Commercial,,,,,0,Training,2005,114,,Turbofan,III,0.798523066,Wingspan,CF34_10E5,"CF34-10E5A1
CF34-10E6
CF34-10E6A1
CF34-10E7",2,4537000,1267,,0,51960,51800,44000,40900,27900,12971,23742,0.538610039,0.78957529,0.08027027,0.250405405,10830,,,,27959,0.852712901,28.72,36.24,10.57,,,,92.53,Canted,3.682,,8.914280774,,,,1,151600,167440,,,0.803,16153,,General Electric,2006,,"turbofan, two_spool, high_bypass",,83720,75800,,,5,,,,,2079,1.346,2.199,1.864,4.519,0.38,,1,0,,3,0,9,0,1,0,4,17160,,5954.4,1.05,,1.062239688,,,960,,"Roux, EASA TCDS No.IM.E.021 , https://www.jet-engine.net/civtfspec.htm",,Training,0.329503816,C,,0.82,,,12497,0,,,,,16.4923903,17.73582825,559.8184373,12,,,,0,0,0,0,0,0,,,
ERJ_190_100_LR,Embraer,Embraer 190LR,N/A,"Metallic, single_body, low winged, monoplane, twin engined. ",E-Jet,ERJ-190-100,Passenger,568,2,,EASA TCDS No.EASA.IM.A.071 Airport Planning Manual (APM _ 1901) Embraer website specifications,Single,,Variant,Commercial,,,,,0,Training,2005,114,,Turbofan,III,0.798523066,Wingspan,CF34_10E5,"CF34-10E5A1
CF34-10E6
CF34-10E6A1
CF34-10E7",2,4445000,1267,,0,50460,50300,43000,40800,27900,12971,23742,0.554671968,0.811133201,0.082664016,0.257872763,10830,,,,27959,0.799062914,28.72,36.24,10.57,,,,92.53,Canted,3.682,,8.914280774,,,,1,151600,167440,,,0.803,16153,,General Electric,2006,,"turbofan, two_spool, high_bypass",,83720,75800,,,5,,,,,2079,1.346,2.199,1.864,4.519,0.38,,1,0,,3,0,9,0,1,0,4,17160,,5954.4,1.05,,1.062239688,,,960,,"Roux, EASA TCDS No.IM.E.021 , https://www.jet-engine.net/civtfspec.htm",,Training,0.339329973,C,,0.82,,,12497,0,,,,,16.4923903,17.73582825,543.6074787,12,,,,0,0,0,0,0,0,,,
ERJ_190_100_SR,Embraer,Embraer 190SR,N/A,"Metallic, single_body, low winged, monoplane, twin engined. ",E-Jet,ERJ-190-100,Passenger,568,2,,EASA TCDS No.EASA.IM.A.071 Airport Planning Manual (APM _ 1901) ,Single,,Variant,Commercial,,,,,0,Training,2005,98,,Turbofan,III,0.798523066,Wingspan,CF34_10E5A1,CF34-10E7 ,2,,,,0,46150,45990,43000,40800,,,,,0.88714938,0.090410959,,9310,,,,,,28.72,36.24,10.57,,,,92.53,Canted,3.682,,8.914280774,,,,1,151600,167440,,,,,,General Electric,2006,,"turbofan, two_spool",,83720,75800,,,,,,,,2079,,2.199,1.864,4.519,0.38,,1,0,,3,0,9,0,1,0,4,17160,,5954.4,1.05,,1.062239688,,,960,,"EASA TCDS No.IM.E.021 , https://www.jet-engine.net/civtfspec.htm",,Training,0.37113063,C,,0.82,,,12497,0,,,,,16.4923903,17.73582825,497.0279909,12,,,,0,0,0,0,0,0,,,
ERJ_190_100_STD,Embraer,Embraer 190STD,N/A,"Metallic, single_body, low winged, monoplane, twin engined. ",E-Jet,ERJ-190-100,Passenger,568,2,,EASA TCDS No.EASA.IM.A.071 Airport Planning Manual (APM _ 1901) ,Single,,Variant,Commercial,,,,,0,Training,2005,114,,Turbofan,III,0.798523066,Wingspan,CF34_10E5,"CF34-10E5A1
CF34-10E6
CF34-10E6A1
CF34-10E7",2,4370000,,,0,47950,47790,43000,40800,27900,,23742,0.583804143,0.853735091,0.08700565,,10830,,,,,,28.72,36.24,10.57,,,,92.53,Canted,3.682,,8.914280774,,,,1,151600,167440,,,,,,General Electric,2006,,"turbofan, two_spool, high_bypass",,83720,75800,,,5,,,,,2079,1.346,2.199,1.864,4.519,0.38,,1,0,,3,0,9,0,1,0,4,17160,,5954.4,1.05,,1.062239688,,,960,,"Roux, EASA TCDS No.IM.E.021 , https://www.jet-engine.net/civtfspec.htm",,Training,0.357152075,C,,0.82,,,12497,0,,,,,16.4923903,17.73582825,516.4811413,12,,,,0,0,0,0,0,0,,,
ERJ_190_200_IGW,Embraer,Embraer 195AR,N/A,"Metallic, single_body, low winged, monoplane, twin engined. ",E-Jet,ERJ-190-200,Passenger,172,2,,EASA TCDS No.EASA.IM.A.071 Airport Planning Manual (APM _ 1997) Embraer website specifications,Single,,Variant,Commercial,,,,,0,Training,2007,124,100,Turbofan,III,0.798523066,Wingspan,CF34_10E5,"CF34-10E5A1
CF34-10E6
CF34-10E6A1 
CF34-10E7 ",2,4260000,1432,,0,48950,52290,45800,42600,28700,12971,24542,0.548862115,0.814687321,0.079518072,0.248058902,11780,,,,28909,0.808779273,28.72,38.66,10.57,,,,92.53,Canted,3.682,,8.914280774,,,,1,151600,167440,,,0.803,16153,,General Electric,2006,,"turbofan, two_spool, high_bypass",,83720,75800,,,5,,,,,2079,1.346,2.199,1.864,4.519,0.38,,1,0,,3,0,9,0,1,0,4,17160,,5954.4,1.05,,1.062239688,,,960,,"Roux, EASA TCDS No.IM.E.021 , https://www.jet-engine.net/civtfspec.htm",,Training,0.326416096,C,,0.82,,,12497,0,,,,,16.4923903,17.73582825,565.1140171,12,,,,0,0,0,0,0,0,,,
ERJ_190_200_LR,Embraer,Embraer 195LR,N/A,"Metallic, single_body, low winged, monoplane, twin engined. ",E-Jet,ERJ-190-200,Passenger,172,2,,EASA TCDS No.EASA.IM.A.071 Airport Planning Manual (APM _ 1997) Embraer website specifications,Single,,Variant,Commercial,,,,,0,Training,2007,124,100,Turbofan,III,0.798523066,Wingspan,CF34_10E5,"CF34-10E5A1
CF34-10E6
CF34-10E6A1 
CF34-10E7",2,3704000,1432,,0,50950,50790,45000,42500,28700,12971,24542,0.565071865,0.836778893,0.081866509,0.255384918,11780,,,,28909,0.756892317,28.72,38.66,10.57,,,,92.53,Canted,3.682,,8.914280774,,,,1,151600,167440,,,0.803,16153,,General Electric,2006,,"turbofan, two_spool, high_bypass",,83720,75800,,,5,,,,,2079,1.346,2.199,1.864,4.519,0.38,,1,0,,3,0,9,0,1,0,4,17160,,5954.4,1.05,,1.062239688,,,960,,"Roux, EASA TCDS No.IM.E.021 , https://www.jet-engine.net/civtfspec.htm",,Training,0.336056264,C,,0.82,,,12497,0,,,,,16.4923903,17.73582825,548.9030585,12,,,,0,0,0,0,0,0,,,
ERJ_190_200_STD,Embraer,Embraer 195STD,N/A,"Metallic, single_body, low winged, monoplane, twin engined. ",E-Jet,ERJ-190-200,Passenger,172,2,,EASA TCDS No.EASA.IM.A.071 Airport Planning Manual (APM _ 1997) Embraer website specifications,Single,,Variant,Commercial,,,,,0,Validation,2007,124,,Turbofan,III,0.798523066,Wingspan,CF34_10E5,"CF34-10E5A1
CF34-10E6
CF34-10E6A1 
CF34-10E7",2,4334000,,,0,48950,48790,45000,42500,28700,,24542,0.588235294,0.871080139,0.085222382,,11780,,,,,,28.72,38.66,10.57,,,,92.53,Canted,3.682,,8.914280774,,,,1,151600,167440,,,,,,General Electric,2006,,"turbofan, two_spool, high_bypass",,83720,75800,,,5,,,,,2079,1.346,2.199,1.864,4.519,0.38,,1,0,,3,0,9,0,1,0,4,17160,,5954.4,1.05,,1.062239688,,,960,,"Roux, EASA TCDS No.IM.E.021 , https://www.jet-engine.net/civtfspec.htm",,Training,0.349831885,C,,0.82,,,12497,0,,,,,16.4923903,17.73582825,527.288447,12,,,,0,0,0,0,0,0,,,
EMB_135ER,Embraer,N/A,N/A,"Short to medium range, single aisle, T_tail, large category
airplane",ERJ,ERJ-135,Passenger,,2,,EASA TCDS No.EASA.IM.A.032 Airport Planning Manual (APM_145/1238) Embraer website specifications,Single,Medium Range,Variant,Commercial,,,,,0,Training,1999,37,30,Turbofan,II,0.832253563,Wingspan,AE3007A3,AE3007A1/3,2,2409000,1320,,0,19090,18990,18500,15600,11402,4132,9898.8,0.600421274,0.821484992,0.079157451,0.217588204,3515,,,,9150.2,1.075364473,20.04,26.33,6.76,,,,51.18,,2.86512,,7.846846424,,,,1,60660,64040,,"Jet A, Jet A1 and JP_8.",0.803,5146,54,Rolls Royce ,1999,,,,32020,30330,,,5.3,,,,,751.6,0.978,1.17,1.41,2.92,,,1,0,,0,0,14,0,3,0,2,,,,,,,,,900,,"EASA
ROUX",,Training,0.343761591,C,,0.78,,,11277.6,0,,,,,15.44517067,15.44517067,371.0433763,12,,,,0,0,0,0,0,0,,,
EMB_135LR,Embraer,N/A,N/A,"Short to medium range, single aisle, T_tail, large category",ERJ,ERJ-135,Passenger,,2,,EASA TCDS No.EASA.IM.A.032 Airport Planning Manual (APM_145/1238) Embraer website specifications,Single,Medium Range,Variant,Commercial,,,,,0,Training,1999,37,30,Turbofan,II,0.832253563,Wingspan,AE3007A3,AE3007A1/3,2,3243000,1330,,0,20090,19990,18500,16000,11501,5136,9997.8,0.575337669,0.8004002,0.075197599,0.256928464,3515,,,,10154.2,0.968643517,20.04,26.33,6.76,,,,51.18,,2.86512,,7.846846424,,,,1,60660,64040,,"Jet A, Jet A1 and JP_8.",0.803,6396,44,Rolls Royce ,1999,,,,32020,30330,,,5.3,,,,,751.6,0.978,1.17,1.41,2.92,,,1,0,,0,0,14,0,3,0,2,,,,,,,,,900,,"EASA
ROUX",,Training,0.326564913,C,,0.78,,,11277.6,0,,,,,15.44517067,15.44517067,390.5822587,12,,,,0,0,0,0,0,0,,,
EMB_135BJ,Embraer,Legacy 600,N/A,"Short to medium range, single aisle, T_tail, large category",ERJ,ERJ-135,Passenger,,2,,EASA TCDS No.EASA.IM.A.032 ,Single,Medium Range,Variant,Commercial,,,,,0,Training,2002,19,,Turbofan,,,,AE3007A1E,AE3007A2,2,3741000,,,0,22570,22500,18500,16000,14030,,12526.8,0.623555556,0.711111111,0.066808889,,1805,,,,,,,,,,,,,,2.86512,,,,,,1,65300,79340,,"Jet A, Jet A1 and JP_8.",,10264,106,Rolls Royce ,2003,,,,39670,32650,,,5.3,,,,,751.6,0.978,1.17,1.41,2.92,,,1,0,,0,0,14,0,3,0,2,,,,,,,,,937,,"EASA
ROUX",,Training,0.359451807,C,,0.8,,,12496.8,0,,,,,,,,12,,,,0,0,0,0,0,0,,,
EMB_145,Embraer,N/A,N/A,"Short to medium range, single aisle, T_tail, large category",ERJ,ERJ-145,Passenger,,2,,"EASA TCDS No.EASA.IM.A.032, FAA TCDS T00011AT",Single,Medium Range,Variant,Commercial,,,,,0,Training,1996,50,,Turbofan,,,,AE3007A,"AE3007A1/1
AE3007A1P",2,,,,0,19300,19200,18700,17100,11947,,10443.8,0.622239583,0.890625,0.078291667,,4750,,,,,,,,,,,,,,2.86512,,,,,,1,60660,67420,,"Jet A, Jet A1 and JP_8.",,5146,54,Rolls Royce ,1997,,,,33710,30330,,,5.3,24,,,,751.6,0.978,1.17,1.41,2.92,0.36,,1,0,,0,0,14,0,3,0,2,,,,,,,133.4,,921,,"EASA
ROUX",1.235987512,Training,0.357946823,C,,0.78,,,11277.6,0,,,,,,,,12,,,,0,0,0,0,0,0,,,
EMB_145ER,Embraer,N/A,N/A,"Short to medium range, single aisle, T_tail, large category",ERJ,ERJ-145,Passenger,,2,,EASA TCDS No.EASA.IM.A.032 Airport Planning Manual (APM_145/1100),Single,Medium Range,Variant,Commercial,,,,,0,Training,1997,50,,Turbofan,II,0.832253563,Wingspan,AE3007A,"AE3007A1/1
AE3007A1P
AE3007A1",2,2130000,,,0,20700,20600,18700,17100,11947,,10443.8,0.579951456,0.830097087,0.072970874,,4750,,,,,,20.04,29.87,6.75,,,,51.18,,2.86512,,7.846846424,,,,1,60660,67420,,"Jet A, Jet A1 and JP_8.",0.811,5146,54,Rolls Royce ,1997,,,,33710,30330,,,5.3,24,,,,751.6,0.978,1.17,1.41,2.92,0.36,,1,0,,0,0,14,0,3,0,2,,,,,,,133.4,,921,,"EASA
ROUX",1.235987512,Training,0.33362034,C,,0.78,,,11277.6,0,,,,,15.44517067,15.44517067,402.5009769,12,,,,0,0,0,0,0,0,,,
EMB_145EU,Embraer,N/A,N/A,"Short to medium range, single aisle, T_tail, large category",ERJ,ERJ-145,Passenger,,2,,EASA TCDS No.EASA.IM.A.032 Airport Planning Manual (APM_145/1100),Single,Medium Range,Variant,Commercial,,,,,0,Training,1997,50,,Turbofan,II,0.832253563,Wingspan,AE3007A,"AE3007A1/1
AE3007A1P
AE3007A1",2,2364000,,,0,20090,19990,18700,17100,11947,,10443.8,0.597648824,0.855427714,0.075197599,,4750,,,,,,20.04,29.87,6.75,,,,51.18,,2.86512,,7.846846424,,,,1,60660,67420,,"Jet A, Jet A1 and JP_8.",0.811,5146,54,Rolls Royce ,1997,,,,33710,30330,,,5.3,24,,,,751.6,0.978,1.17,1.41,2.92,0.36,,1,0,,0,0,14,0,3,0,2,,,,,,,133.4,,921,,"EASA
ROUX",1.235987512,Training,0.34380085,C,,0.78,,,11277.6,0,,,,,15.44517067,15.44517067,390.5822587,12,,,,0,0,0,0,0,0,,,
EMB_145EP,Embraer,N/A,N/A,"Short to medium range, single aisle, T_tail, large category",ERJ,ERJ-145,Passenger,,2,,EASA TCDS No.EASA.IM.A.032 Airport Planning Manual (APM_145/1100) Embraer website specs,Single,Medium Range,Variant,Commercial,,,,,0,Training,1997,50,50,Turbofan,II,0.832253563,Wingspan,AE3007A,"AE3007A1/1
AE3007A1P
AE3007A1",2,2224000,1410,,0,21090,20990,18700,17100,11947,4132,10443.8,0.569175798,0.814673654,0.071615055,0.196855646,4750,,,,10385.2,1.021145476,20.04,29.87,6.75,,,,51.18,,2.86512,,7.846846424,,,,1,60660,67420,,"Jet A, Jet A1 and JP_8.",0.803,5146,54,Rolls Royce ,1997,,,,33710,30330,,,5.3,24,,,,751.6,0.978,1.17,1.41,2.92,0.36,,1,0,,0,0,14,0,3,0,2,,,,,,,133.4,,921,,"EASA
ROUX",1.235987512,Training,0.327421582,C,,0.78,,,11277.6,0,,,,,15.44517067,15.44517067,410.1211411,12,,,,0,0,0,0,0,0,,,
EMB_145LR,Embraer,N/A,N/A,"Short to medium range, single aisle, T_tail, large category",ERJ,ERJ-145,Passenger,,2,,EASA TCDS No.EASA.IM.A.032 Airport Planning Manual (APM_145/1100) Embraer website specs,Single,Medium Range,Variant,Commercial,,,,,0,Training,1998,50,50,Turbofan,II,0.832253563,Wingspan,AE3007A1,"AE3007A1/1
AE3007A1P",2,2873000,1380,,0,22100,22000,19300,17900,12114,5136,10610.8,0.550636364,0.813636364,0.068327273,0.233454545,4750,,,,11389.2,0.93165455,20.04,29.87,6.75,,,,51.18,,2.86512,,7.846846424,,,,1,60660,67420,,"Jet A, Jet A1 and JP_8.",0.803,6396,44,Rolls Royce ,1999,,,,33710,30330,,,5.3,24,,,,751.6,0.978,1.17,1.41,2.92,0.36,,1,0,,0,0,14,0,3,0,2,,,,,,,,,900,,"EASA
ROUX",1.235987512,Training,0.312389955,C,,0.78,,,11277.6,0,,,,,15.44517067,15.44517067,429.8554123,12,,,,0,0,0,0,0,0,,,
EMB_145LU,Embraer,N/A,N/A,"Short to medium range, single aisle, T_tail, large category",ERJ,ERJ-145,Passenger,,2,,EASA TCDS No.EASA.IM.A.032 Airport Planning Manual (APM_145/1100),Single,Medium Range,Variant,Commercial,,,,,0,Training,1999,50,,Turbofan,II,0.832253563,Wingspan,AE3007A1,AE3007A1P,2,2973000,,,0,22090,21990,19300,17900,12114,,10610.8,0.550886767,0.814006367,0.068358345,,4750,,,,,,20.04,29.87,6.75,,,,51.18,,2.86512,,7.846846424,,,,1,60660,67420,,"Jet A, Jet A1 and JP_8.",0.811,6396,44,Rolls Royce ,1999,,,,33710,30330,,,5.3,24,,,,751.6,0.978,1.17,1.41,2.92,0.36,,1,0,,0,0,14,0,3,0,2,,,,,,,,,900,,"EASA
ROUX",1.235987512,Training,0.312532015,C,,0.78,,,11277.6,0,,,,,15.44517067,15.44517067,429.6600234,12,,,,0,0,0,0,0,0,,,
EMB_145MP,Embraer,N/A,N/A,"Short to medium range, single aisle, T_tail, large category",ERJ,ERJ-145,Passenger,,2,,EASA TCDS No.EASA.IM.A.032 Airport Planning Manual (APM_145/1100),Single,Medium Range,Variant,Commercial,,,,,0,Training,2003,50,,Turbofan,II,0.832253563,Wingspan,AE3007A1,"AE3007A1/1
AE3007A1P",2,2241000,,,0,21090,20990,19300,17900,12038,,10534.8,0.573511196,0.852787041,0.071615055,,4750,,,,,,20.04,29.87,6.75,,,,51.18,,2.86512,,7.846846424,,,,1,60660,67420,,"Jet A, Jet A1 and JP_8.",0.811,5146,54,Rolls Royce ,1999,,,,33710,30330,,,5.3,24,,,,751.6,0.978,1.17,1.41,2.92,0.36,,1,0,,0,0,14,0,3,0,2,,,,,,,,,900,,"EASA
ROUX",1.235987512,Training,0.327421582,C,,0.78,,,11277.6,0,,,,,15.44517067,15.44517067,410.1211411,12,,,,0,0,0,0,0,0,,,
EMB_145MK,Embraer,N/A,N/A,"Short to medium range, single aisle, T_tail, large category",ERJ,ERJ-145,Passenger,797,2,,EASA TCDS No.EASA.IM.A.032 Airport Planning Manual (APM_145/1100),Single,Medium Range,Variant,Commercial,,,,,0,Training,2002,50,,Turbofan,II,0.832253563,Wingspan,AE3007A1,"AE3007A1/1
AE3007A1P",2,2354000,,,0,20090,19990,19300,17900,12038,,10534.8,0.602201101,0.895447724,0.075197599,,4750,,,,,,20.04,29.87,6.75,,,,51.18,,2.86512,,7.846846424,,,,1,60660,67420,,"Jet A, Jet A1 and JP_8.",0.811,5146,54,Rolls Royce ,1999,,,,33710,30330,,,5.3,24,,,,751.6,0.978,1.17,1.41,2.92,0.36,,1,0,,0,0,14,0,3,0,2,,,,,,,,,900,,"EASA
ROUX",1.235987512,Training,0.34380085,C,,0.78,,,11277.6,0,,,,,15.44517067,15.44517067,390.5822587,12,,,,0,0,0,0,0,0,,,
IAI_Astra,Israeli Aerospace Industries,N/A,Westwind Astra,Twin engine small business jet,,,Passenger,32,2,0,"FAA TCDS A16NM
Astra AFM",,,Variant,Business,,,,,0,Training,1985,9,,Turbofan,,,,TFE_731_3A_200G,TFE_731_3A_200G,2,,,,0,10727.46,10659.421,9389.3621,7257.4779,,3942.625,,,0.680851042,0.066044863,0.369872341,855,,,,5501.625,0.937504101,,,,,,,,,2.191004,,,,,,1,,32472,,Jet_A,0.802837,,,AlliedSignal Engines,,,,,16236,,,2.8,2.8,14.6,,,,352,0.716,0.847,1,1.547,,,1,1,,4,0,0,1,1,0,3,,,,,,,,,,,"ROUX
TFE_731_3A_300G data entered. There is no available data for ..._200G",1.563359328,Training,0.31053204,C,,0.85,,,13716,0,,,,,,,,12,,,,0,0,0,0,0,0,,,
IAI_Astra_SPX,Israeli Aerospace Industries,N/A,N/A,,,,Passenger,,2,0,,,,Variant,Business,,,,,0,Training,1996,9,,Turbofan,,,,TFE_731_40R_200G,,,,,,0,,,,,,,,,,,,855,,,,,,,,,,,,,,2.191004,,,,,,1,,,,,,,,AlliedSignal Engines,,,,,19661,,,,2.9,,,,,406,0.716,0.847,1,1.547,,,1,1,,4,0,0,1,1,0,3,,,,,,,,,,,"ROUX
There are 2 different types of these engine for different aircraft. Their both name are same (TFE_731_40R_200G). This data belongs to G150.",,Training,,C,,0.87,,,13716,0,,,,,,,,12,,,,0,0,0,0,0,0,,,
G_100,Israeli Aerospace Industries,N/A,N/A,,,,Passenger,58,2,0,,,,Variant,Business,,,,,0,Training,2002,9,,Turbofan,,,,TFE_731_40R_200G,,2,,,,0,,,,,,,,,,,,855,,,,,,,,,,,,,,2.191004,,,,,,1,,39322,,,,,,AlliedSignal Engines,,,,,19661,,,,2.9,,,,,406,0.716,0.847,1,1.547,,,1,1,,4,0,0,1,1,0,3,,,,,,,,,,,"ROUX
There are 2 different types of these engine for different aircraft. Their both name are same (TFE_731_40R_200G). This data belongs to G150.",,Training,,C,,0.87,,,13716,0,,,,,,,,12,,,,0,0,0,0,0,0,,,
G_150,Gulfstream,N/A,N/A,,,,Passenger,,2,0,,,,Variant,Business,,,,,0,Training,2005,9,,Turbofan,,,,TFE_731_40R_200G,,,,,,0,,,,,,,,,,,,855,,,,,,,,,,,,,,2.191004,,,,,,1,,,,,,,,AlliedSignal Engines,,,,,19661,,,,2.9,,,,,406,0.716,0.847,1,1.547,,,1,1,,4,0,0,1,1,0,3,,,,,,,,,,,"ROUX
There are 2 different types of these engine for different aircraft. Their both name are same (TFE_731_40R_200G). This data belongs to G150.",,Training,,C,,0.85,,,13716,0,,,,,,,,12,,,,0,0,0,0,0,0,,,
Learjet23,Learjet,N/A,N/A,"twinjet, high_speed business jet",,,Passenger,,2,0,FAA TCDS No. A5CE,,,Variant,Business,,,,,0,Training,1964,8,,Turbofan,,,,CJ_610_4,,,,,,0,5783.3027,5669.9046,5388.6774,4082.331,,,,,0.719999945,,,760,,,,,,,,,,,,,,2.1459444,,,,,,1,,,,,,,,General Electric,1964,,turbojet,,12677,,,,,,,,,176,,0.45,,1.153,0.99,,0,0,,0,0,8,0,2,0,0,,,,,,,,,,,"ROUX
FAA TCDS 1E16",,Training,,C,,0.81,,,12496.8,0,,,,,,,,12,,,,0,0,0,0,0,0,,,
Learjet24,Learjet,N/A,N/A,"twin_engine, high speed business jet",,,Passenger,259,2,0,TCDS FAA Learjet 24_25_28_29_31_35_36_55_60 https://www.globalair.com/aircraft_for_sale/specifications?specid=640,,,Variant,Business,,,,,0,Validation,1966,6,,Turbofan,I,0.727891156,Wingspan,CJ_610_4,CJ_610_4,2,,,,0,6032,5896.7,5388.68,4082.3,,,,,0.692302474,0.059694405,,570,,,,,,10.8712,13.1826,3.7338,,,,,,2.1459444,,,,,,1,,25354,,JP_4 and JP_5,,,,General Electric,1964,,turbojet,,12677,,,,,,,,,176,,0.45,,1.153,0.99,,0,0,,0,0,8,0,2,0,0,,,,,,,,,,,"ROUX
FAA TCDS 1E16",,Training,0.438296947,C,,0.81,,,12496.8,0,,,,,,,,12,,,,0,0,0,0,0,0,,,
Learjet24A,Learjet,N/A,N/A,"twin_engine, high speed business jet",,,Passenger,259,2,0,TCDS FAA Learjet 24_25_28_29_31_35_36_55_60 https://www.globalair.com/aircraft_for_sale/specifications?specid=711,,,Variant,Business,,,,,0,Training,1966,6,,Turbofan,I,0.726190476,Wingspan,CJ_610_4, CJ_610_4,2,,,,0,5782.85,5669.45,5388.68,4082.3,,,,,0.72005221,0.062087151,,570,,,,,,10.8458,13.1826,3.8354,,,,,,2.1459444,,,,,,1,,25354,,JP_4 and JP_5,,,,General Electric,1964,,turbojet,,12677,,,,,,,,,176,,0.45,,1.153,0.99,,0,0,,0,0,8,0,2,0,0,,,,,,,,,,,"ROUX
FAA TCDS 1E16",,Training,0.455865314,C,,0.81,,,12496.8,0,,,,,,,,12,,,,0,0,0,0,0,0,,,
Learjet24B,Learjet,N/A,N/A,"twin_engine, high speed business jet",,,Passenger,259,2,0,"TCDS FAA Learjet 24_25_28_29_31_35_55_60, FAA TCDS No.A10CE",,,Variant,Business,,,,,0,Training,1968,6,,Turbofan,I,0.726190476,Wingspan,CJ_610_6, CJ_610_6,2,,,,0,6259.57,6123.5,5388.68,4535.92,,,,,0.740739773,0.058136687,,570,,,,,,10.8458,13.1826,3.8354,,,,,,2.1459444,,,,,,1,,26244,,JP_4 and JP_5,,,,General Electric,1966,,turbojet,,13122,,,,,6.8,,,,178,,0.45,,1.153,0.98,,0,0,,0,0,8,0,2,0,0,,,,,,,,,,,"ROUX
FAA TCDS 1E16",1.270760229,Training,0.436879131,C,,0.81,,,13716,0,,,,,,,,12,,,,0,0,0,0,0,0,,,
Learjet24B_A,Learjet,N/A,N/A,"twin_engine, high speed business jet",,,Passenger,259,2,0,"TCDS FAA Learjet 24_25_28_29_31_35_55_60, FAA TCDS No.A10CE",,,Variant,Business,,,,,0,Validation,1969,6,,Turbofan,,,,CJ_610_7, CJ_610_7,2,,,,0,5783.3,5669.45,5388.68,4535.92,,,,,0.800063498,,,570,,,,,,,,,,,,,,2.1459444,,,,,,1,,,,JP_4 and JP_5,,,,General Electric,,,doesn't exist,,,,,,,,,,,,,,,,,,,,,,,,,,,,,,,,,,,,,,,,Training,,C,,0.81,,,13716,0,,,,,,,,12,,,,0,0,0,0,0,0,,,
Learjet24C,Learjet,N/A,N/A,"twin_engine, high speed business jet",,,Passenger,259,2,0,"TCDS FAA Learjet 24_25_28_29_31_35_55_60, FAA TCDS No.A10CE",,,Variant,Business,,,,,0,Training,1970,6,,Turbofan,,,,CJ_610_8, CJ_610_8,2,,,,0,5783.3,5669.45,5388.68,4535.92,,,,,0.800063498,0.065262062,,570,,,,,,,,,,,,,,2.1459444,,,,,,1,26022.1,27578,,JP_4 and JP_5,,,,General Electric,1968,,turbojet,,13789,13011.05,,,,,,,,185,,0.45,,1.153,,,0,0,,0,0,8,0,2,0,0,,,,,,,,,,,"ROUX
FAA TCDS 1E16",,Training,0.495852869,C,,0.81,,,13716,0,,,,,,,,12,,,,0,0,0,0,0,0,,,
Learjet24D,Learjet,N/A,N/A,"twin_engine, high speed business jet",,,Passenger,259,2,0,TCDS FAA Learjet 24_25_28_29_31_35_55_60 https://www.globalair.com/aircraft_for_sale/specifications?specid=581,,,Variant,Business,,,,,0,Training,1970,6,,Turbofan,I,0.724489796,Wingspan,CJ_610_9,CJ_610_9,2,,,,0,6259.57,6123.5,5388.68,4535.92,,,,,0.740739773,0.061729403,,570,,,,,,10.8204,13.1572,3.7084,,,,,,2.1459444,,,,,,1,26022.1,27578,,JP_4 and JP_5,,,,General Electric,1968,,turbojet,,13789,13011.05,,,,6.8,,,,189,,0.45,,1.298,1,,0,0,,0,0,8,0,2,0,0,,,,,,,,,,,"ROUX
FAA TCDS 1E16",1.270760229,Training,0.459085988,C,,0.81,,,13716,0,,,,,,,,12,,,,0,0,0,0,0,0,,,
Learjet24D_A,Learjet,N/A,N/A,"twin_engine, high speed business jet",,,Passenger,259,2,0,"TCDS FAA Learjet 24_25_28_29_31_35_55_60, FAA TCDS No.A10CE",,,Variant,Business,,,,,0,Training,1970,6,,Turbofan,,,,CJ_610_10,CJ_610_10,2,,,,0,5783.3,5669.45,5388.68,4535.92,,,,,0.800063498,,,570,,,,,,,,,,,,,,2.1459444,,,,,,1,,,,JP_4 and JP_5,,,,General Electric,,,doesn't exist anywhere,,,,,,,,,,,,,,,,,,,,,,,,,,,,,,,,,,,,,,,,Training,,C,,0.81,,,13716,0,,,,,,,,12,,,,0,0,0,0,0,0,,,
Learjet24E,Learjet,N/A,N/A,"twin_engine, high speed business jet",,,Passenger,259,2,0,"TCDS FAA Learjet 24_25_28_29_31_35_55_60, FAA TCDS No.A10CE",,,Variant,Business,,,,,0,Training,1976,6,,Turbofan,,,,CJ_610_11, CJ_610_11,2,,,,0,5987.42,5851.34,5388.68,4535.92,,,,,0.775193375,,,570,,,,,,,,,,,,,,2.1459444,,,,,,1,,,,JP_4 and JP_5,,,,General Electric,,,doesn't exist anywhere,,,,,,,,,,,,,,,,,,,,,,,,,,,,,,,,,,,,,,,,Training,,C,,0.81,,,13716,0,,,,,,,,12,,,,0,0,0,0,0,0,,,
Learjet24F,Learjet,N/A,N/A,"twin_engine, high speed business jet",,,Passenger,259,2,0,"TCDS FAA Learjet 24_25_28_29_31_35_55_60, FAA TCDS No.A10CE",,,Variant,Business,,,,,0,Training,1976,6,,Turbofan,,,,CJ_610_12, CJ_610_12,2,,,,0,6259.57,6124.5,5388.68,4535.92,,,,,0.740618826,,,570,,,,,,,,,,,,,,2.1459444,,,,,,1,,,,JP_4 and JP_5,,,,General Electric,,,doesn't exist anywhere,,,,,,,,,,,,,,,,,,,,,,,,,,,,,,,,,,,,,,,,Training,,C,,0.81,,,13716,0,,,,,,,,12,,,,0,0,0,0,0,0,,,
Learjet24F_A,Learjet,N/A,N/A,"twin_engine, high speed business jet",,,Passenger,259,2,0,"TCDS FAA Learjet 24_25_28_29_31_35_55_60, FAA TCDS No.A10CE",,,Variant,Business,,,,,0,Training,1976,6,,Turbofan,,,,CJ_610_13,CJ_610_13,2,,,,0,5783.3,5669.45,5388.68,4535.92,,,,,0.800063498,,,570,,,,,,,,,,,,,,2.1459444,,,,,,1,,,,JP_4 and JP_5,,,,General Electric,,,doesn't exist anywhere,,,,,,,,,,,,,,,,,,,,,,,,,,,,,,,,,,,,,,,,Training,,C,,0.81,,,13716,0,,,,,,,,12,,,,0,0,0,0,0,0,,,
Learjet25,Learjet ,N/A,N/A,"a ten seat, twin engine, high_speed business jet ",,,Passenger,369,2,0,TCDS FAA Learjet 24_25_28_29_31_35_55_60 https://www.globalair.com/aircraft_for_sale/specifications?specid=10,,,Variant,Business,,,,,0,Training,1967,8,,Turbofan,I,0.726190476,Wingspan,CJ_610_6, CJ_610_6,2,,,,0,7030.68,6803.89,6032.78,4535.92,,,,,0.666665687,0.052323009,,760,,,,,,10.8458,14.5034,3.7388,,,,,,2.1459444,,,,,,1,,26244,,JP_4 and JP_5,,,,General Electric,1966,,turbojet,,13122,,,,,6.8,,,,178,,0.45,,1.153,0.98,,0,0,,0,0,8,0,2,0,0,,,,,,,,,,,"ROUX
FAA TCDS 1E16",1.270760229,Training,0.393191154,C,,0.8,,,13716,0,,,,,,,,12,,,,0,0,0,0,0,0,,,
Learjet25A,Learjet ,N/A,N/A,"a ten seat, twin engine, high_speed business jet ",,,Passenger,369,2,0,"TCDS FAA Learjet 24_25_28_29_31_35_55_60, FAA TCDS No.A10CE",,,Variant,Business,,,,,0,Training,1970,8,,Turbofan,,,,CJ_610_7, CJ_610_7,2,,,,0,5782.85,5669.45,5669.45,4535.92,,,,,0.800063498,,,760,,,,,,,,,,,,,,2.1459444,,,,,,1,,,,JP_4 and JP_5,,,,General Electric,,,doesn't exist,,,,,,,,,,,,,,,,,,,,,,,,,,,,,,,,,,,,,,,,Training,,C,,0.8,,,13716,0,,,,,,,,12,,,,0,0,0,0,0,0,,,
Learjet25B,Learjet ,N/A,N/A,"a ten seat, twin engine, high_speed business jet ",,,Passenger,369,2,0,"TCDS FAA Learjet 24_25_28_29_31_35_55_60, FAA TCDS No.A10CE",,,Variant,Business,,,,,0,Training,1970,8,,Turbofan,,,,CJ_610_8, CJ_610_8,2,,,,0,7030.68,6803.89,6032.78,4535.92,,,,,0.666665687,0.054380656,,760,,,,,,,,,,,,,,2.1459444,,,,,,1,26022.1,27578,,JP_4 and JP_5,,,,General Electric,1968,,turbojet,,13789,13011.05,,,,,,,,185,,0.45,,1.153,,,0,0,,0,0,8,0,2,0,0,,,,,,,,,,,"ROUX
FAA TCDS 1E16",,Training,0.413177322,C,,0.81,,,13716,0,,,,,,,,12,,,,0,0,0,0,0,0,,,
Learjet25C,Learjet ,N/A,N/A,"a ten seat, twin engine, high_speed business jet ",,,Passenger,369,2,0,TCDS FAA Learjet 24_25_28_29_31_35_55_60,,,Variant,Business,,,,,0,Training,1970,8,,Turbofan,,,,CJ_610_9,CJ_610_9,2,,,,0,7030.68,6803.89,6032.78,4535.92,,,,,0.666665687,0.055556454,,760,,,,,,,,,,,,,,2.1459444,,,,,,1,26022.1,27578,,JP_4 and JP_5,,,,General Electric,1968,,turbojet,,13789,13011.05,,,,6.8,,,,189,,0.45,,1.298,1,,0,0,,0,0,8,0,2,0,0,,,,,,,,,,,"ROUX
FAA TCDS 1E16",1.270760229,Training,0.413177322,C,,0.81,,,13716,0,,,,,,,,12,,,,0,0,0,0,0,0,,,
Learjet25D,Learjet ,N/A,N/A,"a ten seat, twin engine, high_speed business jet ",,,Passenger,369,2,0,TCDS FAA Learjet 24_25_28_29_31_35_55_60,,,Variant,Business,,,,,0,Training,1976,8,,Turbofan,,,,CJ_610_8A,CJ_610_8A,2,,,,0,7030.68,6803.89,6032.78,4535.92,,,,,0.666665687,,,760,,,,,,,,,,,,,,2.1459444,,,,,,1,25354.86,26244,,JP_4 and JP_5,,,,General Electric,1977,,turbojet,,13122,12677.43,,,,,,,,,,0.45,,1.153,,,0,0,,0,0,8,0,2,0,0,,,,,,,,,,,"ROUX
FAA TCDS 1E16",,Training,0.393191154,C,,0.81,,,13716,0,,,,,,,,12,,,,0,0,0,0,0,0,,,
Learjet25F,Learjet ,N/A,N/A,"a ten seat, twin engine, high_speed business jet ",,,Passenger,369,2,0,TCDS FAA Learjet 24_25_28_29_31_35_55_60,,,Variant,Business,,,,,0,Training,1976,8,,Turbofan,,,,CJ_610_8A, CJ_610_8A,2,,,,0,7030.68,6803.89,6032.78,4535.92,,,,,0.666665687,,,760,,,,,,,,,,,,,,2.1459444,,,,,,1,25354.86,26244,,JP_4 and JP_5,,,,General Electric,1977,,turbojet,,13122,12677.43,,,,,,,,,,0.45,,1.153,,,0,0,,0,0,8,0,2,0,0,,,,,,,,,,,"ROUX
FAA TCDS 1E16",,Training,0.393191154,C,,0.81,,,13716,0,,,,,,,,12,,,,0,0,0,0,0,0,,,
Learjet28,Learjet ,N/A,N/A,"eight_to_ten _seat, twin_engine, high_speed business jet",,,Passenger,9,2,0,TCDS FAA Learjet 24_25_28_29_31_35_55_60 https://www.globalair.com/aircraft_for_sale/specifications?specid=19,,,Variant,Business,,,,,0,Training,1979,8,,Turbofan,I,0.894557823,Wingspan,CJ_610_8A,CJ_610_8A,2,,,,0,7030.68,6803.89,6032.78,4672,,,,,0.68666601,,,760,,,,,,13.3604,14.50334,3.7338,,,,,,2.034286,,,,,,1,25354.86,26244,,,,,,General Electric,1977,,turbojet,,13122,12677.43,,,,,,,,,,0.45,,1.153,,,0,0,,0,0,8,0,2,0,0,,,,,,,,,,,"ROUX
FAA TCDS 1E16",,Training,0.393191154,C,,0.82,,,13716,0,,,,,,,,12,,,,0,0,0,0,0,0,,,
Learjet31,Bombardier Learjet,N/A,N/A,"twin_engined, high speed business jet",,,Passenger,,2,0,TCDS FAA Learjet 24_25_28_29_31_35_55_60 https://www.globalair.com/aircraft_for_sale/specifications?specid=21,,,Variant,Business,,,,,0,Training,1988,8,,Turbofan,I,0.894557823,Wingspan,TFE_731_2_3B,TFE_731_2_3B,2,,,,0,7062.4,7030.68,6939.97,5896.7,,,,,0.838709769,,,760,,,,,,13.3604,14.8336,3.7338,,,,,,2.034286,,,,,,1,,,,JP_4 and JP_5,,,,Honeywell International Inc,,,doesn't exist anywhere,,,,,,,,,,,,,,,,,,,,,,,,,,,,,,,,,,,,,,There is no information about this engine.,,Training,,C,,0.73,,,13716,0,,,,,,,,12,,,,0,0,0,0,0,0,,,
Learjet31A,Bombardier Learjet ,N/A,N/A,"twin_engined, high speed business jet",,,Passenger,,2,0,TCDS FAA Learjet 24_25_28_29_31_35_55_60 https://www.aerospace_technology.com/projects/learjet_31a/,,,Variant,Business,,,,,0,Training,1991,8,,Turbofan,I,0.897209277,Wingspan,TFE_731_2_3B,TFE_731_2_3B,2,,,,0,7062.4,7030.68,6939.97,5896.7,,,,,0.838709769,,,760,,,,,,13.4,14.8,3.75,,,,24.6,,2.034286,,7.299186992,,,,1,,,,JP_5,,,111.0 lb. at 382.2,Honeywell International Inc,,,doesn't exist anywhere,,,,,,,,,,,,,,,,,,,,,,,,,,,,,,,,,,,,,,There is no information about this engine.,,Training,,C,,0.73,,,13716,0,,,,,13.06608881,13.06608881,285.8,12,,,,0,0,0,0,0,0,,,
Learjet35,Learjet ,N/A,N/A,business,,,Passenger,,2,0,TCDS FAA Learjet 24_25_28_29_31_35_55_60,,,Variant,Commercial,,,,,0,Training,1974,8,,Turbofan,,,,TFE_731_2_2B,TFE_731_2_2B,2,,,,0,7824.47,7711.07,6486.37,6123.5,,,,,0.794118067,0.087406806,,760,,,,,,,,,,,,,,2.10185,,,,,,1,,31138,,,,,,Honeywell International Inc,,,,,15569,,,1.54,2.66,13,,,,337,0.716,0.847,1,1.547,0.5,,1,1,,4,0,0,1,1,0,3,,,,,,,,,,,ROUX,1.533406237,Validation,0.41163004,C,,0.73,,,13716,0,,,,,,,,12,,,,0,0,0,0,0,0,,,
Learjet35A,Learjet ,N/A,N/A,business,,,Passenger,,2,0,TCDS FAA Learjet 24_25_28_29_31_35_55_60,,,Variant,Commercial,,,,,0,Training,1976,8,,Turbofan,,,,TFE_731_2_2B,TFE_731_2_2B,2,,,,0,7824.47,7711.07,6486.37,6123.5,,,,,0.794118067,0.087406806,,760,,,,,,,,,,,,,,2.10185,,,,,,1,,31138,,,,,,Honeywell International Inc,,,,,15569,,,1.54,2.66,13,,,,337,0.716,0.847,1,1.547,0.5,,1,1,,4,0,0,1,1,0,3,,,,,,,,,,,ROUX,1.533406237,Validation,0.41163004,C,,0.73,,,13716,0,,,,,,,,12,,,,0,0,0,0,0,0,,,
Learjet40,Learjet ,N/A,N/A,business,,,Passenger,,,,TCDS FAA Learjet 24_25_28_29_31_35_55_60,,,Variant,Commercial,,,,,0,Training,,,,Turbofan,,,,TFE_731_20AR,TFE_731_20BR_1B,,,,,0,,,,,,,,,,,,,,,,,,,,,,,,,,,,,,,,1,,,,,,,,Honeywell International Inc,1999,TFE_731_20AR_1B,,,15570,16240,,,3.1,,,,,405.97,0.716,0.847,1,1.547,0.441,0.728,1,1,,4,0,0,1,1,0,3,,,,,,,,,,,"EASA TCDS E011
ROUX
TSFC data from: https://www.jet-engine.net/civtfspec.htm",,Training,,C,,,,,,0,,,,,,,,12,,,,0,0,0,0,0,0,,,
Learjet45,Learjet ,N/A,N/A,"twin, aft mounted, turbofan aeroplane with a low swept_wing (with Canteds) and T_tail",,,Passenger,,2,0,EASA TCDS No. EASA TC NO IM.A.020,,,Variant,Commercial,,,,,0,Training,1997,9,,Turbofan,I,0.976217259,Wingspan,TFE_731_20R,"TFE_731_20AR_1B
TFE_731_20BR_1B",,,,,0,9412,9299,8709,7257,,2750,,,0.780406495,,0.295730724,855,,,,,,14.58,17.77,4.39,,,,28.95,,,,7.342880829,,,,1,,,,,,3424.6,,Honeywell International Inc,1998,TFE_731_20R_1B,,,15570,16240,,,,,,,,405.97,0.716,0.847,1,1.547,,,1,1,,4,0,0,1,1,0,3,,,,,,,,,,,EASA TCDS E011,,Training,,C,,0.785,,,15544.8,0,,,,,,,321.208981,12,,,,0,0,0,0,0,0,,,
Learjet70,Learjet ,N/A,N/A,,,,Passenger,,,,,,,Variant,Commercial,,,,,0,Training,,,,Turbofan,,,,TFE_731_40BR,,,,,,0,,,,,,,,,,,,,,,,,,,,,,,,,,,,,,,,1,,,,,,,,Honeywell International Inc,2013,TFE_731_40BR_1B,,,15570,17310,,,,,,,,405.37,0.716,0.847,1,1.547,,,1,1,,4,0,0,1,1,0,3,,,,,,,,,,,EASA TCDS E011,,Training,,C,,,,,,0,,,,,,,,12,,,,0,0,0,0,0,0,,,
DC_8_11,McDonnell Douglas,N/A,N/A,these were converted into 8-21 or 8-51s,DC8,DC8-10,Passenger,556,,,,,,Baseline,Commercial,,,,,0,Training,1959,,,Turbofan,,,,JT4A_3,,,,,,0,,,,,,,,,,,,,,,,,,,,,,,,,No Wingtip Device,,,,,,,1,,,,,,,,Pratt & Whitney,1957,,,,70282,55602.77,,,,,,,,2277.03,1.08,1.49,1.4,3.66,0.77,,0,0,,8,0,7,0,1,0,2,9050,,6950,,,,,,500, ,Roux  / JT4A TCDS,,Training,,C,,,,,,0,,,,,,,,12,,,,0,0,0,0,0,0,,,
DC_8_12,McDonnell Douglas,N/A,N/A,these were converted into 8-21 or 8-51s,DC8,DC8-10,Passenger,556,,,,,,Variant,Commercial,,,,,0,Training,,,,Turbofan,,,,JT4A_3,,,,,,0,,,,,,,,,,,,,,,,,,,,,,,,,No Wingtip Device,,,,,,,1,,,,,,,,Pratt & Whitney,1957,,,,70282,55602.77,,,,,,,,2277.03,1.08,1.49,1.4,3.66,0.77,,0,0,,8,0,7,0,1,0,2,9050,,6950,,,,,,500, ,Roux  / JT4A TCDS,,Training,,C,,,,,,0,,,,,,,,12,,,,0,0,0,0,0,0,,,
DC_8_21,McDonnell Douglas,N/A,N/A,an early long_range single_body jetliner designed and produced by the American Douglas Aircraft Company,DC8,DC8-20,Passenger,556,3,0,FAA TCDS DC8,Single,Long Range,Baseline,Commercial,,,,,0,Training,1960,,,Turbofan,,,,JT4A_3,JT4A_5 / JT4A_9 / JT4A_10  / JT4A_11  /  JT4A_12,4,,,,0,126098,125191,90491,75976,,,,,0.606880686,0.072753792,,,,,,,,,,,,,,,No Wingtip Device,6.7564,,,,,,1,222411.08,281127.6,,Commercial Aircraft Turbine Fuel conforming to PWA Specification 522,0.81,,,Pratt & Whitney,1957,,,,70282,55602.77,,,,,,,,2277.03,1.08,1.49,1.4,3.66,0.77,,0,0,,8,0,7,0,1,0,2,9050,,6950,,,,,,500, ,Roux  / JT4A TCDS,,Training,0.22890821,C,,0.88,,,12801.6,0,,,,,,,,12,,,,0,0,0,0,0,0,,,
DC_8_31,McDonnell Douglas,N/A,N/A,an early long_range single_body jetliner designed and produced by the American Douglas Aircraft Company,DC8,DC8-30,Passenger,556,3,0,FAA TCDS DC8,Single,Long Range,Baseline,Commercial,,,,,0,Training,1960,,,Turbofan,,,,JT4A_9,JT4A_3 / JT4A_5 / JT4A_10  / JT4A_11  /  JT4A_12,4,,,,0,136984,136077,93893,78562,,,,,0.577334891,0.067333642,,,,,,,,,,,,,,,No Wingtip Device,6.7564,,,,,,1,222411.08,281127.6,,Commercial Aircraft Turbine Fuel conforming to PWA Specification 522,0.81,,,Pratt & Whitney,1958,,turbojet ,,74730,60050.99,,,,,,,,2290.64,1.08,1.092,1.092,3.66,0.81,,0,0,,8,0,7,0,1,0,2,9135,,7060,,,,,,516,,Roux  / JT4A TCDS,,Training,0.210595822,C,,0.88,,,12801.6,0,,,,,,,,12,,,,0,0,0,0,0,0,,,
DC_8_32,McDonnell Douglas,N/A,N/A,an early long_range single_body jetliner designed and produced by the American Douglas Aircraft Company,DC8,DC8-30,Passenger,556,3,0,FAA TCDS DC8,Single,Long Range,Variant,Commercial,,,,,0,Training,1960,,,Turbofan,,,,JT4A_9,JT4A_3 / JT4A_5 / JT4A_10 / JT4A_11 / JTA_12,4,,,,0,141520,140613,91625,80059,,,,,0.56935703,0.065161543,,,,,,,,,,,,,,,No Wingtip Device,6.7564,,,,,,1,240203.96,298920.48,,Commercial Aircraft Turbine Fuel conforming to PWA Specification 522,0.81,,,Pratt & Whitney,1958,,turbojet ,,74730,60050.99,,,,,,,,2290.64,1.08,1.092,1.092,3.66,0.81,,0,0,,8,0,7,0,1,0,2,9135,,7060,,,,,,516,,Roux  / JT4A TCDS,,Training,0.216701137,C,,0.88,,,12801.6,0,,,,,,,,12,,,,0,0,0,0,0,0,,,
DC_8_33,McDonnell Douglas,N/A,N/A,an early long_range single_body jetliner designed and produced by the American Douglas Aircraft Company,DC8,DC8-30,Passenger,556,3,0,FAA TCDS DC8,Single,Long Range,Variant,Commercial,,,,,0,Training,1960,,,Turbofan,,,,JT4A_11,JT4A_3 / JT4A_5 / JT4A_9  / JT4A_12 ,4,,,,0,144242,142881,93893,81193,,,,,0.568256101,0.064761585,,,,,,,,,,,,,,,No Wingtip Device,6.7564,,,,,,1,265114,311375.52,83580,Commercial Aircraft Turbine Fuel conforming to PWA Specification 522,0.81,,,Pratt & Whitney,1956,,turbojet,,77843.88,66278.5,20895,,,12.5,,0.8,11000,2313.3,1.08,,,3.66,0.84,0.92,0,0,,8,0,7,0,1,0,2,9355,,7160,,,,116.1,,560,,Roux  / JT4A  TCDS ,1.183388472,Training,0.222147268,C,,0.88,,,12801.6,0,,16.43616275,,,,,,12,,,,0,0,0,0,0,0,,,
DC_8_41,McDonnell Douglas,N/A,N/A,an early long_range single_body jetliner designed and produced by the American Douglas Aircraft Company,DC8,DC8-40,Passenger,556,3,0,FAA TCDS DC8,Single,Long Range,Baseline,Commercial,,,,,0,Training,1960,,,Turbofan,,,,RCo12_Mk509,,4,,,,0,136984,136077,93893,78562,,,,,0.577334891,0.060583346,,,,,,,,,,,,,,,No Wingtip Device,6.7564,,,,,,1,260220.96,311375.52,,Commercial Aircraft Turbine Fuel conforming to:,0.81,,,Rolls Royce,1957,,"one of the first turbofans ever, dual spool",,77800,,,,0.3,14.1,,0.83,10973,2061,0.955,1.1,1.1,3.36,0.725,0.874,0,0,,7,0,9,0,1,0,2,9980,,,,,,127,,,1315,"Janes via wikipedia
Roux",1.179848364,Validation,0.233254877,C,,0.88,,,12801.6,0,,,,,,,,12,,,,0,0,0,0,0,0,,,
DC_8_42,McDonnell Douglas,N/A,N/A,an early long_range single_body jetliner designed and produced by the American Douglas Aircraft Company,DC8,DC8-40,Passenger,556,3,0,FAA TCDS DC8,Single,Long Range,Variant,Commercial,,,,,0,Training,1960,,,Turbofan,,,,RCo12_Mk509,,4,,,,0,141520,140613,91625,79197,,,,,0.563226729,0.058629003,,,,,,,,,,,,,,,No Wingtip Device,6.7564,,,,,,1,260220.96,311375.52,,Commercial Aircraft Turbine Fuel conforming to:,0.81,,,Rolls Royce,1957,,"one of the first turbofans ever, dual spool",,77800,,,,0.3,14.1,,0.83,10973,2061,0.955,1.1,1.1,3.36,0.725,0.874,0,0,,7,0,9,0,1,0,2,9980,,,,,,127,,,1315,"Janes via wikipedia
Roux",1.179848364,Validation,0.225730365,C,,0.88,,,12801.6,0,,,,,,,,12,,,,0,0,0,0,0,0,,,
DC_8_43,McDonnell Douglas,N/A,N/A,an early long_range single_body jetliner designed and produced by the American Douglas Aircraft Company,DC8,DC8-40,Passenger,556,3,0,FAA TCDS DC8 ,Single,Long Range,Variant,Commercial,,,,,0,Training,1961,177,,Turbofan,IV,0.832681003,Wingspan,RCo12_Mk509,,4,7778400,,,0,144245,142884,93895,80832,61920,,53676,0.433358529,0.565717645,0.057697153,,16815,,,,,,43.4,45.93,13.24,2.167,34,10.413,277.2,No Wingtip Device,6.7564,0.208105253,6.794949495,,,,1,260220.96,311375.52,,Commercial Aircraft Turbine Fuel conforming to:,0.81,88552,,Rolls Royce,1957,,"one of the first turbofans ever, dual spool",,77800,,,,0.3,14.1,,0.83,10973,2061,0.955,1.1,1.1,3.36,0.725,0.874,0,0,,7,0,9,0,1,0,2,9980,,,,,,127,,,1315,"Janes via wikipedia
Roux",1.179848364,Validation,0.222142604,C,,0.88,,,12801.6,0,,,,,16.3636624,16.3636624,515.4545455,12,,,,0,0,0,0,0,0,,,
DC_8_51,McDonnell Douglas,N/A,N/A,an early long_range single_body jetliner designed and produced by the American Douglas Aircraft Company,DC8,DC8-50,Passenger,556,3,0,FAA TCDS DC8,Single,Long Range,Baseline,Commercial,,,,,0,Training,1961,,,Turbofan,,,,JT3D_1,JT3D_3 / JT3D_3B,4,,,,0,126098,125191,90491,76840,,,,,0.613782141,0.060072689,,,,,,,,,,,,,,,No Wingtip Device,6.7564,,,,,,1,257996.84,302479.08,,`,0.81,,,Pratt & Whitney,1960,,"turbofan, dual axial",,78733.522,64499.213,,,1.4,12.5,,,,1880.14,1.349,1.3462,1.4224,,0.52,,2,0,,6,0,7,0,1,0,3,10200,,6800,,,,,,460,,Roux / JT3D TCDS,1.183388472,Training,0.246293657,C,,0.88,,,12801.6,0,,,,,,,,12,,,,0,0,0,0,0,0,,,
DC_8_52,McDonnell Douglas,N/A,N/A,an early long_range single_body jetliner designed and produced by the American Douglas Aircraft Company,DC8,DC8-50,Passenger,556,3,0,FAA TCDS DC8,Single,Long Range,Variant,Commercial,,,,,0,Training,1961,,,Turbofan,,,,JT3D_1,JT3D_3 / JT3D_3B ,4,,,,0,136984,136077,93893,78698,,,,,0.578334325,0.055266944,,,,,,,,,,,,,,,No Wingtip Device,6.7564,,,,,,1,257996.84,302479.08,,Commercial Aircraft Turbine Fuel conforming to PWA Specification 522,0.81,,,Pratt & Whitney,1960,,"turbofan, dual axial",,78733.522,64499.213,,,1.4,12.5,,,,1880.14,1.349,1.3462,1.4224,,0.52,,2,0,,6,0,7,0,1,0,3,10200,,6800,,,,,,460,,Roux / JT3D TCDS,1.183388472,Training,0.226590454,C,,0.88,,,12801.6,0,,,,,,,,12,,,,0,0,0,0,0,0,,,
DC_8_53,McDonnell Douglas,N/A,N/A,an early long_range single_body jetliner designed and produced by the American Douglas Aircraft Company,DC8,DC8-50,Passenger,556,3,0,FAA TCDS DC8,Single,Long Range,Variant,Commercial,,,,,0,Training,1961,,,Turbofan,,,,JT3D_1,JT3D_1 / JT3D_3B ,4,,,,0,144242,142881,93893,81193,,,,,0.568256101,0.05263513,,,,,,,,,,,,,,,No Wingtip Device,6.7564,,,,,,1,291803.32,320271.96,,Commercial Aircraft Turbine Fuel conforming to PWA Specification 522,0.81,,,Pratt & Whitney,1960,,"turbofan, dual axial",,78733.522,64499.213,,,1.4,12.5,,,,1880.14,1.349,1.3462,1.4224,,0.52,,2,0,,6,0,7,0,1,0,3,10200,,6800,,,,,,460,,Roux / JT3D TCDS,1.183388472,Training,0.228494331,C,,0.88,,,12801.6,0,,,,,,,,12,,,,0,0,0,0,0,0,,,
DC_8_54F,McDonnell Douglas,N/A,N/A,an early long_range single_body jetliner designed and produced by the American Douglas Aircraft Company,DC8,DC8-50,Cargo,556,3,0,FAA TCDS DC8,,Long Range,Variant,N/A,,,,,0,Training,1963,,,Turbofan,,,,JT3D_1,JT3D_3 / JT3D_3B,4,,,,0,144242,142881,101604,86182,,,,,0.60317327,0.05263513,,,,,,,,,,,,,,,No Wingtip Device,6.7564,,,,,,1,257996.84,302479.08,,Commercial Aircraft Turbine Fuel conforming to PWA Specification 522,0.81,,,Pratt & Whitney,1960,,"turbofan, dual axial",,78733.522,64499.213,,,1.4,12.5,,,,1880.14,1.349,1.3462,1.4224,,0.52,,2,0,,6,0,7,0,1,0,3,10200,,6800,,,,,,460,,Roux / JT3D TCDS,1.183388472,Training,0.215800206,C,,0.88,,,12801.6,0,,,,,,,,12,,,,0,0,0,0,0,0,,,
DC_8_55F,McDonnell Douglas,N/A,N/A,an early long_range single_body jetliner designed and produced by the American Douglas Aircraft Company,DC8,DC8-50,Cargo,556,3,0,FAA TCDS DC8 /  Airport Planning DC8,,Long Range,Variant,N/A,,,,,0,Training,1964,,,Turbofan,IV,0.832681003,Wingspan,JT3D_1,JT3D_3 / JT3D_3B,4,5556000,,,0,148781,147420,108864,101606,59526,,52005.44,0.403785104,0.689228056,0.051014516,,,,,,,,43.4,45.93,13.33,2.167,34,10.413,277.88,No Wingtip Device,6.7564,0.208105253,6.778321578,,,,1,291803.32,320271.96,,Commercial Aircraft Turbine Fuel conforming to PWA Specification 522,0.81,88552,,Pratt & Whitney,1960,,"turbofan, dual axial",,78733.522,64499.213,,,1.4,12.5,,,,1880.14,1.349,1.3462,1.4224,,0.52,,2,0,,6,0,7,0,1,0,3,10200,,6800,,,,,,460,,Roux / JT3D TCDS,1.183388472,Training,0.221459086,C,,0.88,,,12801.6,0,,,,,16.3465533,16.3465533,530.5167698,12,,,,0,0,0,0,0,0,,,
DC_8_55,McDonnell Douglas,N/A,N/A,an early long_range single_body jetliner designed and produced by the American Douglas Aircraft Company,DC8,DC8-50,Passenger,556,3,0,FAA TCDS DC8 /  Airport Planning DC8,Single,Long Range,Variant,Commercial,,,,,0,Training,1965,189,,Turbofan,IV,0.832681003,Wingspan,JT3D_1,JT3D_3 / JT3D_3D ,4,8704400,,,0,148781,147420,98431,86184,62717,,55196.44,0.425430742,0.584615385,0.051014516,,17955,,,,,,43.4,45.93,13.28,2.167,34,10.413,277.88,No Wingtip Device,6.7564,0.208105253,6.778321578,,,,1,291803.32,320271.96,,Commercial Aircraft Turbine Fuel conforming to PWA Specification 522,0.81,88552,,Pratt & Whitney,1960,,"turbofan, dual axial",,78733.522,64499.213,,,1.4,12.5,,,,1880.14,1.349,1.3462,1.4224,,0.52,,2,0,,6,0,7,0,1,0,3,10200,,6800,,,,,,460,,Roux / JT3D TCDS,1.183388472,Training,0.221459086,C,,0.88,,,12801.6,0,,,,,16.3465533,16.3465533,530.5167698,12,,,,0,0,0,0,0,0,,,
DC_8_61,McDonnell Douglas,N/A,N/A,an early long_range single_body jetliner designed and produced by the American Douglas Aircraft Company,DC8,DC8-60,Passenger,556,3,0,FAA TCDS DC8 /  Airport Planning DC8,Single,Medium Range,Baseline,Commercial,,,,,0,Training,1966,259,,Turbofan,IV,0.832681003,Wingspan,JT3D_1,JT3D_3 / JT3D_3D ,4,5926400,,,0,148781,147420,108864,101606,68993,,61472.44,0.468002985,0.689228056,0.051014516,,24605,,,,,,43.4,57.12,13.17,2.157,34,10.414,277.88,No Wingtip Device,7.00786,0.207125024,6.778321578,,,,1,291803.32,320271.96,,Commercial Aircraft Turbine Fuel conforming to PWA Specification 522,0.81,88552,,Pratt & Whitney,1960,,"turbofan, dual axial",,78733.522,64499.213,,,1.4,12.5,,,,1880.14,1.349,1.3462,1.4224,,0.52,,2,0,,6,0,7,0,1,0,3,10200,,6800,,,,,,460,,Roux / JT3D TCDS,1.183388472,Training,0.221459086,C,,0.88,,,12801.6,0,,,,,16.45893885,16.45893885,530.5167698,12,,,,0,0,0,0,0,0,,,
DC_8_61F,McDonnell Douglas,N/A,N/A,an early long_range single_body jetliner designed and produced by the American Douglas Aircraft Company,DC8,DC8-60,Cargo,556,3,0,FAA TCDS DC8 /  Airport Planning DC8,,Medium Range,Variant,N/A,,,,,0,Training,1967,,,Turbofan,IV,0.832681003,Wingspan,JT3D_1,JT3D_3 / JT3D_3B,4,4259600,,,0,150142,148781,117029,106142,66002,,58481.44,0.443618473,0.713410987,0.050547852,,,,,,,,43.4,57.12,13.16,2.157,34,10.414,277.88,No Wingtip Device,7.00786,0.207125024,6.778321578,,,,1,291803.32,320271.96,,Commercial Aircraft Turbine Fuel conforming to PWA Specification 522,0.81,88552,,Pratt & Whitney,1960,,"turbofan, dual axial",,78733.522,64499.213,,,1.4,12.5,,,,1880.14,1.349,1.3462,1.4224,,0.52,,2,0,,6,0,7,0,1,0,3,10200,,6800,,,,,,460,,Roux / JT3D TCDS,1.183388472,Training,0.219433251,C,,0.88,,,12801.6,0,,,,,16.45893885,16.45893885,535.4145674,12,,,,0,0,0,0,0,0,,,
DC_8_62,McDonnell Douglas,N/A,N/A,an early long_range single_body jetliner designed and produced by the American Douglas Aircraft Company,DC8,DC8-60,Passenger,556,3,0,FAA TCDS DC8 /  Airport Planning DC8,Single,Long Range,Variant,Commercial,,,,,0,Training,1967,189,,Turbofan,IV,0.867791745,Wingspan,JT3D_7,JT3D_3B,4,9630400,,,0,160121,158760,108864,88452,64980,,57105.64,0.409297052,0.557142857,0.049599143,,17955,,,,,,45.23,48.01,13.18,2.167,34,10.413,277.87,No Wingtip Device,6.92785,0.208105253,7.362266168,,,,1,306037.64,338064.84,,Commercial Aircraft Turbine Fuel conforming to PWA Specification 522,0.81,91891,,Pratt & Whitney,1966,,"dual axial, 15 stage compressor",,85783.95,77354.57,,1.82,1.43,13.5,,,,1968.59,1.349,1.35,1.42,3.47,0.52,,2,0,,7,0,1,0,1,0,3,10300,,6850,,,,214.1,,510,,Roux / JT3D TCDS,1.297278967,Training,0.217065052,C,,0.88,,,12801.6,0,,,,,17.00741512,17.00741512,571.346313,12,,,,0,0,0,0,0,0,,,
DC_8_62F,McDonnell Douglas,N/A,N/A,an early long_range single_body jetliner designed and produced by the American Douglas Aircraft Company,DC8,DC8-60,Cargo,556,3,0,FAA TCDS DC8 /  Airport Planning DC8,,Long Range,Variant,N/A,,,,,0,Training,1967,,,Turbofan,IV,0.867791745,Wingspan,JT3D_7,JT3D_3B,4,5926400,,,0,160121,158760,113400,104328,62851,,54976.64,0.395886873,0.657142857,0.049599143,,,,,,,,45.23,48.01,13.2,2.167,34,10.413,277.87,No Wingtip Device,6.92785,0.208105253,7.362266168,,,,1,306037.64,338064.84,,Commercial Aircraft Turbine Fuel conforming to PWA Specification 522,0.81,91891,,Pratt & Whitney,1966,,"dual axial, 15 stage compressor",,85783.95,77354.57,,1.82,1.43,13.5,,,,1968.59,1.349,1.35,1.42,3.47,0.52,,2,0,,7,0,1,0,1,0,3,10300,,6850,,,,214.1,,510,,Roux / JT3D TCDS,1.297278967,Training,0.217065052,C,,0.88,,,12801.6,0,,,,,17.00741512,17.00741512,571.346313,12,,,,0,0,0,0,0,0,,,
DC_8_63,McDonnell Douglas,N/A,N/A,an early long_range single_body jetliner designed and produced by the American Douglas Aircraft Company,DC8,DC8-60,Passenger,556,3,0,FAA TCDS DC8 /  Airport Planning DC8,Single,Long Range,Variant,Commercial,,,,,0,Validation,1967,259,,Turbofan,IV,0.867791745,Wingspan,JT3D_7,JT3D_3B,4,7408000,,,0,162389,161028,117029,104328,72004,,64129.64,0.447152048,0.647887324,0.048900564,,24605,,,,,,45.23,57.12,13.11,2.157,34,10.414,277.88,No Wingtip Device,6.92785,0.207125024,7.362001224,,,,1,306037.64,338064.84,,Commercial Aircraft Turbine Fuel conforming to PWA Specification 522,0.85,91891,,Pratt & Whitney,1966,,"dual axial, 15 stage compressor",,85783.95,77354.57,,1.82,1.43,13.5,,,,1968.59,1.349,1.35,1.42,3.47,0.52,,2,0,,7,0,1,0,1,0,3,10300,,6850,,,,214.1,,510,,Roux / JT3D TCDS,1.297278967,Training,0.214007798,C,,0.88,,,12801.6,0,,,,,17.00715891,17.00715891,579.4875486,12,,,,0,0,0,0,0,0,,,
DC_8_63F,McDonnell Douglas,N/A,N/A,an early long_range single_body jetliner designed and produced by the American Douglas Aircraft Company,DC8,DC8-60,Cargo,556,3,0,FAA TCDS DC8 /  Airport Planning DC8,,Medium Range,Variant,N/A,,,,,0,Training,1968,,,Turbofan,IV,0.867791745,Wingspan,JT3D_3B,JT3D_7,4,4259600,,,0,162389,161028,124740,118390,64107,,56232.636,0.398110888,0.735213752,0.048900589,,,,,,,,45.23,57.12,13.14,2.157,34,10.414,277.88,No Wingtip Device,6.92785,0.207125024,7.362001224,,,,1,291803.32,320271.96,,Commercial Aircraft Turbine Fuel conforming to PWA Specification 522,0.85,91891,,Pratt & Whitney,1963,,"turbofan, dual axial",,80067.989,72950.834,,1.74,1.37,13.6,,,,1968.591,1.349,1.3462,1.4224,3.465,0.53,,3,0,,6,0,7,0,1,0,3,10300,,6850,,,,207.7,,490,1144,Roux / JT3D TCDS,1.177188963,Training,0.202744234,C,,0.88,,,12801.6,0,,,,,17.00715891,17.00715891,579.4875486,12,,,,0,0,0,0,0,0,,,
DC_8_71,McDonnell Douglas,N/A,N/A,an early long_range single_body jetliner designed and produced by the American Douglas Aircraft Company,DC8,DC8-70,Passenger,556,3,0,FAA TCDS DC8 /  Airport Planning DC8,Single,Long Range,Baseline,Commercial,,,,,0,Training,1982,259,,Turbofan,IV,0.867791745,Wingspan,CFM56_2C1,CFM56_2_C5,4,6482000,,,0,148781,147420,108864,101606,74254,,65844.3976,0.503690137,0.689228056,0.057045193,,24605,,,,,,45.23,57.12,13.17,2.157,34,10.414,277.88,No Wingtip Device,7.00786,0.207125024,7.362001224,,,,1,378988.48,391443.52,88608.56,"Jet A, Jet A1, Jet B, JP_4, JP_5, JP_8 or U.S. DOD approved NATO equivalents",0.85,88552,,CFM International,,,"turborfan, dual spool, high bypass",,97860.875,94747.12,22152.14,1.45,6,24.7,31.2,0.8,10668,2102.4006,1.735,1.8288,,2.43078,0.35,0.67,1,0,,3,0,9,0,1,0,4,15183,,5280,0.952380952,,0.980392157,357.431,,835,,"DC-8 TCDS NO. 4A25, Roux, 
https://web.archive.org/web/20100530091327/http://www.cfm56.com/products/cfm56-2/cfm56-2-technology",1.279765903,Training,0.270672226,C,,0.88,,,12801.6,0,,15.99591349,,,17.04381538,17.04381538,530.5167698,12,,,,0,0,0,0,0,0,,,
DC_8_71F,McDonnell Douglas,N/A,N/A,an early long_range single_body jetliner designed and produced by the American Douglas Aircraft Company,DC8,DC8-70,Cargo,556,3,0,FAA TCDS DC8 /  Airport Planning DC8,,Long Range,Variant,N/A,,,,,0,Training,1982,,,Turbofan,IV,0.867791745,Wingspan,CFM56_2C1,CFM56_2_C5,4,5370800,,,0,150142,148781,117029,106142,69265,,60855.3976,0.465550037,0.713410987,0.056523363,,,,,,,,45.23,57.12,13.16,2.157,34,10.414,277.88,No Wingtip Device,7.00786,0.207125024,7.362001224,,,,1,378988.48,391443.52,88608.56,"Jet A, Jet A1, Jet B, JP_4, JP_5, JP_8 or U.S. DOD approved NATO equivalents",0.85,88552,,CFM International,,,"turborfan, dual spool, high bypass",,97860.875,94747.12,22152.14,1.45,6,24.7,31.2,0.8,10668,2102.4006,1.735,1.8288,,2.43078,0.35,0.67,1,0,,3,0,9,0,1,0,4,15183,,5280,0.952380952,,0.980392157,357.431,,835,,"DC-8 TCDS NO. 4A25, Roux, 
https://web.archive.org/web/20100530091327/http://www.cfm56.com/products/cfm56-2/cfm56-2-technology",1.279765903,Training,0.268196204,C,,0.88,,,12801.6,0,,16.14358978,,,17.04381538,17.04381538,535.4145674,12,,,,0,0,0,0,0,0,,,
DC_8_72,McDonnell Douglas,N/A,N/A,an early long_range single_body jetliner designed and produced by the American Douglas Aircraft Company,DC8,DC8-70,Passenger,556,3,0,FAA TCDS DC8 /  Airport Planning DC8,Single,Long Range,Variant,Commercial,,,,,0,Training,1982,189,,Turbofan,IV,0.867791745,Wingspan,CFM56_2C1,CFM56_2_C3 / CFM56_2_C5 / CFM56_2_C6,4,9815600,,,0,153317,151956,108864,88452,69492,,61082.3976,0.457316592,0.582089552,0.055342352,,17955,,,,,,45.23,48.01,13.18,2.167,34,10.413,277.87,No Wingtip Device,6.92785,0.208105253,7.362266168,,,,1,378988.48,391443.52,88608.56,"Jet A, Jet A1, Jet B, JP_4, JP_5, JP_8 or U.S. DOD approved NATO equivalents",0.85,91891,,CFM International,,,"turborfan, dual spool, high bypass",,97860.875,94747.12,22152.14,1.45,6,24.7,31.2,0.8,10668,2102.4006,1.735,1.8288,,2.43078,0.35,0.67,1,0,,3,0,9,0,1,0,4,15183,,5280,0.952380952,,0.980392157,357.431,,835,,"DC-8 TCDS NO. 4A25, Roux, 
https://web.archive.org/web/20100530091327/http://www.cfm56.com/products/cfm56-2/cfm56-2-technology",1.279765903,Training,0.262592458,C,,0.88,,,12801.6,0,,16.48809544,,,17.00741512,17.00741512,546.8600425,12,,,,0,0,0,0,0,0,,,
DC_8_72F,McDonnell Douglas,N/A,N/A,an early long_range single_body jetliner designed and produced by the American Douglas Aircraft Company,DC8,DC8-70,Cargo,556,3,0,FAA TCDS DC8 /  Airport Planning DC8,,Long Range,Variant,N/A,,,,,0,Training,1982,,,Turbofan,IV,0.867791745,Wingspan,CFM56_2C1,CFM56_2_C3 / CFM56_2_C5 / CFM56_2_C6,4,7222800,,,0,153317,151956,113400,104328,63595,,55185.3976,0.418509305,0.686567164,0.055342352,,,,,,,,45.23,48.01,13.2,2.167,34,10.413,277.87,No Wingtip Device,6.92785,0.208105253,7.362266168,,,,1,378988.48,391443.52,88608.56,"Jet A, Jet A1, Jet B, JP_4, JP_5, JP_8 or U.S. DOD approved NATO equivalents",0.85,91891,,CFM International,,,"turborfan, dual spool, high bypass",,97860.875,94747.12,22152.14,1.45,6,24.7,31.2,0.8,10668,2102.4006,1.735,1.8288,,2.43078,0.35,0.67,1,0,,3,0,9,0,1,0,4,15183,,5280,0.952380952,,0.980392157,357.431,,835,,"DC-8 TCDS NO. 4A25, Roux, 
https://web.archive.org/web/20100530091327/http://www.cfm56.com/products/cfm56-2/cfm56-2-technology",1.279765903,Training,0.262592458,C,,0.88,,,12801.6,0,,16.48809544,,,17.00741512,17.00741512,546.8600425,12,,,,0,0,0,0,0,0,,,
DC_8_73,McDonnell Douglas,N/A,N/A,an early long_range single_body jetliner designed and produced by the American Douglas Aircraft Company,DC8,DC8-70,Passenger,556,3,0,FAA TCDS DC8 /  Airport Planning DC8,Single,Long Range,Variant,Commercial,,,,,0,Training,1982,259,,Turbofan,IV,0.867791745,Wingspan,CFM56_2C1,CFM56_2_C5,4,8334000,,,0,162389,161028,117029,104328,75388,,66978.3976,0.468167027,0.647887324,0.052224473,,24605,,,,,,45.23,57.12,13.11,2.157,34,10.414,277.88,No Wingtip Device,6.92785,0.207125024,7.362001224,,,,1,378988.48,391443.52,88608.56,"Jet A, Jet A1, Jet B, JP_4, JP_5, JP_8 or U.S. DOD approved NATO equivalents",0.85,91891,,CFM International,,,"turborfan, dual spool, high bypass",,97860.875,94747.12,22152.14,1.45,6,24.7,31.2,0.8,10668,2102.4006,1.735,1.8288,,2.43078,0.35,0.67,1,0,,3,0,9,0,1,0,4,15183,,5280,0.952380952,,0.980392157,357.431,,835,,"DC-8 TCDS NO. 4A25, Roux, 
https://web.archive.org/web/20100530091327/http://www.cfm56.com/products/cfm56-2/cfm56-2-technology",1.279765903,Training,0.247798516,C,,0.88,,,12801.6,0,,17.47245935,,,17.00715891,17.00715891,579.4875486,12,,,,0,0,0,0,0,0,,,
DC_8_73F,McDonnell Douglas,N/A,N/A,an early long_range single_body jetliner designed and produced by the American Douglas Aircraft Company,DC8,DC8-70,Cargo,556,3,0,FAA TCDS DC8 /  Airport Planning DC8,,Long Range,Variant,N/A,,,,,0,Training,1982,,,Turbofan,IV,0.867791745,Wingspan,CFM56_2C1,CFM56_2_C5,4,5370800,,,0,162389,161028,124740,118390,67677,,59267.3976,0.420280945,0.735213752,0.052224473,,,,,,,,45.23,57.12,13.14,2.157,34,10.414,277.88,No Wingtip Device,6.92785,0.207125024,7.362001224,,,,1,378988.48,391443.52,88608.56,"Jet A, Jet A1, Jet B, JP_4, JP_5, JP_8 or U.S. DOD approved NATO equivalents",0.85,91891,,CFM International,,,"turborfan, dual spool, high bypass",,97860.875,94747.12,22152.14,1.45,6,24.7,31.2,0.8,10668,2102.4006,1.735,1.8288,,2.43078,0.35,0.67,1,0,,3,0,9,0,1,0,4,15183,,5280,0.952380952,,0.980392157,357.431,,835,,"DC-8 TCDS NO. 4A25, Roux, 
https://web.archive.org/web/20100530091327/http://www.cfm56.com/products/cfm56-2/cfm56-2-technology",1.279765903,Training,0.247798516,C,,0.88,,,12801.6,0,,17.47245935,,,17.00715891,17.00715891,579.4875486,12,,,,0,0,0,0,0,0,,,
DC_9_11,McDonnell Douglas,N/A,N/A,"an American five_abreast, single_aisle aircraft designed by the Douglas Aircraft Company",DC9,DC9-10,Passenger,976,2,0,FAA TCDS DC9,Single,Short Range,Baseline,Commercial,,,,,0,Training,1965,109,,Turbofan,,,,JT8D_1, JT8D_1A / JT8D_1B / JT8D_5 / JT8D_7 / JT8D_7A / JT8D_7B / JT8D_9 / JT8D_9A / JT8D_11 / JT8D_15 / JT8D_17,2,,,,0,41504,41141,37059,33566,22300,,19392.48,0.542038356,0.815877106,0.070672079,,10355,,,,,,,,,,,,,No Wingtip Device,3.5941,,,,,,1,112095.18,124550.2,,Commercial Aircraft Turbine Fuel   conforming to P&W Specificaation 522 ,0.85,,,Pratt & Whitney ,1963,,"dual, axial 13-stage compressor, four-stage turbine",,62275.1,56047.59,,1.9,1.06,15.4,,,,1453.76,1.08,1.08,1.36,3.137,0.58,,2,0,,4,0,7,0,1,0,3,12250,,8600,,,,,,535,,Roux / JT8D-200 TCDS,1.234092599,Training,0.308603309,C,,0.84,,,10668,0,,,,,,,,12,,,,0,0,0,0,0,0,,,
DC_9_12,McDonnell Douglas,N/A,N/A,"an American five_abreast, single_aisle aircraft designed by the Douglas Aircraft Company",DC9,DC9-10,Passenger,976,2,0,FAA TCDS DC9,Single,Short Range,Variant,Commercial,,,,,0,Training,1965,109,,Turbofan,,,,JT8D_1, JT8D_1A / JT8D_1B / JT8D_5 / JT8D_7 / JT8D_7A / JT8D_7B / JT8D_9 / JT8D_9A / JT8D_11 / JT8D_15 / JT8D_17,2,,,,0,41504,41141,37059,33566,22300,,19392.48,0.542038356,0.815877106,0.070672079,,10355,,,,,,,,,,,,,No Wingtip Device,3.5941,,,,,,1,112095.18,124550.2,,Commercial Aircraft Turbine Fuel   conforming to P&W Specificaation 522,0.85,,,Pratt & Whitney ,1963,,"dual, axial 13-stage compressor, four-stage turbine",,62275.1,56047.59,,1.9,1.06,15.4,,,,1453.76,1.08,1.08,1.36,3.137,0.58,,2,0,,4,0,7,0,1,0,3,12250,,8600,,,,,,535,,Roux / JT8D-200 TCDS,1.234092599,Training,0.308603309,C,,0.84,,,10668,0,,,,,,,,12,,,,0,0,0,0,0,0,,,
DC_9_13,McDonnell Douglas,N/A,N/A,"an American five_abreast, single_aisle aircraft designed by the Douglas Aircraft Company",DC9,DC9-10,Passenger,976,2,0,FAA TCDS DC9,Single,Short Range,Variant,Commercial,,,,,0,Training,1965,109,,Turbofan,,,,JT8D_1, JT8D_1A / JT8D_1B / JT8D_5 / JT8D_7 / JT8D_7A / JT8D_7B / JT8D_9 / JT8D_9A / JT8D_11 / JT8D_15 / JT8D_17,2,,,,0,41504,41141,37059,33566,22300,,19392.48,0.542038356,0.815877106,0.070672079,,10355,,,,,,,,,,,,,No Wingtip Device,3.5941,,,,,,1,112095.18,124550.2,,Commercial Aircraft Turbine Fuel   conforming to P&W Specificaation 522,0.85,,,Pratt & Whitney ,1963,,"dual, axial 13-stage compressor, four-stage turbine",,62275.1,56047.59,,1.9,1.06,15.4,,,,1453.76,1.08,1.08,1.36,3.137,0.58,,2,0,,4,0,7,0,1,0,3,12250,,8600,,,,,,535,,Roux / JT8D-200 TCDS,1.234092599,Training,0.308603309,C,,0.84,,,10668,0,,,,,,,,12,,,,0,0,0,0,0,0,,,
DC_9_14,McDonnell Douglas,N/A,N/A,"an American five_abreast, single_aisle aircraft designed by the Douglas Aircraft Company",DC9,DC9-10,Passenger,976,2,0,FAA TCDS DC9,Single,Short Range,Variant,Commercial,,,,,0,Training,1965,109,,Turbofan,,,,JT8D_1, JT8D_1A / JT8D_1B / JT8D_5 / JT8D_7 / JT8D_7A / JT8D_7B / JT8D_9 / JT8D_9A / JT8D_11 / JT8D_15 / JT8D_17,2,,,,0,41504,41141,37059,33566,22300,,19392.48,0.542038356,0.815877106,0.070672079,,10355,,,,,,,,,,,,,No Wingtip Device,3.5941,,,,,,1,112095.18,124550.2,,Commercial Aircraft Turbine Fuel   conforming to P&W Specificaation 522,0.85,,,Pratt & Whitney ,1963,,"dual, axial 13-stage compressor, four-stage turbine",,62275.1,56047.59,,1.9,1.06,15.4,,,,1453.76,1.08,1.08,1.36,3.137,0.58,,2,0,,4,0,7,0,1,0,3,12250,,8600,,,,,,535,,Roux / JT8D-200 TCDS,1.234092599,Training,0.308603309,C,,0.84,,,10668,0,,,,,,,,12,,,,0,0,0,0,0,0,,,
DC_9_15,McDonnell Douglas,N/A,N/A,"an American five_abreast, single_aisle aircraft designed by the Douglas Aircraft Company",DC9,DC9-10,Passenger,976,2,0,FAA TCDS DC9 / Airport Planning  DC9,Single,Short Range,Variant,Commercial,,,,,0,Training,1966,90,,Turbofan,III,0.757651586,Wingspan,JT8D_1, JT8D_1A / JT8D_1B / JT8D_5 / JT8D_7 / JT8D_7A / JT8D_7B / JT8D_9 / JT8D_9A / JT8D_11 / JT8D_15 / JT8D_17,2,2407600,,,0,41504,41141,37059,33566,22300,,19392.48,0.542038356,0.815877106,0.070672079,,8550,,,,,,27.25,31.82,8.4,1.4,28,4.741,85.585,No Wingtip Device,3.5941,0.295296351,8.676315943,,,,1,112095.18,124550.2,,Commercial Aircraft Turbine Fuel   conforming to P&W Specificaation 522,0.85,13979,,Pratt & Whitney ,1963,,"dual, axial 13-stage compressor, four-stage turbine",,62275.1,56047.59,,1.9,1.06,15.4,,,,1453.76,1.08,1.08,1.36,3.137,0.58,,2,0,,4,0,7,0,1,0,3,12250,,8600,,,,,,535,,Roux / JT8D-200 TCDS,1.234092599,Training,0.308603309,C,,0.84,,,10668,0,,,,,17.04722437,17.04722437,480.7033943,12,,,,0,0,0,0,0,0,,,
DC_9_15F,McDonnell Douglas,N/A,N/A,"an American five_abreast, single_aisle aircraft designed by the Douglas Aircraft Company",DC9,DC9-10,Cargo,976,2,0,FAA TCDS DC9 / Airport Planning  DC9,,Short Range,Variant,N/A,,,,,0,Training,1967,,,Turbofan,III,0.757651586,Wingspan,JT8D_1, JT8D_1A / JT8D_1B / JT8D_5 / JT8D_7 / JT8D_7A / JT8D_7B / JT8D_9 / JT8D_9A / JT8D_11 / JT8D_15 / JT8D_17,2,,,,0,41504,41141,37059,33566,24131,,21223.48,0.586543837,0.815877106,0.070672079,,,,,,,,27.25,31.82,8.4,1.4,28,4.741,85.585,No Wingtip Device,3.5941,0.295296351,8.676315943,,,,1,112095.18,124550.2,,Commercial Aircraft Turbine Fuel   conforming to P&W Specificaation 522,0.85,13926,,Pratt & Whitney ,1963,,"dual, axial 13-stage compressor, four-stage turbine",,62275.1,56047.59,,1.9,1.06,15.4,,,,1453.76,1.08,1.08,1.36,3.137,0.58,,2,0,,4,0,7,0,1,0,3,12250,,8600,,,,,,535,,Roux / JT8D-200 TCDS,1.234092599,Training,0.308603309,C,,0.84,,,10668,0,,,,,17.04722437,17.04722437,480.7033943,12,,,,0,0,0,0,0,0,,,
DC_9_21,McDonnell Douglas,N/A,N/A,"an American five_abreast, single_aisle aircraft designed by the Douglas Aircraft Company",DC9,DC9-20,Passenger,976,2,0,FAA TCDS DC9 / Airport Planning  DC9,Single,Short Range,Baseline,Commercial,,,,,0,Training,1968,90,,Turbofan,III,0.790738022,Wingspan,JT8D_9,JT8D_9A / JT8D_11,2,2778000,,,0,49442,48988,44906,38102,23879,,20928.84,0.487445905,0.777782314,0.060222095,,8550,,,,,,28.44,31.82,8.4,1.468,28,4.918,91.66,No Wingtip Device,3.74396,0.298495323,8.824281039,,,,1,112095.18,128998.42,40390,Commercial Aircraft Turbine Fuel   conforming to P&W Specificaation 522,0.85,13926,,Pratt & Whitney,1967,,"dual, axial 13-stage compresor/ four-stage turbine ",,64499,56047.59,20195,1.91,1.03,15.9,,0.8,9144,1475.08,1.08,1.08,1.358,3.138,0.56,0.8,2,0,,4,0,7,0,1,0,3,12250,,8600,,,,144.7,,540,,Roux / JT8D TCDS,1.237129501,Training,0.268426677,C,,0.84,,,10668,0,,11.66122499,,,17.29633108,17.29633108,534.4534148,12,,,,0,0,0,0,0,0,,,
DC_9_31,McDonnell Douglas,N/A,N/A,"an American five_abreast, single_aisle aircraft designed by the Douglas Aircraft Company",DC9,DC9-30,Passenger,976,2,0,FAA TCDS DC9,Single,Short Range,Baseline,Commercial,,,,,0,Training,1966,,,Turbofan,,,,JT8D_9, JT8D_1 / JT8D_1A / JT8D_1B / JT8D_5 / JT8D_7 / JT8D_7A / JT8D_7B / JT8D_9A / JT8D_11 / JT8D_15 / JT8D_17,2,,,,0,48080,47627,44905,39462,,,,,0.82856363,0.061943016,,,,,,,,,,,,,,,No Wingtip Device,3.74396,,,,,,1,112095.18,128998.42,40390,Commercial Aircraft Turbine Fuel   conforming to P&W Specificaation 522,0.85,,,Pratt & Whitney,1967,,"dual, axial 13-stage compresor/ four-stage turbine ",,64499,56047.59,20195,1.91,1.03,15.9,,0.8,9144,1475.08,1.08,1.08,1.358,3.138,0.56,0.8,2,0,,4,0,7,0,1,0,3,12250,,8600,,,,144.7,,540,,Roux / JT8D TCDS,1.237129501,Training,0.276097298,C,,0.84,,,10668,0,,11.33724917,,,,,,12,,,,0,0,0,0,0,0,,,
DC_9_32,McDonnell Douglas,VC_9C,N/A,"an American five_abreast, single_aisle aircraft designed by the Douglas Aircraft Company",DC9,DC9-30,Passenger,976,2,0,FAA TCDS DC9 / Airport Planning  DC9,Single,Short Range,Variant,Commercial,,,,,0,Training,1967,115,,Turbofan,III,0.790738022,Wingspan,JT8D_1, JT8D_1A / JT8D_1B / JT8D_5 / JT8D_7 / JT8D_7A / JT8D_7B / JT8D_9 / JT8D_9A / JT8D_11 / JT8D_15 / JT8D_17,2,2407600,,,0,49442,48988,44906,39463,25789,,22881.48,0.526435045,0.805564628,0.059351678,,10925,,,,,,28.44,36.36,8.5,1.468,28,4.918,92.146,No Wingtip Device,3.74396,0.298495323,8.777739674,,,,1,112095.18,124550.2,,Commercial Aircraft Turbine Fuel   conforming to P&W Specification 522,0.85,13926,,Pratt & Whitney ,1963,,"dual, axial 13-stage compressor, four-stage turbine",,62275.1,56047.59,,1.9,1.06,15.4,,,,1453.76,1.08,1.08,1.36,3.137,0.58,,2,0,,4,0,7,0,1,0,3,12250,,8600,,,,,,535,,Roux / JT8D-200 TCDS,1.234092599,Training,0.259170587,C,,0.84,,,10668,0,,,,,17.25936702,17.25936702,531.6345799,12,,,,0,0,0,0,0,0,,,
DC_9_32F,McDonnell Douglas,C_9A / C_9B,N/A,"an American five_abreast, single_aisle aircraft designed by the Douglas Aircraft Company",DC9,DC9-30,Cargo,976,2,0,FAA TCDS DC9,,Short Range,Variant,N/A,,,,,0,Training,1967,,,Turbofan,III,0.790738022,Wingspan,JT8D_1, JT8D_1A / JT8D_1B / JT8D_5 / JT8D_7 / JT8D_7A / JT8D_7B / JT8D_9 / JT8D_9A / JT8D_11 / JT8D_15 / JT8D_17 / JT8D_17A,2,,,,0,50348,49895,44905,41730,,,,,0.836356348,0.058272773,,,,,,,,28.44,36.36,8.5,1.468,28,4.918,92.146,No Wingtip Device,3.74396,0.298495323,8.777739674,,,,1,112095.18,124550.2,,Commercial Aircraft Turbine Fuel   conforming to P&W Specification 522,0.85,,,Pratt & Whitney ,1963,,"dual, axial 13-stage compressor, four-stage turbine",,62275.1,56047.59,,1.9,1.06,15.4,,,,1453.76,1.08,1.08,1.36,3.137,0.58,,2,0,,4,0,7,0,1,0,3,12250,,8600,,,,,,535,,Roux / JT8D-200 TCDS,1.234092599,Training,0.254459339,C,,0.84,,,10668,0,,,,,17.25936702,17.25936702,541.477655,12,,,,0,0,0,0,0,0,,,
DC_9_33F,McDonnell Douglas,N/A,N/A,"an American five_abreast, single_aisle aircraft designed by the Douglas Aircraft Company",DC9,DC9-30,Cargo,976,2,0,FAA TCDS DC9 / Airport Planning  DC9,,Short Range,Variant,N/A,,,,,0,Training,1968,,,Turbofan,,,,JT8D_7,JT8D_7A / JT8D_7B / JT8D_9 / JT8D_9A / JT8D_11 / JT8D_15 / JT8D_15A / JT8D_17 / JT8D_17A,2,,,,0,49442,48988,44906,40823,25596,,22688.48,0.522495305,0.833326529,0.059351678,,,,,,,,,,,,,,,No Wingtip Device,3.74396,,,,,,1,112095.18,124550.2,37988,Commercial Aircraft Turbine Fuel   conforming to P&W Specificaation 522,0.85,13926,,Pratt & Whitney,1961,,"dual, axial 13-stage compressor/ four-stage turbine ",,62275,56047.59,18994,1.93,1.07,15.8,,0.8,9144,1453.76,1.08,1.08,1.358,3.138,0.58,0.8,2,0,,4,0,7,0,1,0,3,12250,,8600,,,,142.9,,535,,Roux / JT8D TCDS ,1.236529242,Training,0.259170587,C,,0.84,,,10668,0,,12.39857,,,,,,12,,,,0,0,0,0,0,0,,,
DC_9_34,McDonnell Douglas,N/A,N/A,"an American five_abreast, single_aisle aircraft designed by the Douglas Aircraft Company",DC9,DC9-30,Passenger,976,2,0,FAA TCDS DC9,Single,Short Range,Variant,Commercial,,,,,0,Validation,1976,,,Turbofan,,,,JT8D_9,JT8D_9A / JT8D_11 / JT8D_15 / JT8D_15A / JT8D_15A / JT8D_17 / JT8D_17A,2,,,,0,55338,54884,49895,44578,,,,,0.812222141,0.053752642,,,,,,,,,,,,,,,No Wingtip Device,3.74396,,,,,,1,112095.18,128998.42,40390,Commercial Aircraft Turbine Fuel   conforming to P&W Specificaation 522,0.85,,,Pratt & Whitney,1967,,"dual, axial 13-stage compresor/ four-stage turbine ",,64499,56047.59,20195,1.91,1.03,15.9,,0.8,9144,1475.08,1.08,1.08,1.358,3.138,0.56,0.8,2,0,,4,0,7,0,1,0,3,12250,,8600,,,,144.7,,540,,Roux / JT8D TCDS,1.237129501,Training,0.239590519,C,,0.84,,,10668,0,,13.06472345,,,,,,12,,,,0,0,0,0,0,0,,,
DC_9_34F,McDonnell Douglas,N/A,N/A,"an American five_abreast, single_aisle aircraft designed by the Douglas Aircraft Company",DC9,DC9-30,Cargo,976,2,0,FAA TCDS DC9,,Short Range,Variant,N/A,,,,,0,Validation,1976,,,Turbofan,,,,JT8D_9,JT8D_9A / JT8D_11 / JT8D_15 / JT8D_15A / JT8D_15A / JT8D_17 / JT8D_17A,2,,,,0,55338,54884,49895,44578,,,,,0.812222141,0.053752642,,,,,,,,,,,,,,,No Wingtip Device,3.74396,,,,,,1,112095.18,128998.42,40390,Commercial Aircraft Turbine Fuel   conforming to P&W Specificaation 522,0.85,,,Pratt & Whitney,1967,,"dual, axial 13-stage compresor/ four-stage turbine ",,64499,56047.59,20195,1.91,1.03,15.9,,0.8,9144,1475.08,1.08,1.08,1.358,3.138,0.56,0.8,2,0,,4,0,7,0,1,0,3,12250,,8600,,,,144.7,,540,,Roux / JT8D TCDS,1.237129501,Training,0.239590519,C,,0.84,,,10668,0,,13.06472345,,,,,,12,,,,0,0,0,0,0,0,,,
DC_9_41,McDonnell Douglas,N/A,N/A,"an American five_abreast, single_aisle aircraft designed by the Douglas Aircraft Company",DC9,DC9-40,Passenger,976,2,0,FAA TCDS DC9 / Airport Planning  DC9,Single,Short Range,Baseline,Commercial,,,,,0,Training,1968,125,,Turbofan,III,0.790738022,Wingspan,JT8D_9,JT8D_9A / JT8D_11 / JT8D_15 / JT8D_15A / JT8D_15A / JT8D_17 / JT8D_17A,2,2037200,,,0,52163,51710,46266,40823,25596,,22645.84,0.494991298,0.789460453,0.057052021,,11875,,,,,,28.44,38.28,8.7,1.468,28,4.918,92.156,No Wingtip Device,3.74396,0.298495323,8.776787187,,,,1,112095.18,128998.42,40390,Commercial Aircraft Turbine Fuel   conforming to P&W Specificaation 522,0.85,13926,,Pratt & Whitney,1967,,"dual, axial 13-stage compresor/ four-stage turbine ",,64499,56047.59,20195,1.91,1.03,15.9,,0.8,9144,1475.08,1.08,1.08,1.358,3.138,0.56,0.8,2,0,,4,0,7,0,1,0,3,12250,,8600,,,,144.7,,540,,Roux / JT8D TCDS,1.237129501,Training,0.254296771,C,,0.84,,,10668,0,,12.30917662,,,17.25860899,17.25860899,561.1137636,12,,,,0,0,0,0,0,0,,,
DC_9_51,McDonnell Douglas,N/A,N/A,"an American five_abreast, single_aisle aircraft designed by the Douglas Aircraft Company",DC9,DC9-50,Passenger,976,2,0,FAA TCDS DC9 / Airport Planning  DC9,Single,Short Range,Baseline,Commercial,,,,,0,Training,1975,135,,Turbofan,III,0.791016059,Wingspan,JT8D_17,JT8D_15/ JT8D_15A / JT8D_17A,2,2407600,,,0,55338,54885,49895,44679,29336,,26224.36,0.534499408,0.814047554,0.056693814,,12825,,,,,,28.45,40.72,8.8,1.468,28,4.918,92.156,No Wingtip Device,3.74396,0.298495323,8.782960415,,,,1,135225.94,142343.1,45728,Commercial Aircraft Turbine Fuel   conforming to P&W Specificaation 522,0.85,13926,,Pratt & Whitney,1974,,"dual, axial 13-stage compresor/ four-stage turbine ",,71171.55,67612.97,22864,,1.01,16.9,,0.8,9144,1555.82,1.08,1.08,1.358,3.138,0.6,0.81,2,0,,6,0,7,0,1,0,3,12250,,8800,,,,147,,610,,Roux / JT8D TCDS,1.20742208,Training,0.264370957,C,,0.84,,,10668,0,,11.53983981,,,17.2635208,17.2635208,595.5662138,12,,,,0,0,0,0,0,0,,,
DC_9_81,McDonnell Douglas,MD_81,N/A,A series of five_abreast single_aisle airliners developed by McDonnel Doubglas,DC9,DC9-80,Passenger,976,2,0,FAA TCDS DC9 / Airport Planning MD80,Single,Medium Range,Baseline,Commercial,,,,,0,Validation,1980,172,,Turbofan,III,0.913352462,Wingspan,JT8D_209,JT8D_217 / JT8D_217A / JT8D_217C / JT8D_219,2,,,,0,63958,63504,58061,53525,35330,,31167.84,0.556342908,0.842860292,0.065541698,,16340,,,,,,32.85,45.02,9.2,1.287,28,6.16,116.66,No Wingtip Device,4.0259,0.208928571,9.250150009,,,,1,142343.1,171256.54,43992,Commercial Aircraft Turbine Fuel   conforming to P&W Specificaation 522,0.8,22129,,Pratt & Whitney,1979,,"dual, axial 14-stage compressor / four-stage turbine",,85628.27,71171.55,21996,,1.82,17.4,,0.8,10668,2081.08,1.25,1.5,1.71,3.92,0.51,0.72,1,0,,6,0,7,0,1,0,3,12370,,8150,,,,213.6,,580,,Roux / JT8D-200  TCDS,1.226339341,Training,0.274901479,C,,0.84,,,11277.6,0,,13.87892067,,,17.60212183,17.60212183,544.3511058,12,,,,0,0,0,0,0,0,,,
DC_9_82,McDonnell Douglas,MD_82,N/A,A series of five_abreast single_aisle airliners developed by McDonnel Doubglas,DC9,DC9-80,Passenger,976,2,0,FAA TCDS DC9 / Airport Planning MD80,Single,Medium Range,Variant,Commercial,,,,,0,Training,1981,172,,Turbofan,III,0.913352462,Wingspan,JT8D_209,JT8D_217 / JT8D_217A / JT8D_219,2,,,,0,68266,67812,58967,55338,35369,,31206.84,0.521574353,0.816050257,0.061377927,,16340,,,,,,32.85,45.03,9.2,1.287,28,6.16,116.66,No Wingtip Device,4.0259,0.208928571,9.250150009,,,,1,142343.1,171256.54,43992,Commercial Aircraft Turbine Fuel   conforming to P&W Specificaation 522,0.8,22129,,Pratt & Whitney,1979,,"dual, axial 14-stage compressor / four-stage turbine",,85628.27,71171.55,21996,,1.82,17.4,,0.8,10668,2081.08,1.25,1.5,1.71,3.92,0.51,0.72,1,0,,6,0,7,0,1,0,3,12370,,8150,,,,213.6,,580,,Roux / JT8D-200  TCDS,1.226339341,Training,0.257437379,C,,0.84,,,11277.6,0,,14.82044231,,,17.60212183,17.60212183,581.2789302,12,,,,0,0,0,0,0,0,,,
DC_9_83,McDonnell Douglas,MD_83,N/A,A series of five_abreast single_aisle airliners developed by McDonnel Doubglas,DC9,DC9-80,Passenger,976,2,0,FAA TCDS DC9 / Airport Planning MD80,Single,Medium Range,Variant,Commercial,,,,,0,Training,1985,172,,Turbofan,III,0.913352462,Wingspan,JT8D_209,JT8D_217 / JT8D_217A / JT8D_217C / JT8D_219,2,,,,0,73028,72575,63276,55338,36145,,31982.84,0.498036514,0.762493972,0.057349776,,16340,,,,,,32.85,45.02,9.2,1.287,28,6.16,116.66,No Wingtip Device,4.0259,0.208928571,9.250150009,,,,1,142343.1,171256.54,43992,Commercial Aircraft Turbine Fuel   conforming to P&W Specificaation 522,0.8,26426,,Pratt & Whitney,1979,,"dual, axial 14-stage compressor / four-stage turbine",,85628.27,71171.55,21996,,1.82,17.4,,0.8,10668,2081.08,1.25,1.5,1.71,3.92,0.51,0.72,1,0,,6,0,7,0,1,0,3,12370,,8150,,,,213.6,,580,,Roux / JT8D-200  TCDS,1.226339341,Training,0.240542109,C,,0.84,,,11277.6,0,,15.86140507,,,17.60212183,17.60212183,622.1069775,12,,,,0,0,0,0,0,0,,,
DC_9_87,McDonnell Douglas,MD_87,N/A,A series of five_abreast single_aisle airliners developed by McDonnel Doubglas,DC9,DC9-80,Passenger,976,2,0,FAA TCDS DC9 / Airport Planning MD80,Single,Medium Range,Variant,Commercial,,,,,0,Training,1987,139,,Turbofan,III,0.913352462,Wingspan,JT8D_219,JT8D_217A / JT8D_217C,2,,,,0,63957,63503,58060,50802,33237,,28987.74,0.523392596,0.799993701,0.066914319,,13205,,,,,,32.85,39.75,9.5,1.289,28,6.642,118.31,No Wingtip Device,4.0259,0.194068052,9.121143606,,,,1,168142.78,193052.82,46618,Commercial Aircraft Turbine Fuel   conforming to P&W Specificaation 522,0.8,22126,,Pratt & Whitney,1985,,"dual, axial 14-stage compressor, four-stage turbine",,96526.41,84071.39,23309,1.91,1.77,19.2,,0.76,10668,2124.63,1.25,1.43,1.71,3.92,0.52,0.74,1,0,,6,0,7,0,1,0,3,12350,,8150,,,,221.4,,580,1411,Roux / JT8D TCDS,1.234992652,Training,0.309893809,C,,0.82,,,11277.6,0,,13.09691243,,,17.50304275,17.50304275,536.7509086,12,,,,0,0,0,0,0,0,,,
DC_10_10,McDonnell Douglas,N/A,N/A,an American trijet double aisle_body aircraft manufactured by McDonnell Douglas,DC10,DC10-10,Passenger,386,3,0,FAA TCDS DC10 / Airport Planning DC10,Double,Long Range,Baseline,Commercial,,,,,0,Training,1971,399,270,Turbofan,IV,0.958552056,TailHeight,CF6_6D,CF6_6D1 / CF6_6D1A / CF6_6K / CF6_6K2,3,4630000,,,0,196406,195045,164881,151954,108940,,97814.29,0.558537773,0.779071496,0.05704176,,37905,,,,,,47.35,55.55,17.53,3.248,38,11.77,346.5,No Wingtip Device,7.6373228,0.27595582,6.470483405,,,,1,500424.93,524445.33,121170,"Kerosene type fuels JP_4 and JP_5, Jet A, A_1 and B, JP_8",0.8,82376,,General Electric,1970,,high bypass turbofan: coaxial  front fan driven by multi-stage low pressure turbine,,174815.11,166808.31,40390,,5.72,24.3,,0.8,10668,3708.57,2.195,2.39,2.67,4.78,0.35,0.65,1,0,,1,0,16,0,2,0,5,9925,,3810,0.99009901,,0.900900901,591,,880,,Roux /  CF6 E23EA_Rev_21 TCDS,1.19392797,Training,0.274092021,C,,0.88,,,12801.6,0,,15.47633181,,,16.39572758,16.39572758,562.9004329,12,,,,0,0,0,0,0,0,,,
DC_10_40,McDonnell Douglas,N/A,N/A,an American trijet double aisle_body aircraft manufactured by McDonnell Douglas,DC10,DC10-40,Passenger,386,3,0,FAA TCDS DC10 / Airport Planning DC10,Double,Long Range,Baseline,Commercial,,,,,0,Validation,1972,399,255,Turbofan,IV,0.966792528,Wingspan,JT9D_59A,JT9D_20 / JT9D_20J,3,,,,0,253105,251744,182798,166922,122567,,110129.51,0.486871584,0.663062476,0.049405309,,37905,,,,,,50.39,55.54,17.55,2.79,38,11.85,362.16,No Wingtip Device,7.512812,0.235443038,7.011133477,,,,1,597440.64,690186.06,159468,"Kerosene type fuels JP_4 and JP_5, Jet A, A_1 and B, JP_9",0.8,137509,,Pratt & Whitney ,1974,,"turbofan, dual axial 16 stage compressor",,230062.02,199146.88,53156,,4.9,24.5,,0.85,10668,4145.83,2.428,2.47,2.47,3.92,0.37,0.63,1,0,,4,0,11,0,2,0,4,8011,,3780,,,,743.4,,650,,Roux / JT9D E3NE TCDS,1.221301471,Training,0.279471836,C,,0.88,,,12801.6,0,,15.17797732,,,16.91626018,16.91626018,695.1181798,12,,,,0,0,0,0,0,0,,,
DC_10_30,McDonnell Douglas,N/A,N/A,an American trijet double aisle_body aircraft manufactured by McDonnell Douglas,DC10,DC10-30,Passenger,386,3,0,FAA TCDS DC10 / Airport Planning DC10,Double,Long Range,Baseline,Commercial,,,,,0,Validation,1972,399,255,Turbofan,IV,0.96698439,Wingspan,CF6_50C,CF6_50A / CF6_50CA / CF6_50C1 / CF6_50C2 / CF6_50C2B / CF6_50C,3,8334000,,,0,253105,251744,182798,166922,120742,,108541.273,0.479622156,0.663062476,0.048464817,,37905,,,,,,50.4,55.35,17.55,2.79,38,11.85,362.16,No Wingtip Device,7.512812,0.235443038,7.013916501,,,,1,617857.98,672571.11,148125,"Kerosene type fuels JP_4 and JP_5, Jet A, A_1 and B, JP_9",0.8,137509,,General Electric,1973,,"turbofan, two_spool, high bypass",,224190.37,205952.66,49375,,4.26,29.3,,0.8,10668,4066.909,2.195,2.3876,2.667,4.6482,0.39,0.66,1,0,,3,0,14,0,2,0,4,10761,,4102,0.913242009,,0.836820084,658.2,,910,,"Roux, FAA TCDS E23EA",1.206403659,Training,0.272339147,C,,0.88,,,12801.6,0,,16.34026456,,,16.91910311,16.91910311,695.1181798,12,,,,0,0,0,0,0,0,,,
DC_10_30F,McDonnell Douglas,"KC_10A, KDC_10",N/A,an American trijet double aisle_body aircraft manufactured by McDonnell Douglas,DC10,DC10-30,Mixed Pax and Cargo,386,3,0,FAA TCDS DC10 / Airport Planning DC10 / EASA TCDS DC__10 and MD__11 ,Double,Long Range,Variant,Commercial,,,,,0,Training,1973,399,255,Turbofan,IV,0.96698439,Wingspan,CF6_50C,CF6_50A / CF6_50CA / CF6_50C1 / CF6_50C2 / CF6_50C2B / CF6_50C,3,,,,0,253105,251744,186427,177355,121904,,109703.273,0.484237956,0.704505371,0.048464817,,37905,,,,,,50.4,55.35,17.55,2.79,38,11.85,362.16,No Wingtip Device,7.512812,0.235443038,7.013916501,,,,1,617857.98,672571.11,148125,"Kerosene type fuels JP_4 and JP_5, Jet A, A_1 and B, JP_10",0.8,137509,,General Electric,1973,,"turbofan, two_spool, high bypass",,224190.37,205952.66,49375,,4.26,29.3,,0.8,10668,4066.909,2.195,2.3876,2.667,4.6482,0.39,0.66,1,0,,3,0,14,0,2,0,4,10761,,4102,0.913242009,,0.836820084,658.2,,910,,"Roux, FAA TCDS E23EA",1.206403659,Training,0.272339147,C,,0.88,,,12801.6,0,,16.34026456,,,16.91910311,16.91910311,695.1181798,12,,,,0,0,0,0,0,0,,,
DC_10_10F,McDonnell Douglas,N/A,N/A,an American trijet double aisle_body aircraft manufactured by McDonnell Douglas,DC10,DC10-10,Mixed Pax and Cargo,386,3,0,FAA TCDS DC10 / Airport Planning DC10,Double,Long Range,Variant,Commercial,,,,,0,Training,1974,399,255,Turbofan,IV,0.958552056,TailHeight,CF6_6D,CF6_6D1 / CF6_6D1A / CF6_6K / CF6_6K2,3,,,,0,200942,199581,164881,151956,110563,,99437.29,0.553975579,0.761375081,0.055745336,,37905,,,,,,47.35,55.55,17.53,3.248,38,11.77,346.5,No Wingtip Device,7.6373228,0.27595582,6.470483405,,,,1,500424.93,524445.33,121170,"Kerosene type fuels JP_4 and JP_5, Jet A, A_1 and B, JP_8",0.8,82376,,General Electric,1970,,high bypass turbofan: coaxial  front fan driven by multi-stage low pressure turbine,,174815.11,166808.31,40390,,5.72,24.3,,0.8,10668,3708.57,2.195,2.39,2.67,4.78,0.35,0.65,1,0,,1,0,16,0,2,0,5,9925,,3810,0.99009901,,0.900900901,591,,880,,Roux /  CF6 E23EA_Rev_21 TCDS,1.19392797,Training,0.267862564,C,,0.88,,,12801.6,0,,15.83625204,,,16.39572758,16.39572758,575.991342,12,,,,0,0,0,0,0,0,,,
DC_10_40F,McDonnell Douglas,N/A,N/A,an American trijet double aisle_body aircraft manufactured by McDonnell Douglas,DC10,DC10-40,Mixed Pax and Cargo,386,3,0,FAA TCDS DC10 / Airport Planning DC10,Double,Long Range,Variant,Commercial,,,,,0,Validation,1976,399,255,Turbofan,IV,0.966792528,Wingspan,JT9D_59A,,3,,,,0,253105,251744,186427,177355,123728,,111290.51,0.491483412,0.704505371,0.049405309,,37905,,,,,,50.39,55.54,17.55,2.79,38,11.85,362.16,No Wingtip Device,7.512812,0.235443038,7.011133477,,,,1,597440.64,690186.06,159468,"Kerosene type fuels JP_4 and JP_5, Jet A, A_1 and B, JP_8",0.8,137509,,Pratt & Whitney ,1974,,"turbofan, dual axial 16 stage compressor",,230062.02,199146.88,53156,,4.9,24.5,,0.85,10668,4145.83,2.428,2.47,2.47,3.92,0.37,0.63,1,0,,4,0,11,0,2,0,4,8011,,3780,,,,743.4,,650,,Roux / JT9D E3NE TCDS,1.221301471,Training,0.279471836,C,,0.88,,,12801.6,0,,15.17797732,,,16.91626018,16.91626018,695.1181798,12,,,,0,0,0,0,0,0,,,
DC_10_15,McDonnell Douglas,N/A,N/A,an American trijet double aisle_body aircraft manufactured by McDonnell Douglas,DC10,DC10-10,Passenger,386,3,0,FAA TCDS DC10 ,Double,Long Range,Variant,Commercial,,,,,0,Training,1981,380,,Turbofan,IV,0.958552056,TailHeight,CF6_50C2_F,,3,,,,0,196406,195045,164881,151954,108940,,,0.558537773,0.779071496,,,36100,,,,,,47.35,55.55,17.53,3.248,38,11.77,346.5,No Wingtip Device,7.6373228,0.27595582,6.470483405,,,,1,577156.74,608516.7,154197,"Kerosene type fuels JP_4 and JP_5, Jet A, A_1 and B, JP_8",0.8,,,General Electric,1981,,,,202838.9,192385.58,51399,,4.64,26.3,,0.8,10668,,2.195,2.667,2.667,,,0.63,1,0,,3,0,14,0,2,0,4,10761,,4067.5,0.913242009,,0.898472597,631.9,,910,,Roux /  DC10 TCDS,1.199185671,Training,0.318030427,C,,0.88,,,12801.6,0,,12.16150201,,,16.39572758,16.39572758,562.9004329,12,,,,0,0,0,0,0,0,,,
MD_11,McDonnell Douglas,N/A,N/A,an American tri_jet double aisle_body airliner manufactures by American manufacturer McDonnell Douglas and later by Boeing,MD11,MD11,Passenger,200,2,0,FAA TCDS DC10  / EASA TCDS DC__10 and MD__11 / MD11 Airport Planning Manual ,Double,Medium Range,Baseline,Commercial,,,,,0,Training,1990,410,323,Turbofan,IV,0.996914859,Wingspan,CF6_80C2D1F,PW_4460 / PW_4462,3,,,,0,278052,276691,213868,278052,128808,,115485.99,0.46553014,1.004918844,0.048147609,,38950,,,,,,51.96,61.21,17.6,2.793,38,12.656,373.419,Fence,7.51332,0.220685841,7.230059531,,,,1,750103.62,809887.71,,"Kerosene type fuels JP_4 and JP_5, Jet A, A_1 and B, JP_8",0.8,146173,,General Electric,1988,,"dual rotor, axial flow high bypass turbofan",,269962.57,252347.61,,,5.03,31.8,,,,4440.67,2.362,2.83,2.69,4.27,0.32,,1,0,,4,0,14,0,2,0,5,11055,,3854,0.85106383,,0.888888889,,,925,,,1.199706775,Training,0.298373857,C,,0.87,,,13167.36,0,,,,,16.93971689,18.26267498,740.9665818,12,,,,0,0,0,0,0,0,,,
MD_11F,McDonnell Douglas,N/A,N/A,an American tri_jet double aisle_body airliner manufactures by American manufacturer McDonnell Douglas and later by Boeing,MD11,MD11,Cargo,200,2,0,FAA TCDS DC10  / EASA TCDS DC__10 and MD__11 / MD11 Airport Planning Manual,,Medium Range,Variant,N/A,,,,,0,Training,1990,,,Turbofan,IV,0.996914859,Wingspan,CF6_80C2D1F,PW_4460 / PW_4462,3,,,,0,278052,276691,213868,278052,128808,,115485.99,0.46553014,1.004918844,0.048147609,,,,,,,,51.96,61.21,17.6,2.793,38,12.656,373.419,Fence,7.51332,0.220685841,7.230059531,,,,1,750103.62,809887.71,,"Kerosene type fuels JP_4 and JP_5, Jet A, A_1 and B, JP_8",0.8,146173,,General Electric,1988,,"dual rotor, axial flow high bypass turbofan",,269962.57,252347.61,,,5.03,31.8,,,,4440.67,2.362,2.83,2.69,4.27,0.32,,1,0,,4,0,14,0,2,0,5,11055,,3854,0.85106383,,0.888888889,,,925,,,1.199706775,Training,0.298373857,C,,0.87,,,13167.36,0,,,,,16.93971689,18.26267498,740.9665818,12,,,,0,0,0,0,0,0,,,
MD_10_10F,McDonnell Douglas,N/A,N/A,an American trijet double aisle_body aircraft manufactured by McDonnell Douglas,MD10,MD10-10,Cargo,386,,,FAA TCDS DC10 / Airport Planning DC10,,Long Range,Variant,N/A,,,,,0,Training,2000,,0,Turbofan,,,,CF6_6D,CF6_6K,3,,,,0,200942,199581,170097,161025,97976,,86850.29,0.490908453,0.806815278,0.055745336,,,,,,,,,,,,,,,No Wingtip Device,7.6373228,,,,,,1,500424.93,524445.33,121170,"Kerosene type fuels JP_4 and JP_5, Jet A, A_1 and B, JP_8",0.8,82376,,General Electric,1970,,high bypass turbofan: coaxial  front fan driven by multi-stage low pressure turbine,,174815.11,166808.31,40390,,5.72,24.3,,0.8,10668,3708.57,2.195,2.39,2.67,4.78,0.35,0.65,1,0,,1,0,16,0,2,0,5,9925,,3810,0.99009901,,0.900900901,591,,880,,Roux /  CF6 E23EA_Rev_21 TCDS,1.19392797,Training,0.267862564,C,,0.85,,,12801.6,0,,15.83625204,,,,,,12,,,,0,0,0,0,0,0,,,
MD_88,McDonnell Douglas,N/A,N/A,A series of five_abreast single_aisle airliners developed by McDonnel Doubglas,DC9,MD-80,Passenger,,2,0,FAA TCDS DC9 / Airport Planning MD80,Single,Medium Range,Baseline,Commercial,,,,,0,Validation,1987,172,,Turbofan,III,0.913352462,Wingspan,JT8D_217A,JT8D_217C / JT8D_219,2,,,,0,68266,67812,58967,55338,35369,,31175.08,0.521574353,0.816050257,0.061846281,,16340,,,,,,32.85,45.02,9.2,1.287,28,6.16,116.66,No Wingtip Device,4.0259,0.208928571,9.250150009,,,,1,160135.98,185490.84,,Commercial Aircraft Turbine Fuel   conforming to P&W Specification 522,0.8,22129,,Pratt & Whitney,1981,,,,92745.42,80067.99,,,1.77,18.6,,0.8,10668,2096.96,1.25,1.5,1.71,3.917,0.53,0.75,1,0,,6,0,7,0,1,0,3,12550,,8350,,,,220.4,,580,,,1.232195153,Training,0.278834756,C,,0.84,,,11277.6,0,,,,,17.60212183,17.60212183,581.2789302,12,,,,0,0,0,0,0,0,,,
MD_90_30,McDonnell Douglas,N/A,N/A,"Low wing, tee tail, jet transport powered by 2 aft fuselage mounted high bypass turbofan engines",DC9,MD-80,Passenger,,2,0,FAA TCDS DC9 / Brochure MD90 / EASA TCDS MD_90_30,Single,Medium Range,Variant,Commercial,,,,,0,Training,1994,153,,Turbofan,III,0.914742649,Wingspan,V2525_D5,V2528_D5 ,2,,,,0,73028,72802,64410,59874,,17679.2,,,0.822422461,0.07128925,0.242839482,14535,,,,37404.2,0.946358965,32.9,43,9.3,1.285,28,6.154,116.54,No Wingtip Device,4.0259,0.20880728,9.287883988,,,,1,212625,222411.08,51360,"Jet A, A_1, and Jet B, JP_4 and JP_5, JP_8",0.8,22099,149.1,International Aero Engines AG (IAE),1993,,,,111200,106310,25680,,4.8,27.7,,0.8,10668,2595,1.682,1.715,1.715,3.201,0.36,0.57,1,,,4,,10,,2,0,5,,,,,,,,,610,,"EASA-TCDS E069
https://links.prattwhitney.com/i-a-e/products.html
Manufacturer Catalogue
https://booksite.elsevier.com/9780340741528/appendices/data-b/table-1/default.htm",,Validation,0.31141828,C,,0.825,,,11277.6,0,,13.62845467,,,17.63090765,17.63090765,624.6953836,12,,,,0,0,0,0,0,0,,,
L_1011_1,Lockheed Martin,L-1011-385-1,"TriStar, Stargazer",three engined commercial airliner. Baseline configuration,,,Passenger,249,3,6,"FAA A23WE
tristar500.net
EASA E.062
the-blueprints.com
Delta flight manual",Double,Long Range,Baseline,Commercial,,,,,0,Training,1975,345,256,Turbofan,IV,0.963473316,TailHeight,RB211_22B_02,RB211_22C_02,3,4963000,2350,,0,214095.599,213188.414,166921.992,153314.221,,72350,,,0.719148936,0.076129841,0.339371163,32775,,,,121355,0.756733666,47.6964,54.17,17.62,2.7064,37,12.4383,353.8167,No Wingtip Device,7.4549,0.217586005,6.429732042,,,,1,535650,547530,126708,Jet A-1,0.8028,90122.07275,5379.920279,Rolls Royce,1973,,triple spool medium bypass turbofan,,182510.53,178551.62,42236,,5,24.7,,0.85,10668,5410,2.154,2.438,2.687,5.19,0.384,0.63,1,0,,0,7,6,0,1,1,3,10611,7000,3900,93.7,101.5,101,,,700,,"Roux
EASA E062
UK CAA 1039",1.257414181,Training,0.261803419,C,,0.9,0.8,,12801.6,0,8.879029545,16.17662364,,,16.27699192,16.27699192,602.5391509,12,,,,0,0,0,0,0,0,,,
L_1011_100,Lockheed Martin,L-1011-385-14,"TriStar, Stargazer",slightly heavier variant,,,Passenger,,3,6,"FAA A23WE
tristar500.net
EASA E.062
the-blueprints.com",Double,Long Range,Variant,Commercial,,,,,0,Training,1975,345,256,Turbofan,IV,0.963473316,TailHeight,RB211_22B_02,"RB211_524B_02
RB211_524B3_02
RB211_524B4_02",3,4963000,2350,,0,212281.229,211374.044,166921.992,145149.558,,72350,,,0.686695278,0.076783316,0.342284221,32775,,,,121355,0.741782737,47.6964,54.17,17.62,2.7064,37,12.4383,353.8167,No Wingtip Device,7.4549,0.217586005,6.429732042,,,,1,535650,547530,126708,Jet A-1,0.8028,90122.07275,5379.920279,Rolls Royce,1973,,triple spool medium bypass turbofan,,182510.53,178551.62,42236,,5,24.7,,0.85,10668,5410,2.154,2.438,2.687,5.19,0.384,0.63,1,0,,0,7,6,0,1,1,3,10611,7000,3900,93.7,101.5,101,,,700,,"Roux
EASA E062
UK CAA 1039",1.257414181,Training,0.264050659,C,,0.9,0.8,,12801.6,0,8.785376776,16.03895021,,,16.27699192,16.27699192,597.4111567,12,,,,0,0,0,0,0,0,,,
L_1011_200,Lockheed Martin,L-1011-385-15,"TriStar, Stargazer",modifications to -1 that allow for greater MTOW,,,Passenger,,3,6,"FAA A23WE
tristar500.net
EASA E.062
the-blueprints.com",Double,Long Range,Variant,Commercial,,,,,0,Training,1975,345,256,Turbofan,IV,0.963473316,TailHeight,RB211_22B_02,"RB211_524B_02
RB211_524B3_02
RB211_524B4_02
RB211_524B4_D_02",3,6667000,2350,,0,232239.293,231332.109,166921.992,145149.558,,80875,,,0.627450978,0.070158873,0.349605597,32775,,,,129880,0.781121874,47.6964,54.17,17.62,2.7064,37,12.4383,353.8167,No Wingtip Device,7.4549,0.217586005,6.429732042,,,,1,535650,547530,126708,Jet A-1,0.8028,100741.156,6013.951171,Rolls Royce,1973,,triple spool medium bypass turbofan,,182510.53,178551.62,42236,,5,24.7,,0.85,10668,5410,2.154,2.438,2.687,5.19,0.384,0.63,1,0,,0,7,6,0,1,1,3,10611,7000,3900,93.7,101.5,101,,,700,,"Roux
EASA E062
UK CAA 1039",1.257414181,Training,0.241269817,C,,0.9,0.8,,13106.4,0,11.49465215,17.55335758,,,16.12112238,16.12112238,653.8190792,12,,,,0,0,0,0,0,0,,,
L_1011_500,Lockheed Martin,L-1011-385-3,"TriStar, Stargazer",modifications to -200 including longer wingspan and shorter fuselage,,,Passenger,,3,5,"FAA A23WE
tristar500.net
EASA E.062
the-blueprints.com",Double,Extended Range,Variant,Commercial,,,,,0,Training,1979,315,246,Turbofan,IV,0.961036669,Wingspan,RB211_524B_02,"RB211_524B3_02
RB211_524B4_02
RB211_524B4_D_02",3,9899000,2426,,0,232239.293,231332.109,166921.992,153314.221,,96872,,,0.662745097,0.065619944,0.41875726,29925,,,,141977,0.62936327,50.09,50.04,16.87,2.2707,38,11.9008,346.1718,No Wingtip Device,7.4549,0.190802299,7.247869699,,,,1,597570,655500,,Jet A-1,0.8028,120667.6632,7204.783259,Rolls Royce,1978,,triple spool medium bypass turbofan,,218496.64,199191.36,,,5,24.7,,,,5060,2.154,2.413,2.733,4.547,0.382,,1,0,,0,7,6,0,1,1,3,10611,7000,3900,94.5,102,103,686.3,,732,,"Roux
EASA E062
UK CAA 1043",1.257414181,Validation,0.28884694,C,,0.9,0.82,,13106.4,0,,,,,17.04467563,17.04467563,668.258099,12,,,,0,0,0,0,0,0,,,
Convair_880,General Dynamics,N/A,N/A,,,,Passenger,,,,,,,Variant,Commercial,,,,,0,Training,,,,Turbofan,,,,CJ_805_3,,,,,,0,,,,,,,,,,,,,,,,,,,,,,,,,,,,,,,,1,,,,,,,,General Electric,,,turbojet,,49820,,,,,,,,,,,,,,,,1,0,,0,0,17,0,3,0,1,,,,,,,,,,,ROUX,,Training,,C,,,,,,0,,,,,,,,12,,,,0,0,0,0,0,0,,,
Convair_990,General Dynamics,N/A,Coronado,,,,Passenger,,,,,,,Variant,Commercial,,,,,0,Training,,,,Turbofan,,,,CJ_805_23B,,,,,,0,,,,,,,,,,,,,,,,,,,,,,,,,,,,,,,,1,,,,,,,,General Electric,,,turbojet,,71616,,,,,13,,,,,,,,,0.53,,1,0,,0,0,17,0,3,0,1,,,,,,,,,,,ROUX,1.153149837,Training,,C,,,,,,0,,,,,,,,12,,,,0,0,0,0,0,0,,,
F28_Mark_1000,Fokker,N/A,Fellowship,,,,Passenger,,,,EASA A.037,,,Variant,Commercial,,,,,0,Training,,,,Turbofan,,,,RB183_Mk555_15,,,,,,0,,,,,,,,,,,,,,,,,,,,,,,,,,,,,,,,1,,,,,,,,,,,,,,,,,,,,,,,,,,,,,,,,,,,,,,,,,,,,,,,,,,,Training,,C,,,,,,0,,,,,,,,12,,,,0,0,0,0,0,0,,,
F28_Mark_2000,Fokker,N/A,Fellowship,,,,Passenger,,,,EASA A.037,,,Variant,Commercial,,,,,0,Training,,,,Turbofan,,,,RB183_Mk555_15,,,,,,0,,,,,,,,,,,,,,,,,,,,,,,,,,,,,,,,1,,,,,,,,,,,,,,,,,,,,,,,,,,,,,,,,,,,,,,,,,,,,,,,,,,,Training,,C,,,,,,0,,,,,,,,12,,,,0,0,0,0,0,0,,,
F28_Mark_3000,Fokker,  ,Fellowship,,,,Passenger,,,,EASA A.037,,,Variant,Commercial,,,,,0,Training,,,,Turbofan,,,,RB183_Mk555_15H,,,,,,0,,,,,,,,,,,,,,,,,,,,,,,,,,,,,,,,1,,,,,,,,,,,,,,,,,,,,,,,,,,,,,,,,,,,,,,,,,,,,,,,,,,,Training,,C,,,,,,0,,,,,,,,12,,,,0,0,0,0,0,0,,,
F28_Mark_4000,Fokker,N/A,Fellowship,,,,Passenger,,,,EASA A.037,,,Variant,Commercial,,,,,0,Training,,,,Turbofan,,,,RB183_Mk555_15H,,,,,,0,,,,,,,,,,,,,,,,,,,,,,,,,,,,,,,,1,,,,,,,,,,,,,,,,,,,,,,,,,,,,,,,,,,,,,,,,,,,,,,,,,,,Training,,C,,,,,,0,,,,,,,,12,,,,0,0,0,0,0,0,,,
F28_Mark_0070,Fokker,N/A,N/A,,,,Passenger,,,,EASA A.037,,,Variant,Commercial,,,,,0,Training,,,,Turbofan,,,,Tay_620_15,,,,,,0,,,,,,,,,,,,,,,,,,,,,,,,,,,,,,,,1,,,,,,,,,,,,,,,,,,,,,,,,,,,,,,,,,,,,,,,,,,,,,,,,,,,Training,,C,,,,,,0,,,,,,,,12,,,,0,0,0,0,0,0,,,
F28_Mark_0100,Fokker,N/A,N/A,,,,Passenger,,,,EASA A.037,,,Variant,Commercial,,,,,0,Training,,,,Turbofan,,,,Tay_620_15,,,,,,0,,,,,,,,,,,,,,,,,,,,,,,,,,,,,,,,1,,,,,,,,,,,,,,,,,,,,,,,,,,,,,,,,,,,,,,,,,,,,,,,,,,,Training,,C,,,,,,0,,,,,,,,12,,,,0,0,0,0,0,0,,,
ARJ_21_700_STD,Comac,N/A,"Xiangfeng, Soaring Phoenix",Comac ,,,Passenger,,,,"Civil Aviation Administration of China, GE Aviation Engine Data Sheet, Aircraft Characteristics for Airport Planning",Single,Short Range,Variant,Commercial,,,,,0,Training,2014,90,78,Turbofan,III,0.758763735,Wingspan,CF34_10A,,2,2222400,1700,,0,40580,40500,37665,33890,24955,,21598.416,0.61617284,0.836790123,0.082878617,,8550,,,,,,27.29,33.46,8.606,,25,,79.86,Canted,,,9.325621087,,,,1,,156933.2586,,,,12842,,General Electric,2011,,"An advanced 18,000 pound thrust class
turbofan. It is a member of GE’s family of highly successful
CF34 commercial jet engines and has been selected to
power the new COMAC ARJ21 aircraft family.",,78466.58168,,,,5,29,,,,1678.292,1.3716,,2.286,,,0.65,1,0,,3,0,9,0,1,0,4,,,,,,,,,,,GE catalog,1.295663289,Validation,0.394994182,C,,0.8,0.78,,10668,0,,,,,,,507.1374906,12,,,,0,0,0,0,0,0,,,
ARJ_21_700_ER,Comac,N/A,"Xiangfeng, Soaring Phoenix",Comac,,,Passenger,,,,"Civil Aviation Administration of China, GE Aviation Engine Data Sheet, Aircraft Characteristics for Airport Planning",Single,Short Range,Variant,Commercial,,,,,0,Training,2014,90,78,Turbofan,III,0.758763735,Wingspan,CF34_10A,,2,3704000,1900,,0,43580,43500,40455,33890,24955,,21598.416,0.573678161,0.77908046,0.077162851,,8550,,,,,,27.29,33.46,8.606,,25,,79.86,Canted,,,9.325621087,,,,1,,156933.2586,,,,12842,,General Electric,2011,,"An advanced 18,000 pound thrust class
turbofan. It is a member of GE’s family of highly successful
CF34 commercial jet engines and has been selected to
power the new COMAC ARJ21 aircraft family.",,78466.58168,,,,5,29,,,,1678.292,1.3716,,2.286,,,0.65,1,0,,3,0,9,0,1,0,4,,,,,,,,,,,GE catalog,1.295663289,Validation,0.367753204,C,,0.8,0.78,,10668,0,,,,,,,544.7032307,12,,,,0,0,0,0,0,0,,,
C919_STD,Comac,N/A,N/A,Comac,,,Passenger,,,,Aircraft Characteristics for Airport Planning,Single,Medium Range,Variant,Commercial,,,,,0,Training,2022,174,158,Turbofan,III,0.99537346,Wingspan,LEAP_1C,,2,4139220,,,0,75500,75100,67800,64600,45700,,37830,0.608521971,0.860186418,0.104793609,,16530,,,,,,35.8,38.9,11.95,,,,,Canted,,,,,,,1,255860,253263.9459,,,,24917,,CFM International,2016,,"turbofan, dual spool, high bypass Variations of LEAP-1C exixt, exact version unknown for COMAC 919. LEAP1C28 data entered. ",,129980,127930,,,11,40,,,,3935,1.96,2.695,2.714,4.505,,,1,0,,3,0,10,0,2,0,7,11105,,3835,0.884955752,,0.865800866,,,1025,,"LEAP Overview Brochure, EASA.E.110
Theer are 3 different type of these engines. Which one is selected is unknown for COMAC 919. LEAP1C28 data entered. ",1.301466089,Validation,0.352856063,C,,,0.785,,12100,0,,,,,,,,12,,,,0,0,0,0,0,0,,,
C919_ER,Comac,N/A,N/A,Comac,,,Passenger,,,,Aircraft Characteristics for Airport Planning,Single,Medium Range,Variant,Commercial,,,,,0,Training,2022,174,158,Turbofan,III,0.99537346,Wingspan,LEAP_1C,,2,5576372,,,0,79300,78900,67800,64600,45700,,37830,0.579214195,0.818757921,0.099746515,,16530,,,,,,35.8,38.9,11.95,,,,,Canted,,,,,,,1,255860,266893.2969,,,,24917,,CFM International,2016,,"turbofan, dual spool, high bypass Variations of LEAP-1C exixt, exact version unknown for COMAC 919. LEAP1C28 data entered. ",,129980,127930,,,11,40,,,,3935,1.96,2.695,2.714,4.505,,,1,0,,3,0,10,0,2,0,7,11105,,3835,0.884955752,,0.865800866,,,1025,,"LEAP Overview Brochure, EASA.E.110
Theer are 3 different type of these engines. Which one is selected is unknown for COMAC 919. LEAP1C28 data entered. ",1.301466089,Validation,0.335861728,C,,,0.785,,12100,0,,,,,,,,12,,,,0,0,0,0,0,0,,,
Mercure_100,Dassault,N/A,N/A,,,,Passenger,,,,,,,Variant,Commercial,,,,,0,Validation,,,,Turbofan,,,,JT8D_15,,,,,,0,,,,,,,,,,,,,,,,,,,,,,,,,,,,,,,,1,,,,,,,,Pratt & Whitney,1971,,"dual, axial 13-stage compressor/ four-stage turbine ",,68947.4,61163.05,21885,,1.03,16.5,,0.8,9144,1548.56,1.08,1.08,1.358,3.138,0.63,0.81,2,0,,6,0,7,0,1,0,3,12250,,8800,,,,146.1,,580,,Roux / JT8D TCDS,1.205495508,Training,,C,,,,,,0,,,,,,,,12,,,,0,0,0,0,0,0,,,
BAe_146_100,British Aerospace,N/A,Whisperjet,,,,Passenger,,,,,Single,Short Range,Variant,Commercial,,,,,0,Training,1983,100,,Turbofan,III,0.732350194,Wingspan,ALF502R_3A,"ALF502 R-3A
ALF502 R-5",4,3000000,,,0,38328,38101,35153,31071,,,,,0.815490407,0.063620377,,9500,,,,,,26.34,26.19,8.61,,,,77.3,,,,8.975363519,,,,1,112095.1847,119212.3393,,,,,11728,Avco Lycoming,1982,,,,31004,,,,5.71,11.6,,,,606,,1.27,1.27,1.621,0.41,,1,0,,2,0,7,1,2,0,2,,,,,,,,,,,"FAA E6NE
Roux",1.249593933,Training,0.318945022,C,,0.73,,,9448.8,0,,,,,,,492.8978008,12,,,,0,0,0,0,0,0,,,
BAe_146_200,British Aerospace,N/A,Whisperjet,,,,Passenger,,,,,Single,Short Range,Variant,Commercial,,,,,0,Training,1983,118,,Turbofan,III,0.732350194,Wingspan,ALF502R_3A,"ALF502 R-3A
ALF502 R-5",4,2910000,,,0,42410,42184,36740,34745,,,,,0.823653518,0.057462545,,11210,,,,,,26.34,28.55,8.61,,,,77.3,,,,8.975363519,,,,1,112095.1847,119212.3393,,,,,11728,Avco Lycoming,1982,,,,31004,,,,5.71,11.6,,,,606,,1.27,1.27,1.621,0.41,,1,0,,2,0,7,1,2,0,2,,,,,,,,,,,"FAA E6NE
Roux",1.249593933,Training,0.288074253,C,,0.73,,,9448.8,0,,,,,,,545.7179819,12,,,,0,0,0,0,0,0,,,
BAe_146_300,British Aerospace,N/A,Whisperjet,,,,Passenger,,,,,Single,Short Range,Variant,Commercial,,,,,0,Training,1988,118,,Turbofan,III,0.732350194,Wingspan,ALF502R_3A,"ALF502 R-3A
ALF502 R-5",4,2817000,,,0,45359,45132,39235,36514,,,,,0.809049012,0.05370912,,11210,,,,,,26.34,31,8.59,,,,77.3,,,,8.975363519,,,,1,112095.1847,119212.3393,,,,,11728,Avco Lycoming,1982,,,,31004,,,,5.71,11.6,,,,606,,1.27,1.27,1.621,0.41,,1,0,,2,0,7,1,2,0,2,,,,,,,,,,,"FAA E6NE
Roux",1.249593933,Training,0.269257385,C,,0.73,,,9448.8,0,,,,,,,583.85511,12,,,,0,0,0,0,0,0,,,
RJ70,British Aerospace,Avro RJ,Whisperjet,,,,Passenger,,,,,Single,Short Range,Variant,Commercial,,,,,0,Training,1993,100,,Turbofan,III,0.732350194,Wingspan,LF507_1F,,4,3075000,,,0,38328,38101,37875,32432,,,,,0.851211254,0.065953692,,9500,,,,,,26.34,26.19,8.61,,,,77.3,,,,8.975363519,,,,1,116454.4419,124550.2052,,,,,11728,"Lycoming
AlliedSignal
Honeywell Aerospace",1992,,,,31137.55,,,,5.7,13.8,,,,628.2254,1.016,1.05918,1.05918,1.48844,0.406,,1,1,,7,0,0,1,2,0,2,,,,,,,,,,,"FAA E6NE
https://www.jet-engine.net/civtfspec.htm",1.338607432,Training,0.333226143,C,,0.73,,,10668,0,,,,,,,492.8978008,12,,,,0,0,0,0,0,0,,,
RJ85,British Aerospace,Avro RJ,Whisperjet,,,,Passenger,,,,,Single,Short Range,Variant,Commercial,,,,,0,Training,1993,118,,Turbofan,III,0.732350194,Wingspan,LF507_1F,,4,2965000,,,0,42410,42184,38555,35833,,,,,0.849445287,0.059570017,,11210,,,,,,26.34,28.55,8.61,,,,77.3,,,,8.975363519,,,,1,116454.4419,124550.2052,,,,,11728,"Lycoming
AlliedSignal
Honeywell Aerospace",1992,,,,31137.55,,,,5.7,13.8,,,,628.2254,1.016,1.05918,1.05918,1.48844,0.406,,1,1,,7,0,0,1,2,0,2,,,,,,,,,,,"FAA E6NE
https://www.jet-engine.net/civtfspec.htm",1.338607432,Training,0.3009731,C,,0.73,,,10668,0,,,,,,,545.7179819,12,,,,0,0,0,0,0,0,,,
RJ100,British Aerospace,Avro RJ,Whisperjet,,,,Passenger,,,,,Single,Short Range,Variant,Commercial,,,,,0,Training,1993,124,,Turbofan,III,0.732350194,Wingspan,LF507_1F,,4,2760000,,,0,44451,44225,40142,37421,,,,,0.846150367,0.056820839,,11780,,,,,,26.34,31,8.59,,,,77.3,,,,8.975363519,,,,1,116454.4419,124550.2052,,,,,11728,"Lycoming
AlliedSignal
Honeywell Aerospace",1992,,,,31137.55,,,,5.7,13.8,,,,628.2254,1.016,1.05918,1.05918,1.48844,0.406,,1,1,,7,0,0,1,2,0,2,,,,,,,,,,,"FAA E6NE
https://www.jet-engine.net/civtfspec.htm",1.338607432,Training,0.287083081,C,,0.73,,,10668,0,,,,,,,572.1216041,12,,,,0,0,0,0,0,0,,,
HS_121_1,Hawker Siddely,"Airco DH.121, de Havilland DH.121",Trident,,,,Passenger,,,,,,,Variant,Commercial,,,,,0,Training,,,,Turbofan,,,,RB163_1_Mk505_5,Spey,,,,,0,,,,,,,,,,,,,,,,,,,,,,,,,,,,,,,,1,,,,,,,,,,,,,,,,,,,,,,,,,,,,,,,,,,,,,,,,,,,,,,,,,,,Training,,C,,,,,,0,,,,,,,,12,,,,0,0,0,0,0,0,,,
VC_10,Vickers Armstrongs,N/A,N/A,,,,Passenger,,,,,,,Variant,Commercial,,,,,0,Training,,,,Turbofan,,,,RR_Conway_Mk301,,,,,,0,,,,,,,,,,,,,,,,,,,,,,,,,,,,,,,,1,,,,,,,,,,,,,,,,,,,,,,,,,,,,,,,,,,,,,,,,,,,,,,,,,Almost no information about this at all. ,,Training,,C,,,,,,0,,,,,,,,12,,,,0,0,0,0,0,0,,,
One_Eleven_200,British Aircraft Corporation,"BAC-111, BAC 1-11",BAC_111_212/AR,currently under AIRBUS. ,BAC_111,BAC_111_200,Passenger,,2,,FAA TCDS No.A5EU,,,Variant,Commercial,,,,,0,Training,1966,79,,Turbofan,,,,Spey,Spey_506_14,2,,,,0,36514.186,36287.39,32205.058,29256.708,,,,,0.806249995,,,7505,,,,,,,,,,,,,,,,,,,,1,88875.46,92611.974,,,,,,,,,,,,,,,,,,,,,,,,,,,,,,,,,,,,,,,,,,,,,,,,,Training,0.260161125,C,,0.785,,,12192,0,,,,,,,,12,,,,0,0,0,0,0,0,,,
One_Eleven_217,British Aircraft Corporation,"BAC-111, BAC 1-11",BAC_111_204/AF,currently under AIRBUS. ,BAC_111,BAC_111_200,Passenger,,2,,FAA TCDS No.A5EU,,,Variant,Commercial,,,,,0,Training,1965,79,,Turbofan,,,,Spey,Spey_506_14C,2,,,,0,36514.186,36287.39,32205.058,29256.708,,,,,0.806249995,,,7505,,,,,,,,,,,,,,,,,,,,1,88875.46,94035.404,,,,,,,,,,,,,,,,,,,,,,,,,,,,,,,,,,,,,,,,,,,,,,,,,Training,0.264159756,C,,0.785,,,7620,0,,,,,,,,12,,,,0,0,0,0,0,0,,,
One_Eleven_300,British Aircraft Corporation,"BAC-111, BAC 1-11",N/A,,,,Passenger,,,,,,,Variant,Commercial,,,,,0,Validation,,,,Turbofan,,,,Spey,,,,,,0,,,,,,,,,,,,,,,,,,,,,,,,,,,,,,,,1,,,,,,,,,,,,,,,,,,,,,,,,,,,,,,,,,,,,,,,,,,,,,,,,,,,Training,,C,,,,,,0,,,,,,,,12,,,,0,0,0,0,0,0,,,
One_Eleven_400,British Aircraft Corporation,"BAC-111, BAC 1-11",BAC_111_410/AQ,currently under AIRBUS. ,BAC_111,BAC_400,Passenger,,2,,FAA TCDS No.A5EU,,,Variant,Commercial,,,,,0,Training,1966,79,,Turbofan,,,,Spey,Spey_511_14,2,,,,0,39689.332,39462.536,35380.205,31071.077,,,,,0.787356317,,,7505,,,,,,,,,,,,,,,,,,,,1,97327.088,101419.452,,,,,,,,,,,,,,,,,,,,,,,,,,,,,,,,,,,,,,,,,,,,,,,,,Training,0.261979471,C,,0.78,,,12192,0,,,,,,,,12,,,,0,0,0,0,0,0,,,
One_Eleven_475,British Aircraft Corporation,"BAC-111, BAC 1-11",N/A,,,,Passenger,,,,,,,Variant,Commercial,,,,,0,Training,,,,Turbofan,,,,Spey,,,,,,0,,,,,,,,,,,,,,,,,,,,,,,,,,,,,,,,1,,,,,,,,,,,,,,,,,,,,,,,,,,,,,,,,,,,,,,,,,,,,,,,,,,,Training,,C,,,,,,0,,,,,,,,12,,,,0,0,0,0,0,0,,,
One_Eleven_500,British Aircraft Corporation,"BAC-111, BAC 1-11",N/A,,,,Passenger,,,,,,,Variant,Commercial,,,,,0,Training,,,,Turbofan,,,,Spey,,,,,,0,,,,,,,,,,,,,,,,,,,,,,,,,,,,,,,,1,,,,,,,,,,,,,,,,,,,,,,,,,,,,,,,,,,,,,,,,,,,,,,,,,,,Training,,C,,,,,,0,,,,,,,,12,,,,0,0,0,0,0,0,,,
One_Eleven_670,British Aircraft Corporation,"BAC-111, BAC 1-11",N/A,,,,Passenger,,,,,,,Variant,Commercial,,,,,0,Training,,,,Turbofan,,,,Spey,,,,,,0,,,,,,,,,,,,,,,,,,,,,,,,,,,,,,,,1,,,,,,,,,,,,,,,,,,,,,,,,,,,,,,,,,,,,,,,,,,,,,,,,,,,Training,,C,,,,,,0,,,,,,,,12,,,,0,0,0,0,0,0,,,
B778_410_F,Boeing,N/A,N/A,"shortened-body derivative of the 777-9X, retaining the same
wingspan and Folding wing tip",,,Cargo,,2,,,,Long Range,Variant,N/A,,,,,0,Training,,,395,Turbofan,,,,GE9X_105B1A,,2,16190000,,,0,352441,351534,,,,,,,,0.054788442,,,,,,,,71.76,69.8,,,,,,Folding,,,,,,,1,920780,978608,,,,,,General Electric,2020,,"turbofan, two_spool, high_bypass",,489300,460390,,,9.9,60,,,,9630,,4.097,4.158,5.6896,,,1,0,,3,0,11,0,2,0,6,11119,,2510,0.859845228,,0.938086304,,,1052,,FAA TCDS No.E00095EN,1.313842834,Training,0.28377388,C,,,,,,0,,,,,,,,12,,,,0,0,0,0,0,0,,,
B778_410,Boeing,N/A,N/A,"shortened-body derivative of the 777-9X, retaining the same
wingspan and Folding wing tip",,,Passenger,,2,,,Double,Long Range,Variant,Commercial,,,,,0,Training,,,395,Turbofan,,,,GE9X_105B1A,,2,16190000,,,0,352441,351534,,,,,,,,0.054788442,,,,,,,,71.76,69.8,,,,,,Folding,,,,,,,1,920780,978608,,,,,,General Electric,2020,,"turbofan, two_spool, high_bypass",,489300,460390,,,9.9,60,,,,9630,,4.097,4.158,5.6896,,,1,0,,3,0,11,0,2,0,6,11119,,2510,0.859845228,,0.938086304,,,1052,,FAA TCDS No.E00095EN,1.313842834,Training,0.28377388,C,,,,,,0,,,,,,,,12,,,,0,0,0,0,0,0,,,
B779_411,Boeing,N/A,N/A, derivative of the 777-300ER with a new composite wing,,,Passenger,,2,,,Double,Long Range,Variant,Commercial,,,,,0,Training,,,426,Turbofan,VI,0.898599507,Wingspan,GE9X_105B1A,,2,13500000,,,0,352441,351534,266258,254918,,197228,,,0.725158875,0.054788442,0.561049571,,,,,,,71.76,76.73,19.53,2.6,32,14.113764,523,Folding,,0.184217336,9.846075717,,,,1,920780,978608,,,0.802837,197356,,General Electric,2020,,"turbofan, two_spool, high_bypass",,489300,460390,,,9.9,60,,,,9630,,4.097,4.158,5.6896,,,1,0,,3,0,11,0,2,0,6,11119,,2510,0.859845228,,0.938086304,,,1052,,FAA TCDS No.E00095EN,1.313842834,Training,0.28377388,C,,,,,,0,,,,,,,672.1491396,12,,,,0,0,0,0,0,0,,,
A380_841,Airbus,N/A,N/A,"massive passenger aircraft. 800+ seats, 4 engines",A380,A380-800,Passenger,251,2,18,"EASA A110
Airport Planning Manual
Airbus A380 Facts and Figures",Double,,Baseline,Commercial,,,,,0,Training,2006,868,545,Turbofan,VI,0.998652602,Wingspan,Trent_970B_84,Trent_970_84,4,14816000,2700,,0,562000,560000,386000,361000,277000,259471,252016,0.494642857,0.644642857,0.044614286,0.463341071,82460,,,,366915,0.526239047,79.75,72.73,24.1,3.98,33.5,17.67,845,Fence,,0.225240521,7.526701183,,,,1,1278400,1393240,,Jet-A,0.8,324339,1086,Rolls Royce,2004,,"triple spool, high bypass.",,348310,319600,,,8.5,41,,0.85,10668,6246,2.95,3.944,3.944,5.4775,,0.56,1,0,,0,8,6,0,1,1,5,12200,8300,2900,97.7,97.8,97.2,1204.288,,850,1870,"EASA TCDS E012
Roux
Trent 900 Brochure",1.280910907,Training,0.253611475,C,,0.89,0.85,,13100,0,14.77056206,,,,,,662.7218935,12,,,,0,0,0,0,0,0,,,
A380_842,Airbus,N/A,N/A,"massive passenger aircraft. 800+ seats, 4 engines",A380,A380-800,Passenger,,2,18,"EASA A110
Airport Planning Manual
Airbus A380 Facts and Figures",Double,,Variant,Commercial,,,,,0,Training,2006,868,545,Turbofan,VI,0.998652602,Wingspan,Trent_972B_84,"Trent_972_84
Trent_972E_84",4,14816000,2700,,0,562000,560000,386000,361000,277000,259471,252016,0.494642857,0.644642857,0.044614286,0.463341071,82460,,,,366915,0.526239047,79.75,72.73,24.1,3.98,33.5,17.67,845,Fence,,0.225240521,7.526701183,,,,1,1278400,1427240,,Jet-A,0.8,324339,1086,Rolls Royce,2005,,"triple spool, high bypass.",,356810,319600,,,8.5,41,,0.85,10668,6246,2.95,3.944,3.944,5.4775,,0.56,1,0,,0,8,6,0,1,1,5,12200,8300,2900,97.7,97.8,97.2,1204.288,,850,1870,"EASA TCDS E012
Roux
Trent 900 Brochure",1.280910907,Training,0.259800495,C,,0.89,0.85,,13100,0,14.77056206,,,,,,662.7218935,12,,,,0,0,0,0,0,0,,,
A380_861,Airbus,N/A,N/A,"massive passenger aircraft. 800+ seats, 4 engines",A380,A380-800,Passenger,,2,18,"EASA A110
Airport Planning Manual
Airbus A380 Facts and Figures",Double,,Variant,Commercial,,,,,0,Validation,2007,868,545,Turbofan,VI,0.998652602,Wingspan,GP_7270,,4,14816000,2700,,0,562000,560000,386000,361000,277000,259471,250128,0.494642857,0.644642857,0.047985714,0.463341071,82460,,,,368803,0.518425826,79.75,72.73,24.1,3.98,33.5,17.67,845,Fence,,0.225240521,7.526701183,,,,1,1307240,1329760,224000,Jet-A,0.8,324339,1086,Engine Alliance,2007,,dual spool high bypass,,332440,326810,56000,,8.7,45.6,43.9,0.85,10668,6718,,3.143,3.143,4.92,,,1,0,,5,0,9,0,2,0,6,10998,,2467,100,,100,,,970,,"EASA TCDS E026
Roux
GP7000 Brochure",1.290023602,Training,0.242056211,C,,0.89,0.85,,13100,0,,24.03633938,,,,,662.7218935,12,,,,0,0,0,0,0,0,,,
B73MAX2_1LE8,Boeing,N/A,MAX,,B737,B737-MAX,Passenger,"1,196",,,"FAA TCDS No. A16WE,
737 Airport Characteristics Planning Manual(D6_58325_6) ",Single,Long Range,Baseline,Commercial,,,,,0,Training,2021,200,,Turbofan,III,0.998709907,Wingspan,LEAP_1B28,,2,6482000,2450,,0,82417,82190,69308,65952,45000,20731,40488,0.547511863,0.802433386,0.054897189,0.252232632,19000,,,,44243,0.857695003,35.92,39.52,11.86,1.66,36,6.8,,Scimitar,,0.244117647,,,,,1,255238.9563,260817.0262,,Jet A,0.802837,25817,,,2016,,"turbofan, dual spool, high bypass",,130410,127620,,,9,40,,,,2256,1.7526,2.421,2.256,3.147,0.306,0.5355,1,0,,3,0,10,0,2,0,5,20171,,4586,0.85106383,,0.958772771,,,1013,,"LEAP Overview Brochure, 
TCDS E00088EN",1.301466089,Training,0.323480385,C,,0.82,,,12496.8,0,,,,,,,,12,,,,0,0,0,0,0,0,,,
